CREATE DATABASE  IF NOT EXISTS `semanariov3` /*!40100 DEFAULT CHARACTER SET utf8mb4 COLLATE utf8mb4_0900_ai_ci */ /*!80016 DEFAULT ENCRYPTION='N' */;
USE `semanariov3`;
-- MySQL dump 10.13  Distrib 8.0.25, for Linux (x86_64)
--
-- Host: localhost    Database: semanariov3
-- ------------------------------------------------------
-- Server version	8.0.27

/*!40101 SET @OLD_CHARACTER_SET_CLIENT=@@CHARACTER_SET_CLIENT */;
/*!40101 SET @OLD_CHARACTER_SET_RESULTS=@@CHARACTER_SET_RESULTS */;
/*!40101 SET @OLD_COLLATION_CONNECTION=@@COLLATION_CONNECTION */;
/*!50503 SET NAMES utf8 */;
/*!40103 SET @OLD_TIME_ZONE=@@TIME_ZONE */;
/*!40103 SET TIME_ZONE='+00:00' */;
/*!40014 SET @OLD_UNIQUE_CHECKS=@@UNIQUE_CHECKS, UNIQUE_CHECKS=0 */;
/*!40014 SET @OLD_FOREIGN_KEY_CHECKS=@@FOREIGN_KEY_CHECKS, FOREIGN_KEY_CHECKS=0 */;
/*!40101 SET @OLD_SQL_MODE=@@SQL_MODE, SQL_MODE='NO_AUTO_VALUE_ON_ZERO' */;
/*!40111 SET @OLD_SQL_NOTES=@@SQL_NOTES, SQL_NOTES=0 */;

--
-- Table structure for table `anuncios`
--

DROP TABLE IF EXISTS `anuncios`;
/*!40101 SET @saved_cs_client     = @@character_set_client */;
/*!50503 SET character_set_client = utf8mb4 */;
CREATE TABLE `anuncios` (
  `id` int NOT NULL AUTO_INCREMENT,
  `id_categoria` int DEFAULT NULL,
  `id_leitor` int NOT NULL,
  `titulo` varchar(512) NOT NULL,
  `texto` text NOT NULL,
  `tel_num` varchar(11) DEFAULT NULL,
  `email` varchar(50) DEFAULT NULL,
  `accepted_at` timestamp NULL DEFAULT NULL,
  `created_at` timestamp NULL DEFAULT CURRENT_TIMESTAMP,
  `updated_at` timestamp NULL DEFAULT CURRENT_TIMESTAMP ON UPDATE CURRENT_TIMESTAMP,
  `deleted_at` timestamp NULL DEFAULT NULL,
  PRIMARY KEY (`id`),
  KEY `fk_anuncios_1` (`id_leitor`),
  KEY `fk_anuncios_2_idx` (`id_categoria`),
  CONSTRAINT `fk_anuncios_1` FOREIGN KEY (`id_leitor`) REFERENCES `leitores` (`id_leitor`),
  CONSTRAINT `fk_anuncios_2` FOREIGN KEY (`id_categoria`) REFERENCES `anuncios_categorias` (`id`) ON DELETE CASCADE
) ENGINE=InnoDB AUTO_INCREMENT=15 DEFAULT CHARSET=utf8mb4 COLLATE=utf8mb4_0900_ai_ci;
/*!40101 SET character_set_client = @saved_cs_client */;

--
-- Dumping data for table `anuncios`
--

LOCK TABLES `anuncios` WRITE;
/*!40000 ALTER TABLE `anuncios` DISABLE KEYS */;
INSERT INTO `anuncios` VALUES (3,2,5,'Vendo Ford Focus','Bom dia \n Vendo Ford Focus - Estacionado com 3 portas.','911111111','','2022-05-01 22:11:59','2022-04-04 16:56:31','2022-05-01 22:13:52',NULL),(6,6,5,'T2 OPEN SPACE','T2 - openspace -completamente renovado\n\n2 quartos\ncozinha + sala (openspace)\nwc renovado - com base de duche\ncozinha equipada e completamente nova\nc/elevador\nc/ lugar de garagem\nc/lareira na sala\n\n-5 min a pé do hospital São João (polo de Valongo)\n-supermercados (pingo doce e mercadona) nas proximidades\n-comercio na zona\n10 min do cruzamento do alto da maia e da areosa\nautoestradas na proximidade (bons acessos)','912222222','','2022-05-01 22:12:59','2022-05-01 21:36:19','2022-05-01 22:13:52',NULL),(7,6,5,'ANDAR MORADIA - T3','ALUGA-SE\nANDAR MORADIA - T3\nPróximo Hosp. S. João\nExige-se fiador ou caução\nRenda acessível','922222222','','2022-05-01 22:13:03','2022-05-01 21:36:19','2022-05-01 22:13:52',NULL),(9,7,5,'MESTRE SOARÉ','MESTRE SOARÉ\nPAGAMENTO DEPOIS DO RESULTADO\nVidente médium curandeiro, grande espiritualista em problemas de amor, negócios, aproximar, afastar, aconselhamento para problemas de mau olhado.Não há problema s/ solução. Pessoalmente ou à distancia. Ermesinde','931234565','',NULL,'2022-05-01 21:39:24','2022-05-01 21:49:02',NULL),(10,7,5,'Gabinete de Contabilidade','CONTAS VERDADEIRAS – GABINETE DE CONTABILIDADE\nPara tratar da sua contabilidade empresarial e particular.',NULL,NULL,NULL,'2022-05-01 21:39:24','2022-05-01 21:39:24',NULL),(11,8,5,'GEFORCE RTX 3090','Vários modelos de placas gráficas disponíveis em estoque, como:\n\nGEFORCE RTX 3090\nRTX 3080 Ti\nRTX 3080\nRTX 3070 Ti\nRTX 3070\nRTX 3060 Ti\nRTX 3060\nRADEON RX 6900 XT\nRadeon RX 6800 XT\nRadeon RX 6700 XT\nRadeon RX 5700 XT\n\nAs placas gráficas estão disponíveis em diferentes fabricantes, como Msi, Asus, Zotac, Evga, gigabyte e outros.\n\nNós apenas vendemos novas placas gráficas e originais.\n',NULL,NULL,NULL,'2022-05-01 21:40:13','2022-05-01 21:40:13',NULL),(12,8,5,'Macbook PRO i9','qui vem o macbook mais rápido de todos os tempos .. é novo e vem com acessórios completos, todos selados dentro da caixa.\n\nretina display, sons poderosos, e muita bateria e também vem com teclados melhorados borboleta.\n\nEspecificações: -\n\n15 \"tela Retina True Tone\n2.9GHz Six-core 8ª Geração i9\nTurbo Boost para 4.8Ghz\nSSD 4TB baseado em PCIe\nRadeon Pro Vega 20 4GB HBM2\n4x Thunderbolt 3 Portas\nMemória de 32 GB 2400MHz\nBarra de toque e ID de toque\n\noferta promocional\ncompre mais e consiga bons descontos ..!','12343421','',NULL,'2022-05-01 21:41:09','2022-05-01 21:41:09',NULL),(13,10,5,'Serviço de Corte de Chapa','SERVIÇO DE CORTE DE CHAPA\nPLASMA DE ALTA DEFINIÇÃO ATÉ 30 mm\nOXICORTE ATÉ 120 mm\nDIMENSÕES ATÉ 6000 x 2500 mm\nEQUIPAMENTO DE ÚLTIMA GERAÇÃO\nLOCALIZAÇÃO: PERAFITA, JUNTO À A28','11111111','chapa@chapa.pt',NULL,'2022-02-25 00:00:00','2022-02-25 00:00:00',NULL),(14,12,5,'CARPINTEIRO Polivalente Oficial 1ª','Empresa de construção civil\nprocura:\nCARPINTEIRO\nPolivalente Oficial 1ª\nLocal: Bélgica\nOferecemos excelentes condições de trabalho','919191919',NULL,NULL,'2022-04-01 00:00:00','2022-04-01 00:00:00',NULL);
/*!40000 ALTER TABLE `anuncios` ENABLE KEYS */;
UNLOCK TABLES;

--
-- Table structure for table `anuncios_accepted`
--

DROP TABLE IF EXISTS `anuncios_accepted`;
/*!40101 SET @saved_cs_client     = @@character_set_client */;
/*!50503 SET character_set_client = utf8mb4 */;
CREATE TABLE `anuncios_accepted` (
  `id_anuncio` int NOT NULL,
  `id_staff` int NOT NULL,
  `accepted_at` timestamp NULL DEFAULT CURRENT_TIMESTAMP,
  KEY `fk_anuncios_accepted_1_idx` (`id_anuncio`),
  KEY `fk_anuncios_accepted_2_idx` (`id_staff`),
  CONSTRAINT `fk_anuncios_accepted_1` FOREIGN KEY (`id_anuncio`) REFERENCES `anuncios` (`id`),
  CONSTRAINT `fk_anuncios_accepted_2` FOREIGN KEY (`id_staff`) REFERENCES `staff` (`id_staff`)
) ENGINE=InnoDB DEFAULT CHARSET=utf8mb4 COLLATE=utf8mb4_0900_ai_ci;
/*!40101 SET character_set_client = @saved_cs_client */;

--
-- Dumping data for table `anuncios_accepted`
--

LOCK TABLES `anuncios_accepted` WRITE;
/*!40000 ALTER TABLE `anuncios_accepted` DISABLE KEYS */;
INSERT INTO `anuncios_accepted` VALUES (3,10,'2022-05-01 22:11:59'),(6,10,'2022-05-01 22:12:59'),(7,10,'2022-05-01 22:13:03');
/*!40000 ALTER TABLE `anuncios_accepted` ENABLE KEYS */;
UNLOCK TABLES;

--
-- Table structure for table `anuncios_categorias`
--

DROP TABLE IF EXISTS `anuncios_categorias`;
/*!40101 SET @saved_cs_client     = @@character_set_client */;
/*!50503 SET character_set_client = utf8mb4 */;
CREATE TABLE `anuncios_categorias` (
  `id` int NOT NULL AUTO_INCREMENT,
  `descricao` varchar(512) NOT NULL,
  `created_at` timestamp NULL DEFAULT CURRENT_TIMESTAMP,
  `updated_at` timestamp NULL DEFAULT CURRENT_TIMESTAMP ON UPDATE CURRENT_TIMESTAMP,
  `deleted_at` timestamp NULL DEFAULT NULL,
  PRIMARY KEY (`id`)
) ENGINE=InnoDB AUTO_INCREMENT=17 DEFAULT CHARSET=utf8mb4 COLLATE=utf8mb4_0900_ai_ci;
/*!40101 SET character_set_client = @saved_cs_client */;

--
-- Dumping data for table `anuncios_categorias`
--

LOCK TABLES `anuncios_categorias` WRITE;
/*!40000 ALTER TABLE `anuncios_categorias` DISABLE KEYS */;
INSERT INTO `anuncios_categorias` VALUES (2,'Automóvel','2022-04-04 16:30:59','2022-04-04 16:30:59',NULL),(5,'Casas de Férias','2022-04-04 16:33:52','2022-04-04 16:33:52',NULL),(6,'Imobiliário','2022-05-01 21:34:36','2022-05-01 21:34:36',NULL),(7,'Diversos','2022-05-01 21:34:36','2022-05-01 21:34:36',NULL),(8,'Tecnologia','2022-05-01 21:34:36','2022-05-01 21:34:36',NULL),(9,'Saúde','2022-05-01 21:34:36','2022-05-01 21:34:36',NULL),(10,'Outros Serviços','2022-05-01 21:34:36','2022-05-01 21:34:36',NULL),(11,'Moda','2022-05-01 21:34:36','2022-05-01 21:34:36',NULL),(12,'Emprego','2022-05-01 21:34:36','2022-05-01 21:34:36',NULL),(13,'Desporto','2022-05-01 21:34:36','2022-05-01 21:34:36',NULL),(14,'Animais','2022-05-01 21:34:36','2022-05-01 21:34:36',NULL),(15,'Lar e Jardim','2022-05-01 21:34:36','2022-05-01 21:34:36',NULL),(16,'Ensino','2022-05-01 21:34:36','2022-05-01 21:34:36',NULL);
/*!40000 ALTER TABLE `anuncios_categorias` ENABLE KEYS */;
UNLOCK TABLES;

--
-- Table structure for table `anuncios_media`
--

DROP TABLE IF EXISTS `anuncios_media`;
/*!40101 SET @saved_cs_client     = @@character_set_client */;
/*!50503 SET character_set_client = utf8mb4 */;
CREATE TABLE `anuncios_media` (
  `id` int NOT NULL AUTO_INCREMENT,
  `id_anuncio` int NOT NULL,
  `caption` varchar(512) NOT NULL,
  `ficheiro` longblob,
  `extensao` varchar(5) NOT NULL,
  `created_at` timestamp NULL DEFAULT CURRENT_TIMESTAMP,
  `updated_at` timestamp NULL DEFAULT CURRENT_TIMESTAMP ON UPDATE CURRENT_TIMESTAMP,
  `deleted_at` timestamp NULL DEFAULT NULL,
  PRIMARY KEY (`id`),
  KEY `fk_anuncios_media_1_idx` (`id_anuncio`),
  CONSTRAINT `fk_anuncios_media_1` FOREIGN KEY (`id_anuncio`) REFERENCES `anuncios` (`id`)
) ENGINE=InnoDB AUTO_INCREMENT=2 DEFAULT CHARSET=utf8mb4 COLLATE=utf8mb4_0900_ai_ci;
/*!40101 SET character_set_client = @saved_cs_client */;

--
-- Dumping data for table `anuncios_media`
--

LOCK TABLES `anuncios_media` WRITE;
/*!40000 ALTER TABLE `anuncios_media` DISABLE KEYS */;
INSERT INTO `anuncios_media` VALUES (1,14,'Carpinteiro Oferta',_binary 'PNG\r\n\Z\n\0\0\0\rIHDR\0\0@\0\0\0\0\0&\\\\0\0\0sRGB\0\\\0\0\0gAMA\0\0a\0\0\0	pHYs\0\0\\0\0\\od\0\0IDATx^\u\F\x{\I23I&ǎ!fflftv\n\\\\\\\\̶\\\\\\\\.m\4q\d\\z\jmAI*}?ZRmMm>{\\ٹ\8\Z\\\01f=\7	0\֣\'k\K˫K+\molml>\O?%\\\cLdussu}ummqyuZ[]_\X_}\V-0t}\\21\\\\\\\\\W\\\\\\\\\\\\\\\\\\\\\\%\>~\\ӟ\_H_>}\ѣQz]\\\\\\]\Flb\ZL~\l\ّӿ>{\\#잭\\Gˏl.?zR[[KkkssK˳\SS\\X\\\\(V=DtyyEz1:o\ϟ؄\\\񡡡9\l\\V7F\\\Çw\\\\\\}\}ۻ{\=\Zy80t\0#\cc\\S\\;\\\ijn-.)KM\HHL\\\)-\'\\\\NO111aaaQQQ\xzz:999888;9zz\DG&\'%d$G\;8\P(yz\ǫﳫ?|qaח\\]g\d.-£ , - )+/- )))\"\"r\M			999uuu\r\r\r\nElai\Z旟W[\P_\XUU_WRZRUR\\L\\\\6)666!!Cl;6\\\\\\\\\\\\fG*Hq]=\r\c\JQ\\!m\\ro28c!w\Z\F\J&rY\\Zq]jAֆ1a~.&\3cm[+wwװД\Ԣ⺆\֖\ƶ\\\\_Rb[O\###8VVV\\\666P\\\\Q\\`CVPPPXX\\\ƟYYYS^^^[[[WWaUUUYYYII	1\cQ?\T55՝wZ5087`<@%,*.15\\\\\\\\\\\`\\\\\\\Vrw\Zhkٓ8\pv	g\nΗ-\\\^\\A~SS}YVr}\\Hx*U*\P:\T&\D>\\\%ݎZ\^U\\ᬫoh``l`hlhD2/ddDq.a-o&(	c=[\/2:\Ș7dhGDFONonԎH?~\\Ƴ\[pO>~\\fpJ\Zӌ\Ċ\[jbddJTtt\\\\\\KJNC#\HsJ\M6:\\\`-0%I/\!$\\E\H\\\a0>>	\rcw\wvݹ\{\^{ooS[{[{goߝ\w1H\r\rdȀj\\\K8;\'ꚺƦTSW\\\PSS zGGGc\\\\\\@t\\ۓ\0pw	IL	𵷲\VV\t\C\0}_^\\\뫋?|yu\\\'ݸ,y[YN\\]ENUU^U]QYU\0u떴=YXXXYY\11pq/))m\0Ą4¼\bq+FaILL}}}\\\\m-l-\lLLlL\UU$\9{@\^+)LGyN	1u\B\5;V{UEv3\\48\\]Q\Fxؚ8ZX\͌&T[KCwg@\\\\\ƶ榶\Ƭ\\b;\Z`w:\PQ@/\.2\\"ݹsA ph\\c\tpLX^^	\'V1c~~>[222k1=䫪nhhD5mmkC\\\N\\\:\\\\\\bgimj`&\'$%pKLGG]RRWA\\\G-\ݺ8#dd\\\'O\\\"\\(\\\\Ҍ\$wP\\,E4Y\\[\\P<\\131\\\\\\\E\\\;  ǶΩw`[!B]\n!\ȎΎW\Ўz<\\\\OL\n\ڽ\\2\rNHL\\\FHg\]b@k\`Jr0n\\Յma닏ͭ`\o\}S\n`q0}\0\\n	\0!l\"֋\"C\\\]\\{\\w\ރ\03l\\$0hzz\\=22\\\ݻ\w\uuL0X2\XE0cÌ\00P\nÒ\\䔴\\*8\f1\\WVV\"\!EFF\"8b\	\nYZZ!666N>aA\a\Qa X``4?\\\Gg\\}_\\յ\_]\\e\0l\\\	^(!ġ u*K\zT\na(\\\...X\\\\\\lkgeie\\픔Z]]dg\EG\\\&$gcӈ\^\\\\20+C,00\0#\\\jc\hfjo`hM\I\\dn^=&s\n1m\\\\/Z\^Qf\\\\\m\m%\f$z\\H\LYԚ`aI3е\;X\<]m|#23ʫ\\ښ\\\\n*<-J\w5\d\0*[=!\۷oas\za	p1Ҝ\$:|=)/j\Zk\\lk\˫*32\\"Bh&f:j\+w \Pp\P \@P\\X\\\\\\\Ǐ\`\\¨\ɚɾ`˘su-¤2~-@H\rmlm\-v`O<\"<\@\\Z667\\GO76\3\ɘŀ\N7<=<\돞\\\\\\\\\\\C\ˤ6\Vߢ\\E jqq `pH\˨sk\K[+ko\\0˓\'OP\p\\\'3iY:\\\o\\\\O^\naE\\\3\ӌ{94B\"\\"\{\&\E_<C_\\\<644r\\w\\\Zzaཀ+\n}䡾\w!X1#4\\^\]u\r_WMm=Wa$L~-DC#c|\GDIzx/\N\\\60;Og?ϐ`\\\PԈȸ踨Ps/+˩|G\0짯o\\\\\3x\\G.1)Ik*H\ZZ\;8;8X9:ؑ\\n\nO\n$W\'g{+kS3s}/Դ\Ⲝ\\\\\ȈԴ\lDp\0\\d\"c7\\/]--\h&T //\e\\\Tjr\\>i&r\F\A\A\Eߕ\"\~\U]\^\R\H]O**@\T72067ww\r	K\H*.ɫlk\j\,--rs*(w0+5,7*un\N\юʀڅ\BFd`HdAcZ8Re\YDDVێ!A8\"=\M\]ljjjll\J˫kj[\j\scc\Ã<<lM\rdbƊ,u\\rsý\nccK\n\}\nB\n#}|JB\SZ*\'\l\=}Ep\|F\N\ay+EK\"MW:\H&\L.\T!\B5\^:\\0\\\"0\\l\'~QH=G~\\\Rf0̼n`x}\\΀z\r]\0l{mncunsen\'VVHm;CkkX\\2]dlaKKt\zml.R8\no\8\1\d(\'fKE\A\ZAE\k33sX4>>988\0aow6\\Ⴧ$̀.[m\\0c@TqI\h\e\\a<F^$G\C4D\\\arpp\0J\00/Oo/Wo\ P0,::!.>9.2\\\D\AX~y.\/\\_==\\C7Ή\\\R\V16ִ3uuZQ\0#o`:99ZY\ZQ\r5\<lrALت6!:*!*rۄ!È#\8\\\\\bnj ,*$,\,\zI\\"E༶\=3d%y\^\IǕ\"\!\!\FsܴSi$h(ç(\"\',/EQU\\շ23trON+(̮-onkmi(\\.Ϸ(UڛT\P\p:ò\\\\0E$\v!bkl&\"\'1E>k\\⒊D?OWsC,E^TKB@_Z\^S\\T\'\\(\\*\ߩ$ܻ(ƿ<1\")\Ҹ\(\h\\DĠ\P\00cuea\M\2\L\"\\W\\%-\f\\0\d\]\0[ۀCZ\Z_x\\\5R\^L66V\\Qc-j^\w\\ZhM\	p\\\\EEw]\y\%\\\\\\Ç\0\\\\4v޻pZ$\0-\0yH2\jk\ohjhl1\xUV\\0Wق|a~>q)))d$dȋwxp\\\	\\\\\\\\pqvuE\IK7cc&\\8\\?~zbקǾ\\خ\$!&sGYZDCC\\X\\\\\\X/Ѕ\\\\Z\ih*k\:X\ƅ\-VvJJZ||\"\0\D\'&%H\\\\'\5	0X6\\\RW*#!%\/(\*\~YU\\%CK4\K\M/]euR\q\\\Ԓp\sҖב֒1\V\TSSUԠh\[Y{%Ded&64V6t6Զ\%f9\\-\\\r\`\o\0w\\d\\dLaaa\uE=Ĕyyy-\/0\\\\\\\@CA]_C[_\Q\fBVqUSA{YUYU\ZQZX\_P\_\\^\Z]\\P976dk/\"\D\"\坍82S#%\t\dhr9\n\0O\g&\0c(R\k\0\\05 @x{\9ǯ.C``}}mmy}spHˏ6\wYI=\g\67e,g1\L<VWV0\"\\#\\'Oq0 μG	^\0쯤P\p\k\0\e*N\\_q7ƸUfB1P*LYP}Q`\rs\03P1W\\&&\\0\##0a\P\\\QЋm\pc0gd\r\6+Ы$\'xST\\\Z	g[\\\\\\\\\\\d\\`\D{dP@|LBjrZbT\r\Pڱ}W~sy\gGw\\<\'d\ؿ\w_p/\-!yY5-53cGG{/G;\\\ҌMQU\\Qvt2\n\\L\\\\RSӓR\`QQYjVffQQaYiiqQHFO\RSe	^0H&\Z\Zjbl,7Dخ*\\\n]\\ݺb\"u\\UE}3\\%\+szh	yQE\n~\:Q\v)\>Q\!A>\޾~Qaa\I	\EM\\r\\}]}]}mmm\\eE4RsJJ[}`>\M\w;\\W\0Z\02ԟ陙\\7a\qHH-ocmaanbbL\/YD.*(4\TSTUɡ#\a(\%+`bK\t1\/	r+NLMˈ\*R\K\	\XZYS\Z?vwceg4N\ϟ\O\G\\˨\\kj/\NNv2TNJ\\d\\e\r-̕r-\2=\\	MO ,#\פ\`؀\(_\C;_0aO\0h`\ð\\E\[{\`;\ZHEX^\XBl~h铝\zGac=\Ď\ Զ`\,y\ڂ[^_[Fl^^\\ZXZ[^[X^[W4\#rR\[E\\َĸpA/\/8@\\\\\?J\0yl^C\\Zj\"`bދĭ\y,@ҋ0p_\5222<:\n\\ZG@ɩ񉩑\qhxd&\"\\\\\nW[Uյap]55-\\ݭ@ZJjzXxdLl\\Bb\\zZJnFzavfaVJnZBVrlFJ\\V6qǩ495\7(\\\\\\\\\\\\\\\\\\Β\\`\\\b#z\]\'yd~\??\\7>w\Փ9d*)-\'&$+ySA<\H\\D\\L\\\\\\\\\D_HQ\גwu6\\L\ˁ\*\\\\\`\cb\0\\\򲒒\\(7;3%1.&22\"$\\\\\\\\HOSUF\\\\"7YN+q_\n^2Bj.s\\\	]\s|\'Nߺb\\\A0t\{\\%ETtvvR\\\\`<\\\\\\\\\\\\\Ɔ\t;\lc\B3r+\*[\\0\۩%;\^{\\\\\\\\*ylG\\fumcyemzfǽ988\\\05342\50ԡ\qZQUV\Z\\\\\\^\\RPQ\bn--Ϧ&\a&\\\"\}+\H.\T9\F3\٨۲8Ȯ<ܹ2֧&!&-\0όnȊA*%\")<1<KONm,\x\մ83xΈŸ\]]]^X\Z?p$79\\1\D-MO.[O1\@)\D9\\\\Z\J#\Ѡ*ƣtsrjx~ena}~u8\0m4\`z\.1J#\5(N\\M;y#Cī\0c\\Flg\x-3`0o\O\\+OXBQ1DŌ$@C\277\r\4H\0A\\FAa;\\"\\\\\\wbXZVU^QV\\^~ahX@`tL$\0V][\ZLoV_X\\\obiK\\\\\ҧ\\ZX9Y&Ee\&d\\'Eh)ȱ?~ǯ\\O~\\\\跟8立w\8y\18n\TS\TU\բ\\C4\Z\0stP)E)5y1\0\\\2>>$7\'=?7 0;;799\),#=XiIQaAA\\0`gGW}Ce9\\,gzQ\Lnt\5Ki&+9\0\Bg\rD/I߰U\\0<u=|-U\C\+r\Ee$]5\Z&\G|ey\\&\\\dW[kEJlIV0b[BOǦ\{\\\0g\\<o\\\\\]]\\\0\\cXX\\-!K+S77Ќ\Ɩ\\\꺔\0/k=mmI!Ulf=\ct+{\\Wc\0$ء\"µ*ί.)x\'N\rLH\	\-53\Ckk+/\\0V\oJ\\W\\W\1R\3UɳT)Q/\\w6\0\0{i\0þ#E5J\\|S\0\'\\0@/\\r&\w\'\0G\nc+!\'\$\fgI\r3\,$K޾;\\\UYUA$\\\\\Z:\0;=\\\00W7ȰԢܲ<8\@8\\ꂢ\TO \0L]CS^^VIA^WS\\\\\:2\3-&,71%#&\\QFX\}\'w}q\N\\\\\\\\/.\\\\b;#\WOd|JM^\\XYN,E\[0a\\:z@?\T\$T\D4\Mcss2\0\\,0,55JIIc\@/\\hJrtL\\pp\'ۍ,	\8uIO\\&\\r[7leXeYL_\.!e\\\\/\M	v\.L\\jX\\^&^\Bڎe\=yEG?o?]^^_\Z\\l\%\0fo[fiTamXh\aߘ\\\\0[\؂pZ677\'\'\'\\\\\rr񊊊+,\++/F}\\\0\Q\\`6a\vWBk(d\"i!c㬟\nB}E8\0\[`n3,%\ĺڲ{++K\\3}bo<?5#\%\\3\P1\P%oV`VjQbU\b\\\`\0`\=շhsek}y}o\\P\0d\ \/\\\\0iZ;\0CEd\.`$~VQrhH(09G;\0D;\\0X\\w>	0@C23=3G\n	\\\0\:0Ðil\ln\\꺋i\\\\#]\\\\CSzED\'\Gfg\\`lNRjFxT\\\::\7-&<-6&\\\XS\\?\W\/َ|\v;c\q\\s\G3{\\\=w\\\\	ߐP\RS\Q\M\\\\02677\0(%[rEyiFꁁ\\\0Xn Co8&&&&\x`e\yٰ^ [2\WhTo@+<7\e\맅O)p\n^3a6aa-b+\b)\l\"y\rCx/+yV;eNG580o}Q\(w{K3\D _\ \\r	\\\\\\ѩ\\\t[S\0,WbnXn_h\nא\\\VmOnl\\Z\\ȓbxx%)))00\\ӓxq\\\\\\\\\\= /22<11>##5// /+=#\"(\J_K떠 -6W._uPHTlBNQyuq]isEOuB p\eD`2#+Rê\\"\\c3\Zr\\Z*\!	ťى\mf&Yhe)ZRl)\Z\\\"WZ]O[m\\.\0lny_\r0b\d\f=V\0#w)\\\0{}\w!{Mmm,m-`\~	`;7d\izt$0\\"X<yB<)\+k\00V\X/dIPl\r%D\\8Pq\z\"7e~R\78\aFFF\A,%gf\\\X`؝::\\aH!XSSW{\ή\\pW\\Ԕ\̌\Ƞ@\?\\丨ب\8_\@[[{C]C-5M#m\'+p\@o+=1\G\C\2\\\\|ǿ\?\v\+|f\g\8\\!\ԕet(V&\6NNV\s/\0\00\M^&%EQ\X\0,??\0\\͆\HKKRS9y9WIqa^JsfrrBLh9\DEFFY\Yq֓g\o^6n%\ds\F\F\Rp`\";\\0\\\k(\o\E/Iߵ0;\nH\'\\\͍g\0\\\\\\TGKsyrLIVA~X}z\w\0\\\WϓCEBm5\\0zYn@WPoHP_PP@hh0LX|\\trRL*vDH8g\ZW\\d#3\\k\"{WOR\\0\`pX\\\W\0֘K0J͈n̈o\Ll\In,\h(xpI\6\Hv4Ve&\0X\J\N\0r\+v3\'\06wrzxvi_0 <7_Kު\0{}vWe\7FX/\\aH\<vJN\?\lA3bH5l\\\4\C}/P\n\6s\S\$޻\,\EK\\ֆ\\ގ\;\-myN\.	q\qQ!>\a>\1\ᾑ!a>A>AQI		\QQ1>NV4cGK /0?o{KqK\\\p]9}/p\{\NP\>{\\9\\\?^8v]SIikAssturs@/ccMM%\\\M!>v~\,Y/pXX\\'&\\\[\Z%`PFFZ&xUT_g\Z\\\ekmaIQ)\qU\<A/sT\\ŮZK\\%\j#\n%\j.\^JrySoZ)\x\ZW\\\r\n\Z[]\ C\k\\r0\F\\\\\\xzyxDDaFDx:\*\Pnrq\jFQ\\rŒi\\96J\%n%^e\e%!.q>UI4\h΍\UY\د\0XyAZFk\"qQ)\HDЂRdC)Өp\-t5\0\0{viee\oa\'^jm~}y~f>\0C$\/\\nI\Kp]^\`id\ZSn󫫳\\\\`\#X\00VZ_Fv\\\	P\74^D[Ě0.\"LIM\r	\nGtswC\\\=\}\CB\\\S҈I\aQ~\nv~n\\j,W\c\}~y\7\\G\%x\{c9\b;\oY~i7\~u\/\\\91>]Sw\M!!.N&֫L\o\g24\\0m\nKKK\0\\B&-59+3#\\aof#/rW襁%Bo3d-y\\Z\Z\Z\J\\\4ݴDMBmբ\\r󒃺[*G\4P\x\n:944TSS\r\ZBi\\\\\\\\DGSU▢ (W*w&_pxLbZfQYMy}icYkeour0\]mI-y	M9q9\r\q\rq\`.	f\Z<+Q/\\w6\0\0{蛄]2\nFp\\\0[_G__[[[\i`Kkxx\0cC=\S{\M!G(\>B\	\}\0F\\T\\\Ǜ\\6`+Kt\5>>9NB|\6,3ֻ]\\z0\Q0LF\0	3-\|\}F\"ad$\\\\\\ٙ%hlffh\\\0\J~\0\0\;:\;ZZ\k\\Z\ZZ\\ZZ[:\cc\\]\\lm\\\\}\|<]|<}\\|\\<],m\ͼ=C|\\"R2srғSc\Ã|}=\\,do=q\/?\Kv\}\g\:c:/?sLɑ\|u[ 3\\r^N&~\<9\p\\\T*\\-+-%TRRV\\\f\e\'\&F\y)Ki\\\a7j(|\P1=34\淮XIݰegU\Q\"\rP\vR\u\\\	02Ur\K\nq.J\\699ʅ\\0x\CD\͍\V\G\':[[*Sb3\iF\Z\\B\s\|+\\7뺴;\\ss+36<\xdxwe\Ys\B[\\7P\\듓㣢\bb#\\\\Cqq\\\\\`o*.,\Ť)p\F\C3@#X3\#` l*nm\[\a\\\cV\Z`[\P\\\\^\W\\\ZUݘל\VڒҜԔؐߐPߐД\\\\^Q0*\\1#ڬ,`St`)\D+\t==\<c3B+RkR\Bgêh׶\ݓ#ssk˫k6\L\\0`;F\\\0{\\\\\0[\\\_\'\0\0N\\Z;\`mm;vaggr뼤\">\0oY^JD B=ɰm=F\\'L\\\O8b\\$\0\0$}\8\\n5 yqvqnz	df\\'^>	,3ָ]\\\".z%I/Zt(<`H\ aD\Z\0617NN1@ݻn-#\r\ȶy/&\'7+2\",\\\\\\\su\r\n\n\rt5\65PQ}\l\=\"Bӓr\\蘰\@\0;{99\\\}\\8͗>웯\/\\\S\\?\\\Q]51=//W{{kx/ĭ[\l\<<L<\B\\`%\+jr\>99UUUUeť9\ɱ\IqQ\	\I!9\1\	Qa~V4=U9#	}QV83M)=\c\'@2\׭emdY\\\\\m\Ͻ\\5=u}\%\͕-U#\4܍2cj\n\\,έ <y|sA5CA{4746\\\V\`icQ@\*6\̵\\v1I\Z?6:07?\\ڳ\kO=}K1<#\\/,\z#!::288\\\\\\Z_M]M\\~rl!*\\\XD}\TS\k\,\W<B_ ۲0\\(ϊ䘆Ը\Ė䖂tR\i\I`g{qVOE؝.I!\0~Nk[Cy^JzSM-MG6*[`TdN)\(\.\.u5qh\\59>2?J<\'\0I\\D5aM\\0v軁h1K\ZH|\'z${\0	0%0l6M`&\08C\-}f\\`Kk++k\_(	pI\\DM0l~%o	-$,\1&a31=\G1v|v\f\ٹ0\0#o\'\&o*\OҐ᧻\ Ʀ\榎\\6<!1>4$(24$2x6 \\n\n	Ü͍\n:\ژ\xX`I\\\\iy\0XB\\|DXxHbc\Ӈ\?__\?\w\\?\O#E\\\T,MG\\\\\\\\\\\\@W]UUZJJHTGD\M.!!`LX]L\&/+&ɤ*+\\YW[SU]]YYVR^XX\\\\\Z\h\ac%g l(i(\j$\d,r\P\/\0v\@\\\\W,	\b+\J\\Zwyh\\H\"\D:\\\)L\\T\L+\M\\i[ZEBD@\0+2\ȵd9\$GW\0P@<[\\\\\Z\\骫\RR\"\"\\0S\ѽy\V\S\_-D+L;R\0K2{է\6\`17\0{)]D\\\*Y>,Ԩ\)\DV\0C\\1[NrL\\\QBK#l#aHvjaA~;\rfv~l|\=x8H\a$\0Fv\\\xvv!S\\T\OTn\Ņ%%E%\'Gc`oczKYV37Rp\0Rcr32\nrs\c\}<\\\}29jj\\t/\\|>?>\o}1\~\Ox\W\W\䝭FT}mUuq\0LL\@2\R\"0-!n\0\\ũ(30 \'#\'#6).(1\/6\\\\\\\\\Tl\"/j(ţ/΢/vUO좡eC\yO\\\=o(p\X\٭V\L$1\d\\y\;~\A40s9\0\\X\]Oҕz\\T!ҝ\\PS88\?;7	\\*j䘫g:T\'G\0c~kq̘\\ꨩ\\Ό\T\saeP`U\W\\䏣\n\'\\"`\Z2ڲSv\\0{)]D\׿~w\5tw\0D>[[!\\"\`Dy6u\Ɉc\GV,ALD\/0;Wy\0\c$fG4+v\H7\/ϟw+<\|Elc\\0]]]%p5\ѱѱ\q\\'p[I\\)VbdGQL@:0:\Z$-0ll\&`$$0[DB}qyyzq]^^X&\6=37>1MN\@(!v\\waȺ{\/~\Jfow\F4**\\\7*,4>*\"::+%%&==>-- \\\DKEJY&\a\	\\%@F~ARB1MEA\\\\~Ǐ\]\\\A>\\\\'՟?p\\[|,\Zr\4-s.EKUQMINMEVEQJVJDR\\PJBX\022\B\\\JRbr\.\ɱe%\%yYI\ɱAQna>42E^X^]\,\c\F\"go\\?A\=F\;\wN_಑\%sk\E\n\A5\\n7Wt՗ڪ\\\n\J+N\\8ITv\"̭om1m`8GFGg`F`fjY&UIQ-uuؤ?nA-z\A{{{yyEA~AVJr4,K\"G*O8/ZK ^&\0f&a\\j@8ж,ԩ4ҭ,ګ2.&!\0:\[3\\05姷fv\\\F\IG\VU\d8\\Z\\\XVV^Uk\0[A\'Z3l7\	g\"(zzj\V\0\'@\\\Ɠ\\';\"0Ĩ0;Zm!\FSԿ	Hέ\0_D%\\\0b/\\0\\\n	\Ѡ\\{f\\\+b\0Zz=%vx\\{\0lfa\YM\0\z\Z^\\\\X2\"Uu\\00\z&	[A>C¯\̈́lCxxd\>j\\\Z!\Jڀ\zz	DxuCu\r0a]=\0X_Ғ\ࠀ\А0\\nJLs7\\P\T6\Ri\\\'\\礕ai)~\Z\ZʊJ.>W_\g\Gt\"\EO\\?\w\\'|\??{h01\XO[OB\i\ji**\(\I)\JBr\Y\rE9eE(J\vq>\\љ\1с\An6z6Jz.\n2vD6	Cs&\0\z|G<y\\</|\H䪉\e\06d\8\\5|\%PsHk%\0\\T\VK\T\L\QC(L)\\(;̩8~O\\\=;\\\\\nhv\0ld\"%f\'\nL5\ԲhUum>l5p\z7n\iki*I0Qae\rR\Q\\r\\\L\\\\3mԲur\\M\\c\kB\ĎܴLج\7ޔ\\\\U^0vgeew\0l~rjd`\\0\~`VŖEκ;L\#B_JtHiozo\r0\\\\Ktc\%6\ryYOު\\	]\0\\0#b\Ɛl\\GI\0Fɑ!\\WRb$,\TU\45ݹUH\\'\0\\\"\\WeU\r\j0c\zzz\ww\\\DD\FFDObcCa\BC}-iꠗu\\WvzbqaXzjZxh\\'\ܡm|\z!?\\/|r|\W4\%-\r\,iV6榖&\VF\f\4`CQ!,%\dc\\\\\jfgEӒ\\]f>\i\սr\G)g\r\78gsRжxSO\	5y\H\N\8\\](|\zDC\3\+E\07I3e^}\FR7\TxuR|\s|+\\-MO\xm=\\\\µ/eeo\\\[lee\rC\\"3^]vR\\ۤ(4ġ\0\(Ɇc0(p\0[^Y\o\h\0\07\N)\\"D0*\\0\\ i\0#Va9\0$ENO&\g\	F\\\\\C\0[|\\\\4)A\\jrrJKߦ\\\ǚ\n\"\cR\\\"#@\0`\\\\dei`p`T7\?\\,(91)&*:( \\\\\\\\EFƅ\\>\\C&د\>\ۯ\"fOth\\\\\\\\\\\\\0;\9\ZZ\h\k`J0aTu93CuW{\ZEIHRI\\]\+}u*\AmSTa\3(gyNR9jr\\	L>L\\\3\.0;y6U/x^\\ncuSOUK䒁\5;Ev?[\	nA6yIDC\\\=zed\W$D4\\0#Ebl~aqxamVb$\/,\\0\ۤ\ߪ$\]\0\*\\,\a`\\ު\{}o\\\\\\\ήʂ\0c\w\4ȾU\#96\Oo=y\sh\2\Xx\\\\\\͕Յ\GkX\\nc\mllm?yB|aD a<\\\\I8;8557597=E}\0\\'\fOmn-o\0Wħ;\\n٥ř9\\ѩ1\	.a?Q/$\T\n\00	c\_Qqa9\Z\1f\'&2؉330jXo]Cc~iims󽡡\Yéi\d\\n\20608s7\\\W\\T]SGv%UPX\?҅\\\DDG$&\g%\FǄDEc\\\\\\bgcj`bL\4,}㢈^C0cdoh\Ջ\}\\\\\\\\\\??\}?>}\~\\\|{xx\0\M[\.6>\\a>\9z:ٺ\YX\5U5U\\E$eDu\e5MVz\j\\B|\Y.a9{\\n{Pf9\{\\	]\:\Ǵ9h\`I\\Q=\z\'O_0b%yawx\\\#\e h*fnafl\N0\\%p\\u[%=\PsH[\DOd\\{c\c\+0ako#\v/\/\:x91\\,\P-\P=F\5U˦f\VƇԏ\\\\\0\h\G\ZE7E\" \Z\Z\&.qW$\HyI2\2+rDj\h\&j.fi\K\4.,\r+stKOhΈ\\My\r:sۋڊ0\,\\(\k-\m-\\-}x\cd&_d&03;=4򰫧8=+\9\D-*+W`RYiYiZk\\\8W\0ˉ\\\M\AA\ne~\#8c_G\و\\\0\EfVh0b,]X\"KURz]a\\\'\d;S\0zW|+\\\\Z\0hu\\ڶ6זw,s嗝7\|\w\&w,mvfijr\">\kF|\\#,	\0\\\P_D6F$ l|\0[\0bs\T\Q \nӐ7H\\I\N/𛨔\\0\\\\\\\TGG\\\Җ3D\$-{B8\F\&\πNņ\\Ҳ\֖ʦƬ\\\\\$ۄ䘰\\Ĩذ@\_w?wGK*f\N6A\ѡၮA\\FҢ\N\\\~>\\'o\?\\\w>o>9\\#{<\Gd:\"\g\lc\\b\\\\\\\\hmoalaD5R4ddŅ\yX8r1\\R\VȋIrp1z\k\vs\\\Ay\\\Z\xN\r\\:\yX\&A\n\\n\cT~\뤾\)\\F\"gM\/XH\\beUd\\E%\\@/[p`\\rsF\\m\=\F-ց\j\\R]\\9.5Qţ\\Ѯ\\\$;\\l\\cSZaeBHoK\\\(\\K\\0.]$\6\޿]\Z!\+y#@9D=B;J\$S,\SU\m52\u]<},\\*B\]kc}\\SÛ3b^\0,\0\nڊڋ\n::[ZJ\\+Fw\\0[\Z \0V\o++WYh\0`\Z\6\%.qNm\nm^\ר13AL\\2o3Ĩ$\\Ή\0\0{	O\d@/҄1\0\1\riѐ!*4Ѧ\%f{\n2r**Z\Nn<g800\O@c\DsĮ\^0\0+F\0\\\NKO\\HKOJ\L\HπEDsw2\\ ]0\Z\Zhz8D;Z\R9o\\\W_~/>\\\o?\\\'\\\?;\?~K߱Lc;5ܗդu5dij4]\rHUNB\M>A._8u̱K޸x 3\5\맯9\|G\\Ec;\u\uL\!W4\~@/RZ\\n0s\p`62,6\[_\Z\Fb\JᶔpM^.ڒ&2ܚ|WT\OS\\Z^gu\\5Rt֋t(\M\\lX[^\\\\\\\=EQ\\">\\\nds+4Jv\K;T\D\&2\no-/\l\Z`\>\0\\`(	_\OPB$앝\0\O;\`\0oo\\\\\\\\/*jh\{wp|||\4M\\>\\0lt~wO0UT]U\\\\\Q\\^Btܞe\\%@9X\\{]\n\0f`f\d\\j\\\\\jg\"\~\\\~\?^9\\/y}+p|ȉ=R\'ȝ\#uvةGvs\\\'~xX\ (0(?\'/\up\+g9z\\\O\\\\+g\\<\ѽWO9wX&\E-\\(U*3r\GU\,\\>vݺl%q\V\^\2J[\&`.fnfh\+cz*¤\qN\,dY)|\\B:&aZѾ\1\\r\գK+N\0{+/\\OE\\;\0f&lfa\nʃ*\\\k\`]_\]M\c\?\0p\#\l\\"NZ^d/\\N!.-O.M-N[`\0l~nezj\0\\0\004!	\\Z\!\\13\"2\0#\rAŦ?盯o\\+(ij\"6:1	wJ\\/wEOvyp>\\bPsOwm[k]{[}G[ieizzjll4ѽalxzBTNj|~FRVrlj\\DrLXBdp)L\dF:\\Te3CU;7c?\0/{g\&>\\\\:\\oN}%y;\˻T.\RO\>+\U\b\-\O_pԏ\\;\z,\\s\.9\N\\\\\w\~\7_\W_\\χw}j\ח\}\'\\e;|@i\=ҵ\\\\\:-\;z\\ΛI\\29(p8z\\$\Bl`T\lԃ-Լ\(b\R*\\\\i]0n)\f\\H\(\/b\f\gU}ivz|emexo\\\\\\\\֪\4{T\,ClZZZAY|pgS\\\\\\ۓ6\NJbģ\\0F\n\\\lOWkϻX,\0n\@\r\\u7*(-wMMmLj\J\\K:K\\n\K\K\n:\n\no)-\j\"Qx\'V\Vg\gGz\\ʳr#\\)zҹzF\j:\\nt\jrN\/,K\03m}5O^\\n0\L_,/\"3\CJ.휘_\z\r`\\\\\0@T)FQ\0\N!YYA)@\\\0C\1Ĉřoo_ggפ\\\\Ҳ\\\CCd\`\\Ȯ\a`\0-0	~z\;\\0`5\e\\\QᑡaAVZ|$I\P	qh\ZTuEmUy03\n\\jo\\f\e\\\\b\"%\\$tȥ$\p\)\v)^\\%\\?ݵ_\\+?\\\v\8{\\\3ׯp\\C?\q\櫯\\O\\\>\͟\\\\\\\S`>\uވ1\i}\\:,0\n\\n\Sc\G\Er%\ZE\K\5[if\'%.Wx)-A/}QS`Pe8+\0Se7\5\\r7\d\"\l.\b!\j\\\\\'b\j\m\\VS82tnan}G\\0k\	,,sL+\\\\x\=\N\\\\\87Kw.w<#\0fa\\0\M\,\\*\\)/\(\\,)\.&Dfb!\pҁ^o\0l\0\\m\ΏH\HՓ\rMT\Ջ0KB\'jU`/[*\`]d\"c\o\00\\\n7\~>\0\\`HX;A\\V\\\I!0$\1L\Ç\QQ1\\յյu\=}0DCO6\1\\\VGg7u>\\\7k\\jn2\c#`\\ \@/Nv\F$EQ\Z37\p\r1tst5\ԑc?\'s\\\JW^ߣ~\{+{H\_\#ze\\\\\x䫏~\\?\\>w\ʥ\Gǽ\}\W_}\\?>\\?x\\<k\3$op\\=k\}ژ\I\\GXh\d9|\\"{qz+O\~޺h!u\Z憽:/@\@,\\\6\F\0V	4W1w\Z\bS`?}\\!kGU\\\	_5b5d2f\\+\b\e\\P\v\\j;.eY\\7T\\06>9\PWjk\\"\8v[\/2 \3\R3M_6GO>\@1FtH_l`\\0\~+!JaW<(D!1\$E\\\\vaɦg&&jk\\\<kj\\\\;;\M\\\0i@,V!}\f\-mu\r\]\VgW2\\@{\=\\-M\\\\9Y\I	1Q\VL?0hAȇ{\Z\)(ˈ\K\\PKE\XW\\L\ݑEǅĄ{\Ys]\0S[\.\_\_\MJ\n\O\\W\?\?t`י\\\\99yX9ϝr\f\\/>\~\w{\G8\So^49o pB\6\-\c\\\ǩ\k^\'t؎k\b9\\06\\w\L\\0f#{\R`wP\r\\1UQ\nR3QP\_~D\\ay\\\04\0L27\0d\Z笟\a\j\\^_3>::xCNe)S\\\0,/5\r\\+\]^\WV\^\VQ\\\4;9\0k\)J\L7\0\r\rMU?\0,}!\"3\\\\\\\\\\\\Vg7\^-z\'EX\'Q\0۹\\\Y\\\\yuU=\\g?cGcsD[\į\0c\	\\9{`D\00Xؕde\\0L)80d&\L|B{Ll|qI&dz\0p\0\n\00ֶ\zL	\\!_YUSV^Y54a\\\I\5wuWU\\\dg%$\'\Ɔz\x\\'%\:{Y{\[\j\K\IޔRIQyX\\]\}\2=\\}B5lU)\\e.({a]\v)^\nd\x\\w?}\\]\\co\\\\\\{:\ѳ>\\}?\\u\o\\\=g(34:g\"rv\0%*q*	B<\'ukq\d;zX)\\9I\sB.\1\k,|\D䜙\EK	\+\KVW\\<)A\J\\jVjJ U\\"\)k%Rf?\^7cL\\00\r@LN;-\\<\Ǿ8;nA\\\&\\\\\\\\\pwgseFREZz&\r$\[\ZD\V\\\\\o\\\&b+_\[),l>(ˎJJ\f刔\V\R\\\I\0\\R2\\s5\W\0`uu)aM\\\9\]%Y=\\\\\]\幽e9eU\\f\ɳ\!\"\X\u\\\\\;EQ	Vzz\T\\=\\C\\\0\D\B3\^\"\0\p\{6⠿v12a\'3\I_M-WSd8\':\0\MX\Nn1a\}!\"\B\\\擵GIOg\c\\V;V_	\\z`\tm\\=\0\_0%\\F?O~_d{~`X5\%\ GPH\B\W.90l{\\\\Ȃ\b(s\0ҝH\\\r^plVcSKUumyETT\\\n`_Ii9@\\߽s\\\\\5\\r\0Xfj|blp|ODkcSBsbK|SM\\\8\\,\\,\\8\Rǝ*n$~U\\\=\nw+]ڭra\\J|i\ʕȜ\%p;\\_\>\8\8X_r\\zG\3.\f9\{\T伅%s&7\	6\?\wB\\\6؏hީm\q!Ì`\	\<m.~\A\K\0XBJ-39n\@\0&\r\sNW芡\\r\,\\h\\\`.\Z|\RqZ)nFq\fq\Z\&G\W\VWǆv\0L\0ˠQ)\8K\Z`sDw-}t[Eǌ\0D\ngl\\\\\I^\ZbRL~2,!Q\0g:pXT|rzVnq\k\0{bUQuW\"\W\W\U\USsyn\\\]\n&8kp\0s۞`#K#fgRhg]Jo\f\mN$[\'}5k\=G0\0\n\	0\Z_\\}\0S?\0\ua\hA\Td0\rJH	3\\\`^\	3l\0uB\\"S\\ȦpT\=}\6\D`Hٳs1{vN\rEUNn~n^\u\\\ptt\\݁\\\ȨP?\'?7k_\0g\o\\\0\\0`?O{g;K#]-UI9)!yiA5Uɉ⪥䦥\.e(l zY\'\?(]٣zc\ZWk^ݯzeﶮ\%ZX\\ߧzm\Z\?]ۥt\\{\X)r\>/\qF\؍÷nc\\S\\f\"g\D/\0].R\:\A9\Q1=\0L>\qc\Sa.J\\>\\A4\ S\\0%w])\/]\R7LG8Ok\\􄯂a\jC+0aV쮚\0X-%\I/bo`\\P412H8w,ӈk\VSleu\\\HsuWb	e㊖\Q报\j\\\'\dR,\lU)y\9z4/\NU\ܮ\ڲ8\60M\\\HG6GVL^`S\\\0\\\\\\yZ^U	;p\\H\\\Sn|Y\\\\rF}}\\3kj\\鏯l2ċ\\\-@\F\rR\3-`C1\=\\rLWTԤ$GG8y89Y:\Z\\E\\999{ؙ\Z\+I\K+\\n+\\Q֕rkh^Se?/s\d.}p{\k{4Xi\a>Le>L~δi,t\~\\\گ\{H\\a\ú<	3:j.pȈ\pt`${\\yI\\0\CBDczF\\Zlh\a(x\R⢓@XE&͡\uFʁ[Wc=\s\0\\\1vQ_\Ldjv^5ؕVU<2poqnzy\;\0c\\0\W6g;Z\m\YC\9\\cc\4\u\%RLdS,l\'|7\\w}\0\ת<|\o\vM\ꂻUݕ\m\!OFF\\XTDTt\\jvC}\0\[E0{ex|\#\\\*U8v\0\\B\\\>\_3O\\\\\\\\\\\@\EED-\'׈bvC(s_<\0C^C\mdd\Z\n\n~\\/\<``\\00{\0\"\߻\`U~AQfVҲ\n쐾\\\ѡ۽JK^\0\cg\`\i\n\g\\\\dnmxKIOU\"˫*\\"\yAiً\\8[\.\V<ڕo5ożG\GR\\wi0\&?@\{l{\rX%ǲK\.\a}<G|	6<`¿ψg>\O )dF\v.k{a O>	\Pe?پ\x1`/w\]\WK8@W4\@\"H\\@\EK\\\GC\\\}\~]S\<\rQ\j]\n^6g\r\QMpЌU\r0SV/M\\57=ý\\0XeF!%٘nDI1Ј4̋k*xpvz\'3j\`\D^X[pKJ2ʲ\sE*qGFk	\\%H\\Ҭ\\T\r5Bo\R@\P\H8\P\3μ\\\\ae\\;uew\J\\ݫ)\*\T758\0~\d$\;XeInd@NTTL|&UPO5\HA>ܩ\\ѱ\\\5]t	\`;ӻ`i\\\	\"\EOt~+Ƙ`>\0\L\\\\G8\{\E\&k\'H\?E\Ha<@\	\r\r\\\<%\@tN?ٰpt>n|U\\\\\OӻGe\Á!L\\҆%^y\5u`!\0[ݾv\-+\n		puv61Դ\U\Sp\{Xچ\Xڛ\\J\`J\\\\gE/;On\ӻ$N}\\w\ngRƕﵯo\T~G2\b\0Lm\i\\\I.\A*A]\CG =|G<G\0uH!\prc?\0¯L\l\0Fzmz]\\\\@\r\\ӗԕS\gV\8\%q\ i(0US*\\'չ\h\Y\q`ކV\qvh\0YSż(\]m3cK;XefF\nM#\X\\n0\uzlf4\\]\\0a	\W\P\zt+\_ÁudT\Vޮ*S`5U\ZfGoBz7s#MC)RqJ%\e5䲴3\r\rk\H\,H>\0\\.FG\0laqzye~s%z\`(\n=u909\rʁ.80\mpp\	U \\A\¶c\'G\"\\0Haz8NXJ`-\pr}\}w\\\l\+)HMN\ZSd\r\oYR\\\4C#B<\L\tUª2\'\.\?G\䷒\':o\/~}{t\\a\K-k\+_dIm\\\8HJ\>\.\"\~*\>?\c<j\\?F\ݦD\&z\%oRX1D\zx]X<\y\[\dn8+zip\`p`zb޺\.\\[0^\0Q\/5\\yZ\"\10&L\"\/\0\e(fie)\gx\S\VugK\\\\\\\\\\[V\F\)44S\?\Z`s++ÓT	\@I\0\W#D3\%OO1\4UȰVɰW\v\\u\\s7x+\Z\#[\:R{\n\nnWߩ.[[`\\%-K϶p\nw$7:0ʜ\Z)&.@U\\SO3\\t2rk)\\2::0=?;F|Jpy*\0\0{M\\\V\?`f;l\b	uT\'\0`\\0 lm\0\	za$YGI[\0,c0#݄	FFF<x000\\ں:xҲ\nدA\hx\\\\\\\\6\nHJt㻴1tg6&T+\}p\\Ii\\\\\\\\\\UXPD|,$4\\\\\Όj\"IU1єr4R3\rv	t7\t\u\\\oH=\\]\\'=o\}}\\klț*WU51F\Bd߯Pѥ\M\\AT\}z\aȸ~\\?b xTo\D>\\";9Te\\7ƸHmH>\e-y\^\E\C\Gן*\s\\uTI\~_9\0)T\:\}V\Qy#`\Z\'ѧ2`03p)_ݛ\7h\r5C\s\0؋fV)\:i&\fZ&Z\\0A\\\+\\0oUT\\偱҂@8W4<{g0\0-{+\H\0˴Q\t \\\j`͙ѭ9	]\\9}UwjJk+\\Uߩ+g\0d}uv\\\'$\\`\5eq\QTDjfNnQQYQ{CE\\\S3uu\=oȓ	\yE$~\t\&{\fĶnN\W5gLS\kTm\ZH6m.6\0\ ni\Z^ީ\ٍET\'(}3\\0?\bw\0\H	MƯ\\@.{۩g`\_8ln-m\o\\\"\}\06::J\Z\"> nNb2AkŅ\Z^ٜ_^wvG\\ξ{\\r\%U\\w\Z\O.\LON/-\̬,-mA[sk\cSs\\#c\w\={wnGǝo`Lk\֮޶\\\``O,[)UEWU\S\\8Q\\̒C\R\"#ݭ\r,e\5\(^Qwԩ/e\|x;իկ\r\\dޯ\r@\'\r}*W~O$`\00mֽ0Rz?}\F\'H\\>\u\yβ_\X)^b\'Ð^/Zp\\:\'x\H䬙\%K\6r7X]չ\4=yu}DD|\rĽ\T\rEo(g:\r\\|L\\\n\I}Kd3zWDL\\Z{C\\\᱉\LG\#]\f\4D=(S\\0\\r\0.\'3\J\\Zgk^D\Ս\Յ\\\ᒌ`})/)@H%X-\\+J7*j(n*i娙묛\jX\I+5q.$Z!\\\0ˍk\Ol/L\,\\\\*StUߩ[W\S]\\P9r\\\"\*V6VggG\'F\5V\D;XEZY\\ۦ8:\'9;\;ڧ\fgw4\?\7:20\oy\l<\G\KH\^\\n\Hv\\;ӟƎ\"\ZH\|\0\|z¼U?\0\QaQ\\0[YY\\@9\<&F9QZvjni}jvi|z\Hc\\\Ʈ\\첚\z\[\5>\?prub~ktf}dzmlj\0[\\\\\Xؘ[\\\X<5>4:57:9710<6}\H@I;w`\\\]M\-\EyiQq~ގގ\f,\0|*jN\Or=L\\(7)2=\P\7\QK\ڞ\\0\\F/.x2Iz\s\)#\#/t\\"tq\yA/pK	RNػ`I/.\!\txO!{߰f+\d\\\F\$\\\E\\t\lxu]\q\ZRa?1@\\\0|\rD/˰Xʱ9a^:`E\^\fiGc)`+*\-.\\IxKsIqI\0%P\?\ {\0X]_}R\/hO\X56п>\0ko*ʌu\rqptsuK\\\c\\\\\\=\SkJ\:\\\MLL\ѮXG\\cc\S\0:~C5}\0ؿ`+++[X\c\\ɴ:N~rnnaf~yrvifauqu%GVf\'tU\4\4W5\U6\\׶\W4&\\W׷\\7\\?\s\\\\\:49xzikdzyhbvhbftz~`tȽ{#0a$0\\\4\7V\ԕ\g$\$EE{ڻ\\\Lt.Mgjulk,<\	{d\|z)]\\ÇX:l\0-8-\d~ȑt\"\~P\\'H\0\\\\"\IF@.qi9\28kr\ek\\0^$\YU9<4ytt=ݵ<tD]5̤\4y/\00evH\Ad0*t\H47\\\\5Dm4oXu6N<X@W\0lms}i}\~nbg4G,ُT\;\0V\eR\oY\P\R\Z\Q\^\0+\R;=pcc\\\\kdzk)\Nr		\nv\r\\̮n\\\`l]\ُ@0\&b\}`\72CdX\':~B)0\\\~!`	l]\0F~\0\\\nQ76\.8P31$MϯO\,n,>~p`xd\H\\\ꦦ\丰\\\\􌼌h+sC*\\\\\\!!6<#=%#3-??`pltlfljibn}tf\\½\\j3w\\`0a$z{tt\ikjmh((\ρKN\npu$ri+\0Ӓґ7t6uЕ3\1>K\\Gx7y\5xݔ{@/\0R:l\0\}B8- \nyT\bޖ&\#)\r&b!\XQ3\#F\Z/ƧR\Y`\~jr\0]G9a\\\;i\u孫6\ \A\I\0s\\v\\\\t\S\ѿyU\n^`0^\\Ouz7/`4\ƷKa*|.\*\n<p`\\\\ӣQS\\0\\h\L\tN7&\0eeeJ}`K\0b\o\\PYbC|D}ee8C\9B8\"\xH\0ʴT\\\"o\0˪`\0׺(\n!vV\Tݮ-SW-\)\V?7>sxEb\0g\\:΋щۭMy٩a!~>AaA~a\! W@XxlJzvaiEc[{\{C\s\S++\k6\"aFbp\]\~~^\\%KOh^D`;Eu2%@}\0۩_ۙ//b]\\寯@kg;\\\%\VCCcCCC\\\d\\*Dla\+#SSsӳC#c\M\u5%%Y9AvT]\M;=\rkGmuQ;uQRv--\<\\6&\+\'3\;Gz{\\\Z=2\p\0\\7!\\Ʀڊ\ԤH_X@\0,\\\\B\\\OErK[&%\o\"\`\gkh\%i tY\\^\*\\V\\\\j׿So5\b\\\\N\0c\\`~P\M^%\:f\%ɘ\qE$\\R\ir\\\:@\9\~c\aCc\\\'LEO[Jl\'G<\"}qkxj`n\Z\\\\\\\00*7D\9\rL\8\!\%u\\'H\\~\6X480}K2\bL\v|,<E(=Ȧbrqzf~f	\0\\^\dJ\\"fH	53ītރ\\iDks0:\B>2Ҝ\\D7꼱	:)\"i&R\nvo8 {80`\MI\iueeuVԖ\T\\ީ]Svlyyf\g5\v\"Fc83?6:1x\햖\ܬАPo?wPW0\\;\\\'\\=\\\\\\\\#\/8::.%ރᩅ\e\We\/\`\o\􋢇2}\0\uާ<q\zAؕ\Z\\l/\\Jrru21֠)\Tbe;-\zR,Dr%\Q;\M/\\ \\0\\ ږ\Zb\d\aꛟ\\]^Z_[\\\\\\\}A罡\V`i@2\~s{WMMmMuUIAN|Xy}}\r.+M\˄\&jru\]JԮ\Qz\v\0~\M`\~\\G\\0`\0oӋ\u.MvX@.\!!\@/}#\\I^\R\\0zU9`0\M\]\CGC[\U\ZMW\1x,\\CGHt\O\Z<\u\]\t\\\7b岔\4`5\Kl-\Z\;7>939?0<z6#%\\*\HT?`8k\޽\Z\\E\P\`\-\4Sm\W\f>\0k-\\)\+ﭭd\0\N]po\\\\\'^\\Bf\\&\\iln\\\vuuv\"d\\\rn\l\\\r,\tL\\}\"R\\+:\\Mc-\C3K$̖\\b\7\\"\:\\\~\0\\\\n煴JӒx03375530<\Ch\kijȌw4R$\oq\\\*\}U>Ee{)fuDCts,\B\"WjAqqAm\0:42\\<\N?\\\\\B\\4\\1)&4//^WW?H600188	\7g&ۙRUl\r\<\}-!O{4.\Y\(W^\Ͻn|^\0[ۏ^\\nRۺo\44[/F\K\\6ැ!Q]\YI^\0 \K62I\\sAp`:TA7M{.\5\r\\\n\D\r\\C@K\^HЋ	\0\\?\U8\-X1C\\.|\j3\uL\\mm\H-R\\0[__XY]Xs/5\\GS\_\'L\'J+F?NK0IW8\H,\L:\J1\A=\I;\U\ݸ\=\0\^\SWrv}`w\+&6gO\\0سg\ȗW\1-+\\/\\\\\\^\\^\\Nfcla`gF\7W5\6u2wv	\\ͭ\\\\ރ\I\݉\\ɉ`lq舋!{~}\0\ߩ\~&\:\?yu\\"^K\0\\\\\\\:\\'O>{={zC/BsX@\\\\/lke궰\~#\0F\#\Q?6V767\P\"F>2`\D\ZF\\xu}siiuaiuznqdlrph2?\'=2\K_AX\KJ[\𸩋D\$Y)d;Pʜ(\\e\\^z\ƕ>*_\Z Z}i}E}Mm]U]eMٜ\"a!mga]WTU]\\\\]\\\\y\\ɾ;5myY!v\Fic\nڲIU3\\\\\N߅d)l\k\"\n pI\}\~Tz\`A\=Tz9\CDF\0)*\>tXj3yc7\:CH\Z_\mt\^J#Oy/ye\~M\\u8\pt\҇\B\MEN%a\Y@/@\0#&\CGЙ\g)\G\yB\\p=G\\n?`\D7\s\Z<gԹOQxNi%FJ\C1&[ecxZqZTgm@o\{w{\ZjғR\\r(\	\\\R\"Mt3B|*\\ݟ!$\o[\"66͍֠\;=\^~\<⋢ۯ\d}tcLslk\G<7b\Ǥ,*ؾ6\0sjJjNoʉi\Kh/L\,\\\\/\Xu^C\ޚ2l\͕gϞ⤤[/$\	\nI|mayn|f|`dv_U]CrF?\kES\4T454ꆶ\\6n~a1qI\9\UM\m{;\\x86663K\\{\"\s^\\r Zv\0\\0>\|_0\\&=\PJIBD\0ŭ\\ǏV>!?\\_^_,wᐠ\B<)ҩl\=\Zq1\\h\\o0^\S`\\\\[+KK;\eԥ\\W64<42<4>4`5\\eDɅ\\;zKkB#-4e=	ke~?}0JRZv^QyIuY]y	T\oZ`F\J/3R\A!Vu\\2\r\zU{۠\\\²֒\\;\\r?o\\\-\H	\1ה0V6R\Sr4\5\nv2\rw1p2	53Qq\e1\w\núW\\\Z׷;ԀX~\H*=Ο8\Zd_e2\I\1\eH\\r\w\\\ʃX\=CF\"\`>m\:lD{E=\Cd\E}<!\Z1m\	t1cvWnI/z#~w\r~[%.\\r\rN*@,\Kg~uq`|T\\0!C\.h_#\<2&l.\SD\\u\;:\\Wդ\%9[G\D\S\ԓ5\\M\r\B\Z*\߿?55k#\;\"́_Ol>E\\{l}k\r[˨sڳB4xT8U\(|\ڂ	T\]\4lK\\[\<g7\\"/\R`\p(h\8Ϧ\\І숖ԮR`}\rew\Z\6V\oS_\YS\\P=1psm\R\E7b;lm,,MM\\<\}8\\\STQ\\\kb/BW\QV\ST**\*\+R@25Go@tdtzRr^RAajqqVEE~mme[{\\&\\\rȷ\\\\n`\Q\\/}f~\-\0b\0\0[\\ߘY^_^\𰥥46*\֔\``IIr3\(-\n+)\rii\n4\'c\\0+3)aa\\6\ю\\Y6>*2yis#ܢ\\ξF;\nSc#}\\}ud\h\*\\\bNzr>\VZZ}\'u^爾y\0`X\K\x\\ƞm1qUz\\'\`0r/I/*O\0>\a\\\§D\`_\0\x!<\\4yT\eXn^V\\"^R`>D4\\\\NAdF.ucͥ9=%B\T\r҂Cn74\miNglqm\0Xo[VS&\ZO:o&PfX\h\{\Zz\ZA\Z\\JjK\Ɔ\Wav\1\\\\\\\\\\\\H\Ö۷+K\"\\ݩF\n2\njrrjJ\neEMee-e5e\nUEEKO34wqv	0(\"*!+\\3\Q`19l+\\\\\\\\\\\\4&\lo\NO	vs4\rvuu.qvqmsiwislomi	i\nj F&\\\*1\n ,д:̦>ƭ>ֻ4\+\\\NO\L[\\\\/0\/.ol\\"\ug29:2\\)\V\\T\\P\\\\X\X\R\AM\YS\MK\MC\YEZ\D\\i}\\|Gyиq2x!\wc\OX\Htm7Ӌtx;F\/`?%\A\\/f+s\A\"+)	0wM^Gu.k6#|g؈Ƈ\\'\\ \y\Rd9&\tVd\d\0LO<Lz~JM^oMvJGeyO}]We)\0\OأG\0؃޶\``m`\rP\rMXpHx\hz\x\\|\\M\r\zk\\\7\M=\Zr6-\Lύ\\m\\hli\\͉tv3\3*kJ+kK)\I+hД\th]#m#uS5\\\\\\\\\\\\\\\\\\\\\\\=:<\m\eIz$ö`1o\~f\i\'-`\KkkK	\0C܆~C/\`\\ihfv\ɳ\+\\\0>~C\KKSSX\\\8[\H#Cct\!q \`\'f\ǧF\\\\*ɉwq\	hNkNlJpoHMIjLkNmIjKhNviNpjslqlqhk UB\3\\\0|/\w=ˠ\"ȼ!ڥ5)9&1(7\#\\\\\\\\\\\\>0(83;AyiyOe:\"u\[\o]5n!q\R\\\Z6\=	B\?n.p\T#\(B\:L\<t N\ɀ\~~[;]U!`/Mё\^*\~=\z\\?p4\=L\Ha\"g\\ΐuN\03)a\\r&\n\u\y5z\3r\:=aRW~\"{\Pd>!w\쵣׏bMg^tgvR8|XENGyjd}~z{EaGInebTUvF\0,w\\0JxK<{юM\\60\&խG\f\\u\`ZZѰ_\"\b\2ĳL%s\\\n\\V\0p\"֘\ߔ\ZB\0,?84*|v/\)\/\ݲ83dk\0#\z\\\\'VVfV&\\\W7WV6VW\eEEER\5|d)\ZA\n\AJ:AA\~=_\r}? 30k8GDg8\Xk8D\]]ScdG9$6Hz![\\س\[?\?\r`\c\\`ׯ\\\Zf\7$\Z\"ͭ\4a A6{6W\00\\\'\f\rOLA\3s\j86$\^\u/FB+qM*vn)\走01017<\k\r0b\0yzB~`x\\Ç\MՅY	\~M\ai!\-\M^>\)\9!\YM\\\i-inMI\`X[K{s+Y]CM}u]TjU[&,\\ \M7˕\[\k\\j\H\\\ZdD5GV\\ڹ;\8\Xx:EFFEg\4uT:ٺky\y\ZȸRE(\\r7\o]2=Oy\D茉i\Z\iЋ\w֔\is\'NX.0:	0\x5c[)\}H\kR/\S	\\\rǵπ\\0d\\A\ZQ^(2(\Na`\nċ\ֲ\!1=\\\(\֊̆bϨq\"-X.\ӻ\00\~o@׎\\\=AJ\1f\\'LW誥,x\0\j\c\V\\ՐؘX\ZocmkoH\	2\0GKKD7@vazޮMB\\uc\\\\6\\5Y`\:BQT\X=$CTCCLDtb:0w/c8@\\\Z:\Zb\\Z\	57\D&vfeÁ\[!V\m\/\-\j(}\׶4;x\\\_p^>{B-n.M.\j-*h-,h.,\\)KM.\uJ3Πf)Qs\et\nT\r\\r4\rӵ\h\ֶEeΞ.^eN%\Ev\>yCm\c\\08\r\\\n`w+\\n^\6\0\X_[__\U\cr3\0644H \rI!\ fw\\m\\z{{\j#cj\#\rc[[\ÛS}RÛӣZ\\r[\2[\\[]Z\\:\\;^0joC-A/\]D8\\}0,4,\nvoH\nn͌nώ\\n\\"}}-\\\\"CccBC\B3r}\,\DMe,yUx\\x\\l\,%]\Lϙ\n18c,p΄\9s\0:Bz(\fض\\y讞^\I^ĳ1}{Iz肌$ѵ]\\N [+V2\,=]Iq\+J_\>G\9\\Zm\ƋlA\H\\G$/%%{|\\RWjghXauMmZ憹$EƇ\x\X\0\\\\\|OSmE(U(*\'/N\׼\n\nrlvmhJAMnNmʍ\(N\-\\\\-\+\\P\[_\UW\\\\1\߹0F4\	`K3s#wz\W\\\)(\+(\\\mOIkkq7uiֶlU3iW2\T0\T6\R5\wjZ4\Y\Z\Y:48vzvywy8v9w9tw\\rOv͍\r}\0\Nn1\d>\0\7{0Kn\	i\п2̝;wjkkӲ\Srs\Ss\Cj\nz\0\ƔDƄ\\֌\\\\΂lL\\Td\\\$W@XX0Ae\Eo#0\0Ku&\gX\\'#\'J\r\usJHL\n\\\R\P\9)t\@⺹<\"u\[\\/7>g&x\DBg\0xitd*\hAL?\!\Zebb83\\%{\>Ͻ\0$\7He\5ah)q2D\9(Z\^7;\R\2qG\C\<a\/u\0)\\s\0U\"U\\P>\B=\V\0K\	u/L̏\It0g\\\\\\lG}UipHX\[V\S\iP\mR\kQjUa\\\\֒\՚\ߚܖޒ\U\W}2\nU=\]_xhF`\Kӣ\\\\E\\y\yrrf\$Dܷ}`\P\vP\zD\zX\fj;o?l\p\x\\鎃\]O\!#DEzGE%M\w-\r~\0\Nn1\d~~<yL2l\\\\q2:lln9\+k\|+\s++suac}\v\0\\aei\\\\\\\\\\\&q\Qlbrzl|rl|btl|jjzaqi\r{xg\\'O\\)\"^\g`/\0FL\0\KK\S\Sc0[C\\0$H\U]]I33WRQ154\H\.N\*H\̉lɌjΈjJoJ\rmL\nmNlˌ\\M\(&֙ښ\ג\ݚ\ٞ\ў\ڑ\֙\ޕ\і\\\\cWiSnSf]lQ`Z\G+1\s\Mu\=hA	-1\\yIY1\Oq7v6r\r\\LqV\w~q\\\{{\\\ăK\0A	q7 !܂;k\\\\Fg\ou\ٝsl>SS\4\r\i\ݟ_U\ח|T\\SO\\??g\\S[d-\Iub^^\^J,-#\`3\<\\\%\0L ֖[z\h\\	\\BsW_\\Pr\qg#	4.G%H\<<&L\\d<@,S)WI>4yH\40\S\`p\\F\㴺\\^g=ؾz\uҺiv\X\aE;mku1Ke*B6\\"v%\\H;\\\b.i.\r9 c.n&f!頧x\S]/D_I|r;\@׏J\^UVgFVGƅ\L} \\v\Z\\z;\\v\{)\b\"\kg&Td\\&\\?\շ[]!\8\t\"u	\0KrIu96\\L\\3nvEn\\J<\K\\xy:\~m\מM[\%A{\r/\u~\@Q@Ir_U:\J\0\Z~\r¶׌5\'Vy̷|{fs}\\XCXJu3ZT\+jE\jL\?,\@~\K{\Kv%-\n\\\#	i\tRT*#4\\nNeEdR\YuM\\a\V\05x)\l_{[Y]\\\\?.}Û~Mۂ~	0]\\7\ڞ0A	kn{\l^R\rY\W\lɅ\WW#d\~ \eSnX, \\\2I\0\O\ݻw6\|\\`4x\߈\;lC޽{\0ͧA[\y)<GA\)Y&ƤS\537;37?3]YXX@?22R\\\\\ѣS\'O\TaJ\3ʒzґߕ\W:\\5P>X>\\\\\|dLG_^@~\PQ\'ǯ+˧#\%֝3iG8\\h\p\2؃\'\i\\0XyNeAbXzmVLrsK\\\>\n\n+\\Jzzġsb\$/QqL\\\G6:OOk?9\as\Z\\Z\\J]/\ \|+P<t\Cc\F_\\eا}\`-j-\G4 _=,\Z>U\02\0?\>msV܂\IE=Oy\j=?\\=\uo[\\\;q\H\\IuI\ʢ T:Pe	zTTTBs\\Y섚c-[\7\\^vSv[nGQ\`\0&321 \Ys\\$\iӜn޿\\Z\\X=3;\\\U\Ro{\r\iD*4\Gɮ\\f\\\#?t?[,4bO\*^\\\\\Z½#|Z\0֟z\ \\l}1\0ba\jc!ՏUUa{H\S\\OCa\\{\\\q\!,Z\ѫ\ZiՍR=WLg=	{\\~\0\`ڳPO50BN\'Ƥ\\2\1Tvh\'8q-8}-\"Q̩o卍sx.\염1qW\\hx<gumnB\\@\?\0\w\+\_\0[F\h46\r\\Z7o67??53=53;50==7==\r^$	zYsssTT\\+W2##\Gk\2zK\n:ҞS\0l<s1\\V\\F(\Z,.\0fa]\/{R^t%=\\\\x5FcB]\}\\\B\ZC\n{Jz\򀱾\̶\ߗ.:\9ݼ\0+\\H|]2:#vFG\@\\Q\{\\XjzXi[kxYkx[kz[\03DeK\0\w1G$\ʵݰ\ml\0\(\m}\U \\Z\n6\^<>\ry;\uV\픶㉃7tT\e$Sv\U\i\rq\\JU~e1@No\r4<h\\L\9\+\F\;\g愺F?+OΌdEW\'.{\-\\vˍD\[IN\\Ipwɍ	mmC1H\\֜׏S\l3\帟\s?+\0\þ\\lٓKnV\Ǆ<hj~\_3Y\ʴ\l}\xS\gZ\G[*۪F\\\\aW\X5\:fe#i\1XLTڋ\\ ?\?\<\ށ0\7\c2\q,:\J\\\rN[\r\MV`)~u\_	\0\\@\0L?]	2,`s\SS3SsS\0\\\:.8/7?\\\\'\ǧ*3\V`\\0Xg~</4\0L\-UհHJL\/M\/,\Z,\taK_C\030;۷\'ӧ/\0(aMQuT8:r)s\\M\*J\*\,\,\\\Oxx\\!KG\G\\0`/ݯY\\4Q/uJK\ZS\V[\\#\wZzPyf\\ZgB|A<\\	\Z\W.`\`*`cطT.\ \R~7A\rs\\R\"0Ӫ\g4\\\0`\g>\tR\_\O<&\n\=촦\%-^@\ZsE\\\'Ԥ5\@G\;y\\˛֠W؃W[\0X\K\t_眐QO˒\\\ԈH\W\nw\'9\Hv|\NK~TH\\ kodG^ētw,J=Ζyxv\\vU`\0-y[\\\\]=\A\\H\B,k,\06\Z7\\\6\Z5\\B!\~\r.{_Ŏkۙ卜n]\r,\Z\0&S&?\n<?%\"<!y\\\4Fl&-1MJ#%2\X	+A\Y	\]ᡁ_\7\_b\m`T\ZB\,\60t3@	\ 	0.j\+l\\nOI\1\\\\.m}\\o\\\\K!\0\\D\.K\0\_\ZI\~[\\69=319719355gCG\\\042R\\TT\\\\\\T\rW\'\Ƣ\m`\0XOa2\0\W\_>X>X\W\Z\_;P=XzA`??T\\\M}	%#\	0t-\"&إ&Х\ߥ\ǹ*\E{zTw~JwA\`I\`qVo~ZsjLҳ\\r-_HKz\t\Mcz`CrH;\zWFFg([(><\.\8\Le\0\\P\\y	ڒ ۋ\_P\\-\8F\W\+\1\Tp\O^u2^<l޶H;i]W+\7L5.\\ʟ< q\\\^\)-YTBvLI\Dq?\TI\\"\G\FS\NW鲱\ݓ珽a+\|\Kh$eF>HɌύψ\r*Nw|z\i\&Ft4\\\M\h`\Z\V\\nMdbO{^\sy\=\\\`\\\U<9_\Jϭ\@GLkS\#0d\\4ތ\ġT\0\Z\H]\XS`\h[\hk\H[\\P;4\Ʉզvu\\\0\Zfl>\/4\\O|\\\\\G|@\'12\	9\\vb+6:\\΢31-\8gleZ \0w4\AR\W\\'\~%`\]h(\K_U\\0\z)\\҅f\0[[? \\F/\\Ku}\r\z\w\0[\\"\\?p\\\a(`\ٙ)`\lrrrvvN\\e2\\@__KMMfj<$(-\'-;\\\ODK\uAJ(M\+\\ncЭ_h\\\d+\\G\r\C]\C\\\\K}\=\Z\;3czSJ2!\-q\AO[8{\\@\P\Nf-4\G\kJPU9\!{G$]\n@\\\(`\0\MS`\JO,jf(6r\v@k;`\}Zh\7FzA<\Yy\m\}\)ևNh\2Ӻ|Y=e\n\z]kM\\U\M*\nQU1S\\*Bk\vȳ\\P\"=\rnsn\⨧U\AuYQyMYЌK\x99\L{3\\픻\\\n\"C\g\&4tGf@!&}Z\\"\P\KUd:=c\0,\\\\\yb\^\*\W>nk\^v`CåI#\iim`\0b;\FX\"Mt\ȿ\0,Ȅ͉>U\\0_\n\IEpyEv~w~\n\\G\n%\0`\\\vR.7)ˊLg\K\΢3j\\c|\\\4}-\-&\H\ZS\aA}ԯ\?6`_O>\_c#\\X7\{\0\/\+\0W\`H! ǡ.`\\\L\\\`GG]48 %+5+\^\%\ݥ\02<a,~8n8f;``sW\\ϡ5Ey4~\6ĭ<\\\ܓ\]v\\'7e\焽mwձ}_xݿv8,\\00\\w̔ɟ>(uRM\Rq\	=\'v٨\v\\w]O\	ǶAF~2+^OO0\0\o\\\0sن\9.\\vRq;`O\tmultܭt\\Nky\X\\r\'\$\00KUV2p\'ԥ@cJ\0\a\0ŧ\^-]\?t\\m\ g{\\W\՘G\\7e<(,yQڐӘВߐQU\KL\4\;iNwS\%{ą5UOόS(\i?Ltm-\lޣ^\<\n=ϖ^^*_n\Znni\\"+g]\\\E$% Ɗ\\$篤$\q39a\D^P*/,q\r.b[\ZD!\$\DN\a/~(į&j\`QIT\"r&_m`t\?*27::\\2RS\W\]ܞݜٜ0\<LlePe\`y\pi\pI,:|\g\򃇳 a/;B	khlx\Q\\)\ǹ*\y[fD[~b[aJk~rcN|F\\\ov{\\\SWL\o(:\\7Wgr\T\9\b\'U\\2\\\G[՝4w]\\\P\\$\\L]?D\rCK\rz5FD\0|\W\\\\v\^@\v\\`V\nZ\n\Z]:dH V\5\\e,/tXn\>\0\\)㠯r\L\\y\'W\=AB܋\UĽ\ők*Hh\KlI\r(\\|\\+\\qF\¬6\\(D`w@\\\"\臻Zs^{gz:\{_(xt\\|se.Ty_z|\lrz3ԄnD8;\ͤ-\Eci,^jjj\Zr/6{52ˀ\$\~y8\-/-\Z,\\o\\W߽c!:OL*G_\`\l\v+\~Zـ\\[r\.\!\/M\@Â\\V6\u`kl\:.`Xf)+\7o\>||\\!;276\sy\t@.-!\8xL\\\]\\-B5\wC۶#曍U~Exv\k+ހt}ES\(a333\\SS38x\P\\<\\:wmc^,2122X_\S	5=\'-3-#=3+\'=3tiϊ\ʉ\.I\\Z\\L*K\Z.3X\Z1R9R1Tz0?t /d(7d\de\Lyі=2^Ї\΅/\?h}Ք\T\ZQ\\g\\/^ܶyhgx\\\\\1\[Ge\\6QsT\\aK\'\yTr\\\ʻ\=(~EO\\nFbJv$\ZK8*\i$\e*tA\\Me\L\p7#	A9K\m]/}G\fN\Sy\c[q6\=0Sp\0\dP|xR\\J\SZ\ڞ\v:n\мa2V\OKXkȞҒє=&m(a*/n\"/~TN\HV䨬\>sE!kuq]Y\m,u1zt\\\Ag\"\/Ez^~t5\zӛI/\f;熸\<LKk̎n*kʋoȎN,L\r\Iz\\V]X\\\>19M$RLX!\\ѻ-\M\\@\\]\w\w\\\ƻUM\\:D\h*\n\>W\}\\\g\\zz\:\\rw_Gyu\>\L~љ;Ϳ?+\~`%\Ci#\YغцRls9\Tmj(j\eRWVYoޮ\Ĉ\\vs}\Z\'\W&؝vFc\\Ʃj\\\pX>\\Gn>dG/\՟\D\n!>\r\'\\_bx\\EIkq9\nH240v8\0V\G\m`[OT\ᡁaɠ1\,tL_N\\\\\\|\\\Wt}\&\0h\rK\">0\\`臛	}i\{VP(\\A_ӈ,\0l\\d\l|\i\\\hV\u\|`Jr:|>`\!4اX\0`d\a\\{5\\\\^a1\X[z\n`L\\\>\\\\0A\8~`\'\fsx;`o\\"!;2#[s\0\v\i0\\\\<\Zlzfav[H\l}u	\nNm\egt\%wd\wd\A\3#:\"rs{K҇*sFr+ӇʓJb@ȡ\\0XN\pN\Hn\P^\`n`?\0\ד\ә\߻95ֳ1£6aukcSMȣ\\ȸ\\<\s\\Y}ד\)\<*{4䦑̝ҷ`\@\!\\Z\V\Mew\\<,\\{O\\8(z]W\Q_\\P\dՃ\nG\ݍ<Me.~!z:\\}\0\\"\\n%\\0`.Gd\<8*\f,\\T\\Se!0L\\B\\B\0s;\tR\\nu\\\\<8\xBㆩ\Ey{mS\ZVH\h`r\'ե+K00?*+vDZ䨌\J\"$.\\\:\\\\Ʌc>\O\;\t6\\"\nX\\\	\n%D\0\	v+~R\SҘ\Xې___[__TVXZ_\\\\)\Z\d\Y&><a\\'\\U4쵵\nq6?6\{\Y\X&R\\C\\zCB\\0\\']y~\\Zcp\hϞا])\0ثt\0¸⤑\4\`%c\\c͕cM5\\[\\z\0m``\)Vw?\\\l\7q06\0\n\0\'< \\8S\\C^a\\0,,\M̃X\0#I\0\u&5Q\o`K\(\k|rojfH&љr\Ul\Q|Q\ׂ>\roK(D\y@)WF\\\\\l \3`,\!\C<\*h\\\\ZFpťeJg ??ٹ\/\/,m\\\nI\0͇X,\Dg}oy@Yv_QFO^rwN\"\ՙ\螼8`P°ՙ#ز\\\\/\0\:	\n)\\[b<\Z#=\_{`B\*K|J|\\+\\[\\C^x\d\uċF\\8\dzJܵ\R\K\0yX\\aٛ\/\˜ՖR1U\m(?􏖊O\w\-zMG\=E=8\"\n$\n,Htr4\n\ A$1\u\\>q5E\|Ak{섊\I5+MW\\\\D;wH\\1ku1kM	kMih`|\\\L\čeŌdDA/CI!#c\֪\\2W(\=\\%s\VAwmC\\\΃aQ^Wb\=\N\@\\^1\1\\ry\\ryq\ry	uIU\\e\\ee\ZLUm]CCSGw\\0vbrLZ&S	4\Z 0EfL\t.	\UXD`p\0\Ƚ͘\t\@\hH\\Z\\\6\V5;\M%\qypg\$\\\4g\\\j\dva\fv~\r3:\LyAzDv\:P\\Ci^SGR}ciɌtV\\\nǋ\\\'&C3hI̪f\\(,\0\nD\\\\T\T\\bQ,nyJ?0&aq؜U&\\0\\t6ʤ\qxd*00307\	D2Բ<Y48\|72O\0\'W\W\\r\e\\0c=yE	\\\ZNHƖ\o,,\z3}\_`\\mq^1\-я8t*y1#13:\\\ɵcv\=v0\0_8\m\~ꠠ`\E\K@n sY_򢞴ʾ;$rD\/%v\}La>{=5]\+tKO둭M\\0#\랾Wo扻\ZI7\yž\W	r\H\\\.`,-p\r;\vF\\F\Ł\G\\J: zJC\AI-^\&r\"&bG?\/\HZ\LQ\xq\@zq\\\u\\`X]\\\/Dx\\\e?,|RTQYטT_R]V)m\T6UTԶ5wtNb\\'p3\Kx\~yD\\A5\[ē\Z\\~/`=~\١\0XA`q\`i\wCkW\`;)\C\\\07\\&:=\\dv^6d\ƴ0j1y4\d\H{\%\Hw	\=B\^\_\\⨡I\zt\'.͍H\%\'%s\\	&n?5`3s=}\VqiIaqQIY)JF\\%`)\\7.ä2d\ZB\j\]\XY}\M4\\\\z(]hzq9``@绀r(,\:J\'q\\Ee\\d 3tƥxt\\n\$`l\\0\[\<\9nu}\r\I\'\㦧f\f\&A\r#\"[\\\zB\\\>\}žlm}\?\\ZYa]eA`i<:EY\\I\iq<G&\HD2D\\d6\\\X{vsQ>s~::[?Z-\.\\f%\0`\U\00\\VeWU$\rUD`\\ȑP\0l,d \'\0\^\]ؑ=QḲH\A\\}y\$zy3l$y\\]*:O\Xi\rtX\}\\\R\.\I\jZ	Y(\5۫/OOf!i\#һ\d8\{\\]O쮡Խ#\\?*w\C\$7\sH\]=	\'14%>E\\Zò\2h\g;%nJ\=\"\xT\KM\\\)+qDPg\h\h\h\d\d~\R톩\y}i\0촆iM\SHZS12>\"	t	]zb{\r$\	[H\k\]1TvT\Z\0\˫>\O߲	}*\0\-лg^;\G>8\~9\\|_{W\Wb}\r⡁\Ta\k\\k\*z\˻\\:[\k{:\z{[C\\m\Ꮁ\ɱ٩\I\\\"DeX|n@\lngqWml\y\nϕx_(A;W\u\|sO\c^\\n\r9̹-½#ʻ3y_V\0&̏\ϋ\/*JA\k(l)k)mD\WC\PC\pK\\piyq\wj\|	 \a`k3+Xv{/\\C\\7\\\()Et\hgA0\% 0\J}\KNd\"+Ɏ\\\es2\_\0`lR\\\ZgS\\p8\\\0{{**s y\]S3\\\\=[d}y\\\0\/\;޴\z\08\ZJhdPD\\\\u\v5\zm\y\ZY\\ry_VDȠ@)FCL\ZErD.\qK\\5E.\-N`sH%\"	y\qFgA\\\\W\5R\r70\\\nf\*K\,4\\4qa\\$6G\4<	?l\\\?\X{\ R\nƪ\'k\n\'\*rGJ\i\PI\3Z5Q>^	ly(V9\JXZ{	\0֙3Ikwc1ĭ:Ƚ\߽(\aIW\\[N\'u/_2yT\\\\\㴶\003m,To*]>|\PᲾ5}9bh.8#~FS\FU\BY\XI~CGl&쎓?V\y^k5]\\oH\9,sS_r{\\nrM{+׵Eo銠}H䎞\Zힾ4zRwIm q\\疡8\\\{_A\j\b\\vrB鮥\-3G\I\0`g4i)kM	KU1\X&rBF\H\n\ P\LDOI9\(\\;z\J롭!\0\r\յ7]=p\*\M\\\wm_;zp!\\J\Ǽ`ϲߪ\\\\5Q̘ڼTLmQmk]UgKigKq{SakCq[cI[SIkSqk#LZ\Z\n\a\v5\r\rLNL/\4\Z^+~0&we~\ZS\\\}\<\0zz:{8;y:\0`/l\aG䣎\g~C*/\`QHIPy*40\0l|l\X5\\_9X_:\\\=1\AM\UKhXr\Rwmu\0>;20\\\ew3zh\\\vjE=)E\rL>bzGѼéO\"h/h>W#C\J\g\sR9\Ո23 C-g\r`9e\`Ⱦ_d*E\0ЅVVQ\\\>15Lәtm\ \\"\\\6`\͇\G]5d\љt$\rZ\\\{[a\\K\eϢ,Qa݅BRIT*N!3\d6]@\\.LNύ\/L/\\p4\}\+<AgS\\W0\7)\\\"zaY:aASg\&m\`T2ۂ\\N֕\֕\\OVW\Uf`\S\\Q;Z;V=Y1Q:Z7V;^3Z\Z%\0l$/t8?U]i/{\^<k{\56ԫ:г(\A+\\{\ZW\\\9,u\D\v`.\'\^7UCN4/EO\\!14]\;P\AC\\Iua`\~c\=GewK\4\a\"gs?[+\S\砾\+\\"\*]14\nr\ZB\D\\\\-\2DW\ȧ_J\M`S4jqi\\rN\>v\\\\5\+F2\r\\BӒ<!n*|LqQ}G\k(__THOt\n\0숴2FM\w\5N\\0`\\L^4{~80`\\x\:֩.\\0b=,޿\"52-*=&;(*\*h\k\iɪʬ\Td\VהU|fCuvCMAs}eGk\\\$Xs-G_\Y]\\n*\w.zv	\u\ّ}}\\\\+\UV\@vho\\¸\\ax3\54@+\o,ΎQi.K{X\~0nW?\\\\饶uRj(yBjd%8\I\Rh!I̸lvJ>7WX\)\\)yvj/&\Ne(\\"\\0\/,\0`ZZ^\\Ҍl,*l\\_v5;,΄ct&ɦ8>{\V9\\\4+G\\AH4\\n\%-1Hd,4O&\\d<BItM#\0c33\0\\\~~\1H5?F*^	B\t\\'1b(`L\a,s_\0\\O\0@\Zn\\\4\֗A%HY\`E6Z\\1\隬\ʸ\\퀍\r\X/΄g1[ǵ!\eAn>^ߵq־sL\\rs\[Vz<\l\uspN鲞\\C\?.\\\\ps\\:.l*l*rLY\Ta\cMer\\\\r;m\b\nМ?(l)欦\9mO?+悮\E@k\rؽ#R\0\N\RN\\\\5Wj,	D\\\Y)[M\"fJ{fC]\1\%OWx.}}Ge\,UNk\_2Tm\h\j\~\0\0%5\n\:\A6\\Z{A\˲\򔰊Ԉ\̘\\\\L]UEs\0̺\Ԛ4L9\Rܒ)K*Iǔa=]\8\"I0v\\cpVf\\J_\\)~r\W}\C;\t*\J=\XKwGʋތ\\޼ȁ\|lC\pCP]\`m \0\/\l&S\r4,{\7Wzy\zw/Q^\̩d9\\+Q9ܨLNL/!\\]ZXVYi\\\4V\qK\9\+Y\\,Nx&#<R@\Xeu\)(*,)+mhjZ\\\QhTd=\? _\\\\\\-]}\Xl6F\SKd\"D-3\,>\2)k*f\\\CNޏ\ADFr\\\\p?\\-\'\\\PVG\'\Qq\ZqAf\؄E	ǣ,0<qE #>\F6,1y++`Ї\@\\\w\ \McqY,eiA\Px+\U\\\TP1\d\nʖ0ó4\ea8J\\rӗ,\8<Ρs\+:\\\n}\9\\6޽Y.MO\Lԕ@&\K\'j\jF*#З3\\ 1LDmdm\&{9[>]<Q7l	{-y=R6\\y=\Zt{XwOgʫ-	\Z⟢g\n,qIt\\\\J\Z\ދF͕\Scp\X\\\W\r%/뉡\'q\%]\s%\5DϨ\BԄO	VE\Jq܎\2?I\'\vX+\9\n{Z\A\\PbwUOĕ\\.i\Z]\\\\r}ɛRhn܆}\q4Qp<.\\\龹\qugKmK\\ZU.H]Г?][mY+ui3q#)\K\Ia}Q\0lȏzb?\\P=u@\A[\=c5x4wGg<9kɳ/.tե\W,\S\\Es\\K&Ӟ;F<NIL}]^SVUQS^\Xz\6b\\kRkb+b*\+\k\c*\R*rk\:\{\Gx\d2\y\ndoҘk\\-E~\^\,}z\|\\\3\g\9T?XF\ݦ`\Їm\:\"OҞ+տ{`%I#e\\Uyʜ꒡>Liw]eOG\8Dkoo}$wCC&\\+ص14+}#\\~zKSTWrj +y\Z.\б\޻\\\k\\5vV5Խ\,\H*\\2\nI%L3mdĠ\\\Ρ<*9O\\\譪\L5L\`\}\\\rEW~\|р!\Бxo\\-WW\8Ȇ>\e\n<L|\\vGЮʯ\0\\FY,\t\$0\&,pIPΖWD(jh~02N\	0s\\F\\,ώ\g\\4,ȣ\W\dx5\~`\`(`0tE\"t\FE\0/c-Vhs\0\\66\m߄ۦg\1S\re[/FsQ\5cuEu|jgk\03\)c\Q\Q}G\\\	ttv\'\Zc\Ey\\\\\\\5\ݰ[\y\-4YV\Z\0\my\-cF2\K]1xHS$.\\^їtH\AKLM\\>p\\U0\®;!0c\pZm.;={D\\\rD\'\n\k:B\uEn\I~R7K\ZUn\\"^\\WvTw=\b\l\hy\X\0vґ֐2W;*#t0\%~4\wBY\V\J&:\0\S\珽`PA3\cpGvG^2w*ٝ\\\\Iթ!a%a\\ѥřeե%\\\䚚DL\r\)\%Y\\ζ\\\%\\0ø<d\n0=hkd\Zofb)?\׭\\-\GgQ<\T ]u\\q`\Z\\\ӕ\Z\lY\XE\v1\r\}\\0Ha\l]޼]E*I!-̭a\'24\?\\dtrW\\Ym\^k\au\8#ܡQ\\0\\n\,Z\(\\\KɅ\\V\n`q42	Ġ\Sm=_\0VUS\rlrzj8D\\`\\` \@\r)Id3Eʦ}m\lGk{~0\	à138`Y\\ya<K[^cָ\\\{\d(\^^k,x/`o\l?й\ڙ4N\c\9\y/\0CJL\Z/-Mz2|\|;R^&>\0cP\\Zbk^{Wx%<\0<=gz\ODFp\\;d8\u\P᪁bXah+\[ \\09s`7}%\Jr\m[b\o\K%nJ}7`\0v\}Ejn\Zmc~\X\aK2@AI+\r1s%\2%^\\QiQc1`z\;K\2SV?(uI_QUg3Mg\L\fby6YBZያ\B\Nyz(ԫ229,9Y\\^RYR\\LM:666SWSSU]YVQ$Z\\ډ_ \*\\n\\~\^[AK\nc;XW\y;\<\\s\~S\06\|`\;S|\BӇ36P[>\\\;\\	--i\^\6dcYʡ\\KSS\[Z\̾!f\ \ZF\\0\bO)ul68\\a6V֮V\\5TL#26FY\\@P\\\)\$n~hjS-\0_3\0[e\\ep\Xo\\}.\r\	7N\\A\rc\06`L*yy-Os\\np(\;|lc\\|\Vy<Mޣ8\\0Fų3[>i\`<lmyE#\r̴\\4Wk.mBBB6\_A	+1\35\\\eؒ\p`\q\\\r0\t?(amI/	C\v\]\s8\0&:\n\i\0켎0sڢ\40	Ăօ/\\"h\E\:B\Y}_ضW\0)\0vSO\3Z$눡AV!~캁$<¶U\kp\0L\\\\֠\0\f}\\M#뇕QzD\>#݆\\0Zrf\nR0\0f \Hv\qe\\\Z\\خ*܅e\\(\1J\@\\0\'u]k,!pq\\g\_8=*)O(M*L.̈(*H-(*.hCV!\Ue\b2k\\\\R\\0j\0,44<KG\qt\\,.\\))Qi4:\f!KD\\`guFD+ǲ\0\U0/\\0X9̋+\\0-i{|`\*I\rel|ba{l||aqB8LXR{\r\\Y\\\\5<n}nvuv77;5͙\LL!\\\a\nCs9\,}|:\r\rһz\\,LSՀS14L&\.\3\\\ڶ\Ҫ\n`\0k|r\*Dί\"N\rP \G\0\*ɥAǅyáaQ\\n\\'AC\P\7za\Q\0C\\䑗\h퀱=	I\\KӴI6	_L\:BM\\8ȞkOCn~W0;20\̓[(0\^E\\8y~8;$\Rx,q(<\,Ȣ\\w^\߮l~X\`-\\Nw`;k\;s\e3%\\r\XN\\\o5b\Kuՙ)\ce1h3\#za\@/h`\\/\\G?j#c\0`E	B\Z\>\{\\:>0t \-a\\n/~(\0\pP\\A	0\\!\zڒ\\\\aк\wZ\\Q\}Jq\tWh\\i㠀tAꉃ@7\ĿIA0=0oiZ \\<+sҵ#\w\4,u\\N\fy\n<\`\U\*\\\ZJ\\\\:(\\}iD\J2ʲ\\%0d\.\\n-U\hI;$s\,([\0>:s\\t\\\\L㾹\	T8\~\N޵x\\0A+}^2>2)<38SSR).̩\\ԦWפVV%UV&TVDWUA\"1	\rE\\ru}\}\s\Iq\ZO!R3x\2JL<68\ӉL-W\\Xf\\E^v^E\<m+#\r]\\\\\Q{\g\0XGOg_WvhOnD~\`!;#\06R-\\06)\6Uc;F{s8<Πp9\<XoV\x<\\ZJ,8g\\!%\\"kv93Ǟ\L\&\VxS\Oa.0\SK%\\4uh\3Bm`S\[-\\\\\8mr0gyi80?6=\5<\\\^\XW\\Qn#遱\򲖶V\\\2\QLs\ZoKB@]\0\h`\	`\\"Ǉ[7\\\Zw\V¾l\\:\Z\/6eI\\@#\/O|8\$I\\\ \09c.{2=9\\:\U7Ӆ\묚mҴ\1ȸ\BdX}Tc\+\r \Q{	қ44dE\"0t\0V6\iU\\G_;^]6`\^P\\B\z`mc\pP*h\KWQ P\N+\\0`6J{\\r`H;G\\k\\\4\'[\\Gs]\s\AGH\#\i\\î*\6=\0zZ\{3ry\@\\::\V\ZfFtwjK\ґ\k(+\nn`0J\2U\k-}\@\Q^\0\#0\r@\n^T\|.[ݴ	k\d\~\0+(yZ\"ί<1,30*<$$4$8(08?/ 7ۿ8?0$S\X[\\\<\߉nh옘\\{z{fkvgna`72m+*zZ\\0V\Vٓ|N{\V<\\\\r%\v%=A(`CE\KReY\U\C5#\5؎f\\0\\\\\B%\LGkܕU.\fR\2O\\Ie\"ga̜\\\3E\\w~=c\n3ĞX\\0tS\\\m\^\\}r:7O\\\\Z\-\/.L\LM\r6uwԴ4\Vo\	0j\r\ֶ$\K!\\X[\qWY,`@\\\)c9,~zhi?\C^/0X:~Ic\\m\rlc\\\\Zz\Z\k1\\5m&jh{\rl컀EGlV\Ȍ\\R.Y\\\e\\OG:	u\\Ec\^\0\im`\\V\Z,,T0\a\h]q\5P\'\`DM\NU\\~[ed\\0f\\n9j\"2\栱5ԁ]\\n/\\|Ugkp?Z՝\\wSN*\ب\na7B\̕\\\5tHꬦuQ[5\*)\3\c K[jԮC2BGe\"SYq\0\P|?\\>s\6Z\)\1;\#^A)w}t!t/\00??\\ɐۧ#v=\!\\\WB<F()KV^VRRPX^[^QT囕\"/U~v`I~TuEf}uAK}EGKUGkAgG~GG~{\\\\\\\޲\\\\~L\@(/1+Խ\\nj\\O.`Jl8\<yq\vkSs\`-\(\\\\\nㆋF\Re\c9\5C\\\f\hg\\`\\\\\\\\D%X4w\\8cB[Pd\nC\"3	d\2#P:\\&d\DDÞ\'2\\e\09,w/̴.\\'Hs%	\--M\\cG{{\[\\j\n\Jط\\ǿn\0{\r0n1)5Q\1\lr,ʷEV\\7zAVT\\i\1_F\୬l¿\Ǐ9`πqi<\ar9.HD\%\q>\\0{\\r{6Vxkl609Db\E\,pyr7ѷ<\M\/\rӗi˃t<I`\X\eM\\ZD[\mY\m\\\m鮛\\\0`\eӍ%S\0X]!\5Y_cu\m`V4Y?U9Y6U\06^3^5Q\Z6\\2\0\\n\\t~u~)\4a1\룞cT{f\j=;Azh	\f6\/d0\ns\\Z$sPu4S\n+uVK\Vm?]\'\r\\SϨ\n٫	UqPS:\r)\V\m;\V}\.;\g\u\\w^K\\A\I\"rM\Br\-4\nF8 z텇=\\\n\\l5\.(\5\p\q<.Bv2UR\o\Hv\a\\;t\vhK\\\\EL,Ud-U\\LdŌH\76U\o.l{Pꂾ\-SZ\y2|d{-^P-\n\8m윩\\\[^߳v9\~9\\R\\k\0X~{Qwq\Ӓey)E9y%E%\I1ᙙs\"\0\~{\"738?\":6.6,*JMiO\`2jks\\0uŅi	!A*0N`O/y\x.}dyvťڗW\9\9\\0\J\\Fwd,L.IVVdW\C-+mm\NNO\\...\42\䰸<r@\n\d2<\ZKq(TN#\)*O!\"\r\)L*9D\nO\-\\qs\#\ɾ~l{\P{\@\\\8nqvyyq9\7~~o_csSUoi`_\0\ǿn\\\\Zvm}mm\n`£\ghX\L\̶	\=\Ex4l\nEG!~\\Z\K\ȼ{-\\qsu}ɠq$\0\\"\s\D.D\B[\07o\BC_L\0\\'o\G\[\m\n\$Hx\n0<\\qqtyf7ַ0҉k\'Nu3f\\/myAeY4A\\\\"?N&\wMw\-\/t7\u4\v\NVLO47\f\\ZK\\n\\\Z\'JFs\'\f\rf\'+&+㧪\aBG󂇲\^DΣӮg\ħmq\-1^Uh\f\N\I\rۉh<NOo3\VUO0_u:|\\Z\]1;\ʠ\NKٝf\;I\0\i.\\\SJB*U\/+\\P:W\u\r\d\\vV]䜆\-\\>{PP}\\Z\"*§O*\3S\}TvԎcJm$\&\n\eK_2p\ђ:,f*/b,+/\\.]ɝ{ME+Z+*\=*\F2?\8\kK^5w\\0p\q\\\]nV\Ft\\\K\\\q@B\\F:9\?\u-\\\a^E1\e\/ʲ#JRJr_\edg@\\n)\/).)..((x7F\UW&`\`XU\W^\_^PV<**4YX\Z*\ש\"\^m\j\\eO<:_|ճ\\k\r~7\\487E<ljz\\Z9\Yk«\\}Y\y1\\òlU\Hu\PM\`M\@mP]	\n\T\\\\\\\\\\?2<<>:>5=7]H\\hi\\2l:0D:Bb N !\ᯫ<D.IsD\,?089уŶ\r6wuMNÍ\Qgpc\\mU5\\h\*\K\JQ\q\l\rlcG!1;2%`}7\bm\;`E^\P*\>P6sc\\4\c0~\ne\\X?\0\ű6\d}>ۀ-6\zZ\;[\:\\*`c5ySy39S\ԉ؉\C_6\\\5\`t\'?\\^MQ\\PД>L򒉛A\'3egs㪐\\0գ\:\\3\'\+\6v\\{Jyh.\T\G4\qm\i%!;\}\JWGV0BEC7/AcCJ|UU\rz۠DsFu49\0\N䌆iUae\J{\\wI\Г\Hv=\ۇoH_9,u\\T5:*\HF\B\r`j(晴ȱ\\#^&N(\; rQW\%t\.A\\0fыf\0\ˋ\>-G؇S\\p\r\q\{\Q\U,+ -8/8? UnoNV`nvXQbUyy\\YYLIITQQxqU^\nz%\\\0]	\\BBKb˓\3\n3J\SsrR\BeW\w6ȱ\\Nųk/\0`\\/ֽR\ZϵZ[A\\\LlM0&oΎ޾ޞ\ɉ\9H\0\\L\$\AF3Y`\D\fL2.\\P\r[\ID\0l823\?>\5m\h\\[\\!cm\u\S**Q\nP d ,\"\ZXC\0\"e\oBJf\p\6}}*?\VD\'m>\\\Z\p=\ݍ\`\*ٷM\L\\Oc&*S\˒FKbGKƶ\\\\} (c=)/Ѐ^	O XUg֋[.\?v\̝r\\RP\'vz\)0.\'\\\8*}\@\\j{v`ƒ1X9}\r;vTUvP>.\nE\n\QKz\v怐\*,Y(\>&\\\һ\vT#~]O$\e!bnڋDF\~\0=\\0= d\"f*`\r;͕٨Cfp\T&T.x<\=	F\C[://\;fSKv\\\p\\'Y\e(`!EEy*hZ)LJMMRUU<HVuT:\n	+.z4;\\'\'78\'?*(18- = 937>95!24\Q\\\\>10~w^\(zم\\\^\\\v\0k\\0\\Z\\\\\ll]\\\\'\gY`\Z&\\$3\Z\rO\B%CC`2\40(aдoagg\&~!\r`G&ơ\rϼ\\\\\\\\\\\\R\\\0aE%\f0`\_	_,	]\\"aԥ\aǈ\\~\\0n f\\0eio\\TV~0y<Csl\nK#s9\ƨ\\<6}m\\\`zm`?\\7P\"P\\eDC\'4MX.\\\\00\t/m\-2X&iI]\l\Xc\\<׉iB\r\\\Q\ZJ\\&3F˒GKFG#%\\F?\rL]mK\5fZc5F?\JUWQK\\wL\z\nW50(aP\-0\\Z\\B掉\#W\rD/#tNK茺\I\}\\4\_l \F\6Rv\)ݶ{\\\Bz9h\w\Cr˧|n]ۂ||v\{\Յ\\EN\3W\c*\Xvܮc\n{\0se¶Zbt%o)zRu\ޣ{\\=\"\HN\HQC\Z*n&A\00\rLX\n\\'{\\nj.t!:V]\\d\\r\s\XLA2k\'bܑ\\\\ ;̭ ֻ4# 044<R\Z\2\Z2\\\jkZL2ZLj}$LMlEyXE_~ޓ4\\W\\Y\	\y\9iى\i11qq!~/\2Qp\.\խ\W+_ļz5^o\x)ĥ)½ygͱ\\䠞\\\}\\09غB`͵m\\\\\\\\lrbZED\r)\?l+A҉T\2D\"\)TVk!0\JAB\\"a#\s=#c\0XsO_\\@\p\(v`,_p\0zg\mp%2z\\{mra\\rccc\r\\ݻ7\E^ANG\\.EG.	g_#%\r40\mߑ~,\	\\0r$r\' _\\'\07EYg\g9DxD\\n#㹤eM#r\Ugc\r>\|l(ķ\\F/x\\008O\\\\G\0\\\\\Tu:\MZ\.\\\˄\Ǣ籽.h`.\\O\\\g-\5\\\\03#M7_<\X2Q_<^=Z1R2\\8Z?R3\\>T\W~`\g	\Z\A1CӞ1T.\rtr%\e!z\\<,\rUJp빃!0h\q=\xT\rk:B5]\!rAcHQ\o\Be\N\xD\Gc\L\\\;O\\:T2^]\0\\?P򂖄 7}i\W\A?RC\!5aka3hT{%wH\ї\k,l\A\ڢ\t\\\Hё<.n*zLq?tHv\^oA\t%w\n\Z\n1*T<-}\"]gv/0t p#\u\r\@\GK~r+\\1\\)+\5\'ԭ0\QyRHenjIyqAMuN]mzSCZsczscfksv{kVsSVc\V\\\ra\ИM*()\J41\\'9!(99:9519=--%559>>6:2,.i\Y.R\.\^\\\\Wݫ>ךo\i	uj\rwklAN%YkD\\\δኴ\\aL4\R>`u`m\0XGoO@\\vbbvfz\0\	\ZZj\ \hx*9\pKE\2DUh\Й%\ZU\03K L\C3P\Zz\\rMM\\\\\\-\\/.,\\\\\khj,)+E\i	Awd\w~ޠ{\n\ƛM\7[hx}ԯ\ol;\"\#\0\\\\0w`PXyAЃ_a+Tdc-1\$iq0\Xa\i\?\EL2Ť\\\\r`-\"0\nqw۹8\r2\M\\"-tPp}\!:a\0\A\0[\2\'\۫g;\Z\w\AC\׀5\b\n\#\\yK\JXh`\\[\tkQ\\^a0KUK{|1\P\nJA	\=;k0\0X;\Z\\8\ދ^P\{^m\y}\UΩl%0\\mA\1>$\T3ͤvK\@\ieL`%\\\.t>2Dm\n2\\\RF\@r\n=\=&\B\0=۵\Y-\\!F\&re\\\C2R5V\\m`\\\m` |\ZTє9H2.\nSm`\0宩:zȒKd-_?\|R,\\\VVQRR_W\\\\\Ց\\U\\U\\\r)\\(hoGS\\^\\Y\\]\\3pK,.\J*9\')>81):1%115))`\w\\|nz5\h	\\\\\\\\\=\y{\\ָ\ړ:\B2\{rc{\R*3\00h`\\r\#\r\M5c-C\}m]\]]}}\6\\E @BrA`fDGZX#A,-\@)4\"eln;\10\5<zM-\\$&zz1u\VyeHV[_\'8\Z=ˁ\n}-\\Xؼ}N)oޮyi]h~um\>hE-\\9A>`<&JX ̏\4\sy\.g,\\qsT\\"|t\Y\R>6O^\Z\\/`{f\fFm\6lq\O]\šV\\0ls\M\\\v~l~\Z\B\\0m.ʜT\)e)衤FK%r\K\nu$<%\x\h\\0;\\~0춑\qU(a@\nv\\r}\ZϪ\S\D\Na\}\3\\֊O(\=.s\f ?Y+meL\&\Z\-\O(\P\a.\Lf\һ$v\\ԑ\i$\~;\Z*\92BƲH(U3Vеr 0%\XAJt/\\NW!\[\\5\V\\p -to2\~\Q.R*ji\\\WVaFGUm34\\?mk\Z\Z\(n\N[Z闒䛒\\Z\r,&\02>`N\΍ _/_mw;Ü:#ݺ:ὔ3\egO{\+%ud\Ɋ\Ή\\O\-J(K\ئұ\\ډ\\\\\\щi0-`\Z\"Wg\gg\'&ؾ\ѱ\\\\%i\-[2\S\V?c0\%^\X\\\|\l\=Z\\D[G{}cCM-\ZS\\\(dT/X`\y\˱A@?\0{\\ll\_ᯛ\>mnVx6\r\< \3綇IX`9%.\r\Bqp\TX\\[.4\r:]\\0\0IDAT~8A!-Җ\'Ĺ\\c!C\a؟\\#\Id`\\<Ђ.N0\\9?C\MR\\c$\4\fSX\؇/\0\eHL[fPI˓K#s=͓=\ӽ\\:\X\D3q0D%̲hxd\\\Z\\\uh}\\M=\K-s]u\\5Sm\--0k*Ƕ4\ra+\R\#mi\HY\Xe\hy\",[\Z3\\H,@%5ԟ\\tB{X_\\\Ob}\\\'Q\D>|8\=\]ˇ$\i	;h\n]\E\Up2SuTx \=*wEW^{\\gw\*\:-\\n2\Z\\r=g\\)\W\g\~\VJO*\?\Ra\^+E\k00lLO\U\wVM\\0Q>@\?goUUQ\Ra	ݖ\\8&\~ԗڡ+П4\'\Ti\*,\\>\"\Hjf\"\'|L^\De+*b(`eFp\}\0_/	-I[YūG8@V\4VyT\\QQ\F\\+^җ;ti\`%\\H]֗jp\X\\\s&OŸ_N~z+\csN\Ї\\\\!5yi\\\ɦٙ\\\Ʃ\\\ɖɩ֩鶩\\ΙYH\\d\\hUWoacsRE\\쌀DX\\\\\踄ĸ\Ą؄\\؀GO\ey].~\ncssKcc`p)^KS[H(\\\:\wĿ\L\J\r\I\\\ˎ\ˉ\͋\)HB\0+O\VmD\0h\h\Z\\\\\\\\\\\\pKK\\\22_\\o\\jlmkooli\\\XE$,R\бȤ9!\!seD\Z\f\_6<2950::63H$P9,ڥ\ !o6W\V,\2~;:\\\5o|b@$\\7P@ \槏%\Znw\O᧟ޣ޿\\Y?|/o\\nz`\\G\\|am}\\XTPgQy\O\A5hf8y	߆\fp9,A#Y\r]h~0.mF\2?I\'\M\q3L\<\n~lNi	7\\\\'~_\§w\qXL4?4%/2	,\L\\#\L\t7aK!.0d\\ng\l\&\葅\)40\\k+k)n/\.,U.4zȸI\e\\7x\ޯ\\\c.-MwuMw\\4.\u7Mw\C\\&Z1c\գMUضẼ\\􁲴\\,<i$z8b9XaP_^@_06\?\;7Kz\)9&EU䳲0\\\'w<N\\?\n\r2HH	o\z\\\	D2s\Gd.i7\\^k\\'ew\h\"\TS\\\һN\\9)\Rv2#\O\9\\Jq\N]w۫\9\Am\9}սgUQ\JM\FU\JY3م\Tj\VvhKEC\\T?{\A!`IЮ\һeBRuBMaxLQ]Aҗ\w>i\\ZCⴎ#W\n\\5Ucz\U#ūP\\\P_\AW\^[\VS촆(\\\gu$\\\\\4vT\s\r\/X8\\z\\\^s~[AGAІ\҆\\\ٹ\OP\\{\q]s]S3\\r\\ri\e3S\#\"BC^GDGDGGFGE\\D&FĿ~\\\Z\};\\z[\ gHCKc+f\=ѴD?ny\֕\דԟz0;?\'/7/?(\*\\\L!|3\\\\\\\\\\\\\\هl\Z\N\\"\23=?35?75\ǆ\\0\\\99Ee\e}=c3338\\ \\\\\\2(:` JZ͏\O\Z\\{\-\03> K\rGӗ\\T\T\"\d2WOo\ȁ\\\\_~zAܷ?䧟\0?$\0\? \\,\?0\n\\0t!#\ZQ\E\A\\ȣS!IchG\0F&\[{|qz87L\\rі)\E\]\\\F\y&\\\3b\\\NLo]nOMfm\p}\pCx8\I0x7k߽y£-\\\w\\r6mla\\\\\\ZINJH,\Z*.֛\+\0/\\Xe\\\W\//\5Ufphy{\rQ^ЕBF\\\2Vkz\L\2\\=wP\=,\\r]\\h\"\ğ\]_\DMO\>,\!F;J턘\\:.\Rq/\BaLO(\R\wJii\=*?\Ji~3&һJ\Dc$\H|+$~\\\Om\hEOz`} \e*_JВ?P\\\60^\0{Z:uP\\!IC\K\J׍n(\1Qi|\\sdte\hIb٨C`\ڒ\I_Зd)\0Qt9ްz\\\yu;`|J\rˋ\Z\z\\'\ff\\Ѡ!G5_əv\x}W_y}KzEIdzjXbB`DxphPhh\\АȐ\ఄ\\ׁI/^&=B\0+{v\\\0&\n-F=\\0`ا_6՟\_\_aL\p]\Hc\P\\\_\\X\\\<\\9\\膌\r C[ꪪ*\\Js3S\\S\\JrZ[33SK8Af\\}ʖ@/\n\nt\t\79=-.-Й\G$\3@r&\\U6\r\h4\<ܲ	wZ\Oy?Y_^\0ɢ0@qaԀi\yq}7,ɠ\0BZ\\'s}~BZ\Xo\Mv.\\rs:\e݀\h\6\ŹѩѮ\ʌƒ\\\\Ϊ*qoss>]\\*01\lZ\\lW\Lgj\0aL\pm\&o3T:RL6P1P6<\W60\t*Ӷvd\,&EQ\\{v.ڨa\\\\L\\V\\"$\\0Vi\r1\iKu\>k\'w\Xf\=\ȟ\\\^?\r\\7M\\\_4\G\\\Hv̘\\5\a.\Ba\.\qyn\1ٝPH\2ߡ/\VD8)ڢB-#Pv)`	\\n^\\Z\[m\\h$xҒՑ9k sHኩ\MS;A\\n\\\-kU*\^h+\|\\Hד\u\Xr:\~\0ԯ;#\\\\'<%`\0XIBPufB]q~}}mSWW\\h\\t\\,\ih`Zs\\ @Z\\$,\1\\%\\\\\؀\\0P\\/}^$?Ky\\u;\\z\[վw\ `\0\\Z\\\\\	\֙b;`yуqEɃ\)ſ\0lS<P[\WW\ZSY_^\\Si,)j,ﭮl*-ͩ/\kĔ\ח\חa0ŕť\%%E99Y))q1ѡQA9\)}}ccSӳc3c3hg\Ke\\\'D.E\ge\\X\\\{\\q@\n\cpY[[Z\[\\\>p\-g>]\{]\~\0\U7o?«\]tT\rn\Z8\rS4\n@!\\%gPL*E#}&\0G_e9<.͑)Y:~N\/ɢ\9\"bSѬmH}}\]{M\'g\\\\w &\!ps\ScsK}\\ɮ\\\T\<O\_l`\޿\\\\G\\\0À.IӖ$\\\$288(8\"z~\(\fl [߽\\?\w7Զ\ۂ\0\r\r7\\\\aGkrUU)\04ad8b(|(l8d h w\re\r\0`q\0toք\\-/kc!\\|$\k^-B@\%\V\wLYr\\MAi+-\\Z\J{+\1W\\r9Ο\\<*K_j\'\ \؏;ԅP\g}ߔ]Yo[7\r\?k\nEK䇃?j\@#\!?!ğ%\'g\!tDw\\\Q[\GA\\\nTRw5\\\\..OGDPF%k)!+Uŷ&\Z+\nYXՖu8$w\PP)\>t\E=[-\\\Ǖ-{gv%tx\]2T|X\릩\7i\t6\%[C\&VG\f\c\\[\#5\\[\\' mS \\\ڞ\\\nLZVvlB\밈\0\\0+\\ς?zy\\3\K\u\\*;\4Ext\>\Nxޕr{^$t\n`C5٫`S0)\)i/\\\g\\ņgG\\\\\n{\\\3&\eb|HjjTfVBN^FAa^AA^fFZ\\dX\3\	ѡ\r]\==C=\C#\#\\㳳\\\PX,\r\0m`kVQzAP\\\\\\^~	0\0\nt+o\n\\+\m\v޾i}s\eq\P2<\0Z\\"d~yiH\'2F%\imz#<&C\'3)\Zq	\0i<JӈL\M\qh\8C7k\؏\׵?iu\[\"\ff\'\GGǇf\g&{\{\'zf\\	2~A{c\C0C\\\	B\x\"nnjthRW^X_Q\\\S\\Z?6л05E\\\mo\o~ן\\\\Z?=\@ɶZnl\0\\\\6\N\\\\rWoBLH/O,-\0Cfg`32\&\B\\\%\yK\˺W\r	~0,\ˋ\\KwLԠ;(qZ]䘊\~ǔ\T\B&\Z\\Xn\'\Z#\]evH\З\.]\vj	\ACA\\?\\3\ZB\?	 \0\Z\rh\n\D%SGx»D)\\\Q\t!J]s4*my	\ZZ\[ pgS%\*§\iK?$/\c\T)@:&~LI\TQ\LY\Ry\9wH梁\Ê׎*\SG\\C[\g̡~q\>\0 ح8ң<\euZH]AR]u\030X74\\0aG\4n/UuVw\5\Ug\\&%	~<\\\\\\\\k\\ɏ]3<od_\P\n\0wÚ\\:u\?՛\ۗ\f;`9Qy1I%iC\\|G\-\Zrӊ^=O|\\\\z/\;W_^?\~\\NWm\/?}\\,:\ujFrn~NnnvZJRd\KOǮϽcc\"r2\*J*\++k0m\r-\#C\3S\˸%\Z\esV<\)\\\\\\\\\,J\㛷[۴Pd\0m\W\˖*W\\\[		\AG\#!\W]h\\0\|\0[Y[᮰XL\n\@\"\\\[\-K(]T\n	XLw#\\0lVX4.¢atBAb\\\0leD\\NO\rNO\M\fǡ\i$<^~/`Ø\"`L^^\t57\v4׷5ֶ\׶7\tObfgi\W\Gxh\aw\Z\퀍ccWc\xC\$r˂Ѻ\QLhaK\\"\"ded!c\kD\\is\q>\0<\+\io;#\0XF_5+}JK\\\\Bf)\=\Dn\00\b,=\{d\ +\m\_2ڣ/KO|\'r\0x\a\Ƅ)\'A&4\P>A-\4:{Ŷ%KSb˰\0LU\\\%{A:}P\+L\\j?9\ri\"\\\0v\D庉2T+RǕEM!\*\\'U\^н._\d\>W(\6;pݑW,p=\y5\͔Xm~\"~xC\_\\\\h\,kh)\-.NN\y\\\^\?\n{(\x\i\2\/\>X\Zct{\=1Z\\lp:->\q\0\7/^q\\Mc\O:^;\\\\Q\Q)\YY\q=r{yמz=		N͊vLOqXlЋ\Კ,k~q\\M\fCYKP\^E/_~o/\x\0[\\\[]\	`0\"aq;`et/.(^PP}0V\t\0M#r3\UY\F S\\&Ǧf\&\#ӣ\SyOb \\\\\\l ++aL\P	ř	\`_OgwgL{;\\\\\$aaA\"}\r\\߽\d\\\>\\\L\{6҄\06Z_m(/\04\\e!|\BBG\nCs9\069Ĕ0XG\\g\0Xc\\x\0H}/&\Y\%(a^\u:u\T\QKgudZ\4\lZP:\\\y\\c{L\w9&\L~\\\{,Z*\;C\FUXSj66*\"\\\\\\\c\N\?QM|\V$v܃FSb^4\\\CsH|\VhI\\ӑ\)\0,dt-\\gTŁ+\44l\\Ψ\8켅v\\\AG\FM\tf&i}@8\)ԯF\\\C_\N<r0~2\\l\\xkPR\.`FLMwW\ \T.t!\Z[\K:#//<*\\/ \\/\\?\\?\? \up|X@\Ӥ\'._\T\.\0\mZ\\Z]\=Zct&خ\\\pmpCp}iOeai|Dc\\K\|.ؾzz\\\c,M\0cm~\\\\e/>~1\	\0XFFZ\\tT\'\wn\\?eu\\\Nݰw\\r\\\!gEaGq\0zAX̭Q\0\\\0\a!j<c\[pB6jc\\\/\\`[9\\r?ڛ\rX`9L\ZL\"?\\\\\\\\"r0B\\t\b\l}\\n\\r\\F\r\+\=\Ѕ\W\fҙȚIPo2䂜c\y\nt~M>`Ȟ~?\ǟ߼i}\J\\\'gƧ\'Ǧ`:;5L\\k䬖\nS\#_/x\\{\X\\\0%II%,-\\LN\r\rewopdxtfj\ZS\<6k}m\\\\Oo~\۟\_\_\P\uaP\Z\nGW!NcMy9\5\U\\)\\\ѣ\\pl\둂\ἐ\\Hpv\p630 `X\\	\Z|\Z4$4$e8\\F6k}\\R\\L\\TnUvX\KzRIו<#eP\`\\qJ]\F\rp>.l{@\ӞOZbg\\	{M3\ZbDO@e9\"d\Bi\3ݦ˃\"BrBBGD+Ì\!}R{I\՗ާ3{\\J\֕ح#KWz!\ݺRtv\a}&JP\\\\R<lzc\àY[ +H[÷֔W?{@\AC\0l \Cz\neOI+\*CҐ\\Q\r\!hnz\T\1u\\.\'u<N>`x\TCG7\N{~7\\)\\\0\~X\U2%&\'\";\21\>=\13\37\7?wngfkbct\\rt`\ۊjRr\c\\䤔\䄬t4\nT\rb[.B	k|\\\\Cn\I@\0\\nʉF\$\rgU\\rU֕Օw\Dݿ\s\\\9\glۜ|t\\q3\'c\9y\\\&$d\\\\\efD\Ƽy\r\\U+kǎ_5տnv螅\	#gW{ \\\\r\rءy*Ā\\+&A\\'\\00`\,\\Z|xOȆ퀡n7ߏ\\ފ\00\0\#8`1,%&|۾\\rfW\\oY[\\љ4eyqyvnan~\2^l9?\\\w\Y[g\"\'Keq\\)V\\\6\F\b ;Gz\n˅\b \mi,\:\[ƾ\0\\Cԁ羱J_\-\\\OO#紃\\\-,\x\"Le0Xl\0\nO\r^%GW짟\\'~}lmmAW!\"\f c^(\Q\\v`pt`p\bǦqT*\aC!}OM\\'\\9\nnj7\	%\^Umݕc%\*\Ƣϫ\\'&j&3\'S$O\M\LFGb\G\n^\m%\'h$\'%\0\N~ޝ+ͧ3շ#ٯ)	\0\Z\ZRK_{G8{\`\\\^f\Z\j\\*M\m$yD憡\uC\\\Z\]ї\'}\\\s\\kK^Ёy$Ǜ@sO9#i-qFK\VS䴆\IU!D**bt\\%rDY\@AHOn\Z]=:Ҁ\N\OAO	>}qU\NkKӕ;#kH	\0COP9y@\RM%La\青н\jHӒ>#s^	<\r\\ƲBF\L\͕DO\۽>\r\P\<Ta\\?\Z7C\q}.[ \s>\y\`|\\!➕\'TeՖ57Utwu\rw\L.L.\.\\r\\\-\\r\\NOL\rNL»q;R\\QZ_Z_W:+\QL\\E\\E@\'h`\r\=\"	\Gu\r/3`\~`=ũ}%e\¬\P[^?\\\\\'O<p47mf~\\▕\\w\<y[PT^YSZQSX\\\\t\cGn\:3072<s<\\FAKS\\\\\\<B1P\\\X\\0\\\\$vl\06FSx+<\ml~\E\~#32\0\L\˧UHDO\0L`,\\\a\0F\\sx\+\3gm\r\\\ -\\l\\qhU\#\r\Ye3\\0gL\0Q\ ss8\2H\@P(\S\\:\\\0\Z\Z\Z\\a\gǗڡ]U?\`l.b\(S[\\\ړ|SSC\00LܫT\\>,\\Z<>\}\\\󘺋\=#Gd\ Ab$\X#rr&sY_\\!I\>u.h0])0o/2\A\0&rAk\ri\FhP\\Uō\$0CEa`C*Ԯ\\r]\\$)ZKYi\jK;\Ȟ=(-\^S \0<\IkMqeXi:\3`g\l5$N\\;,\Pb7LM\E,T$5$OkKՅ\\/몑2\-1y\]=\h\z!\\z͔w\0,\=\'«0iYҫ꒔Ɗ\\!@ki~diAal~vdvfdfzhjrtvfbfvb\n\\h/\))\,,\**\))\.*/\\͏\J\uٍZ?d/f\0_\`\\P0w01\5Fߙ7#l ;r 7j ?f0q$\r\0\-\\/\(\ y\\}\=;\\\\e\dav\\5s+\\WN\8޸wtbL^IQuCcCk&\uB\\gOn]r\ԕcG\\;f\\\\\\\E\\\X\\"/\0\fPhd<qynaC\"`\\\.`>n\nK #\\a\\7\VV\3FX\"\/\q\"\\H\"\KsX7o\\7\n+<\a\'`k+\u.s\\oXq\GV6y\rwu\[\W9?0xv\x\"<[0L\0\\B\	uoh\rwF:`Wۀ\r \r222\\r\P߬q)i<gycU]+1b\}Y\0X[OKKj`KJpKJ(\0֐\\\\Zt\\Zj{k\Z+9g(s[O򮾴\Q;\n\n\\0~D\e}+\04\h/+\aPVA7\Z!i\2\Zc&`\J\"aG*1\fR&j⦪bjЍ\\\8\\\iJ\nB\FS\Zb\\=sPJ\0\N}/\ZIuSe\ɞ\\\vr\X\\6\:ްtru+\\gw\_8n\avgA̓\ė\\\0XsSe\P\\\$p5NX\Z\'.\q2Y[X\\_YZ_F\>63\7<\\\[U_WYUZYRUZ[\\Y\\\y9\j\NW|\\\W\\\Z\ֿ@KD\0XGOg_wZHf\P^PaPq\`izoIZ_i&\\@\ڬ\\O\[{ؘ?8aq\\\uK˖\,\ݸ\ERfrY]eSWGH/v})(<&3{\W\9rqp\㢭Ǎs\\\RC0U\}\38<n;`0O	K@\/n\s|\\\';{\0\0\\V\\\B#.\\Id2+|x۠Ks\U\0[Y\n0h\o\0\ap\\w̭qX\)\%\\w\rG\\\\\n\2O:Ⓕe|l\d_BFpHt\Z\n\\\a\\\\\/H \n\-\]\\U\\7o\\\x\7봥\h\0\\r\6\\\ڂƼ\\\ڜɚ\q\0\"e,i,~$\n\k(/?;h \'x07d(\'\\rIB\J}ٝBD\ZXokZP[Zhk*X]oe\/\\9e\⠧;fp\P\!\{zR\rd\n$y\#hj(~\@4K\nQ\\ \\\ %	CuAHT?*f,b$1)P> q\nꑶ\Y[m\\\HU5V1Sj%\r쬶\r	t\!j\\'d\[t?I\e={P\^\"nє\u怔\=\\~>&e)k#g\'\n;=P\m3\ru*\D\kZ2^އdr\r\\<ǽH	-L\l\Z\/͐4M\O \˸\	\\$nqjyiHX\"	Ss#\=\u\)y\)y9\)\\~ϝR<\\x/q.\.	WS\H\kw\^ZDH\/\-ԕ`me{\\{s\h*)F[\\BB]h)\\\x!\]!n\潿MS\3G\;y>f&;;\Z>lJ\0\\&H (HnR$\'9\'\AI[\\:g|\\3F\<;}\\\3wϝ{p\ࠀr&R\"nhini\4j\YrNjNaL|\n%	\n\rD\\\b@{\"|>\rm\Ccp\8>259:6>MF__gWW{ggwo\\}&\\\D\\&~݅ɿ\6P{$\H{sL`d \̾\\w\\-\n\hFz?\ngZyC\|_?<\ZM_\.\a2M\0`	D`gdA]\\Z,\j^_lhhddB\\\?\Bt/]\0*\\憺:D*	|\6440>>\'W2\\3mR.*0Ii0a\:0\XDW\r䰂\꼘\,\Z*TBX\/\\ -P\'\J0iftܥ`x{&ѹ\*X1ɷ\0\K\Ź焻\\\\\p|\\.\S[-o2=\Z\xW\	j\W\!l\|\\Bϝ\ZrݿGfSOj)ب@\\\g\v<d2\:\\\K\V߲檃\\n\6(ݢtq\C\ր\0T`2{_ۭqg\\:\v|M[\\W\^W{_[iE:\n*-;pb\-*!#D\\QC0\n\Ϯ`\\dB\\-a\&~	A)a8\\\\y^H?\u˩mo@]\9\"QQyybZ:F&b#0PL\\\Zodq-\\ZlG\-䤗\^hB˦CD\-h	MA\\\(D^\"D\$P\\\\tX\'=!4zay\\9p\y\Ξ{\\r˗!~,_TW_\\\\\\\=\\;\\;\\\_\\-oT5E\e<I!,YTTZQY^\++Up|\\Z[z{ƇFgf\\'\@yڡeB\\oHs&\_x\\\\6]\\r\웩׳\L}dF\\&7l\#\r\Z\\\cyD-\'&\\BlL6c~/\\B`.Y%;_d\W\}=ݕ\n,ER$\B̋\Ājr\\j\nr\dA`U\$>1\\	\B_VJpb\\. \"W!;7\V@*yD;\;\xa\\\wۜ\!\\\Fꐽ^\G{V\ٻ\KB{TQ7|\rh\\|r\n\c9*0\r\n\\n8e\r\U.\TK\{\\j 00\\Ve\\/;\Fs[.ktr\^dy}\ƛ\\p~;*`rq2\s\s\\\nK*+VQ<tZks)!7\\vLЋ\_\Ø\c`b\AÔd%limMuk*-\0?$\r\Ј#546C\\q\CxOK\'G[kk;{7; C\\UٕD\N@``BStD\0z&\QAVdfX$ߊ\\0vt\'ˎ#\I,\"\K\g\'0\Ã=6kt\9ݗ\\\}p\\\\ޞI\nc`ohl`ppwpowkU\\\\/Q\\$lowִt\r&\'@`\\S\vAk-8O\\\\^ͻ}泿v\mNA\\rUzSl\\\9f\L1?Or5ZH\7V_\8_`\B@N\\r\\+\9\\@\\\|	?}jdZUU\*K	U	*\s⪲c\.Ě\\\,Z]:TƇ	%b\оD\:9k[s(;br#\x/X\SBI\\@`V\'i@=ݵ\.\{V~ɝ\r\ۧzo:\n\"\r\ \\\ۭ)\u\pIG\k{7\ؿI\\\n\ۀ\n\\\\ ~]آt|>\.޻%\\F\\sH]݅n\պu`˝C[\	LM.+[u7<a\\uK*.\ڣ\5\'4֞\tI`d\'P*0WӨ (w#)\Z0nia\<6Ҫ\\\0@])DuР#B~bNWXȃ/n޽w㎾ݻ0|ion\gifvjzfr)\rݝ/\\@ (\L`ÐDaȂ^eDtAKt=2:g%F	\$:=\\]k,^q\V&O:;\GEQEm\\\}5:jd\\\tT\\T\$\?0\\?\\?\\?\:PW\\(\@\\fZ\Qh!hɐ\æ\\a\\g\\r\zS\_wCՅ\P{ͼ\Z	mih\@(k\r\|a_	S\\gVv]\\ut4\565vvvt\r\r\rNLMN\A\\0ARfp\\\\P\"[}sON~\3ubʯ<\\\\nDnUu\\-]]]饑?\\4_.2b\4sB\N=	B\3N\\Z\\\m\j\jk|6\\9\\\\\@`55-\\\]}CcM݃_\,D\|\׳\\\r\|V3UW]WU]^U$-\1ĹBFeCGɧW\FWeGI3dN)db_I:Q%\n\E	\x_>\odVhOA0\C\)I\\s9Ήu,8\\E\\cyX\Bs	ѣ蝃q	2ѳ\JwYm1-\\\mU+o\\\ww\\g|@\Y&bۯ\\9 \\`\wd߆;{5\اq{{n[4\Єrs\]7I;կ@\\iJUW\^h\CˏoXuAJ\r\"l \Һ\zpX\\A;\o\Vc޶\6\\\Z{j\Q@]W.ڵf\\\'4\j<i\%|\uT_\}\\\Ώk=r\\\\\rG7\29\\@x[${$D`dGpr\Z,\\0\\(\È\m\o\KwJ\'z\\'Qy\ʺ꺎vt,\a\zq}2v\r]ڱYT[SP>2zy\\\s׮\޸qUΝǏ\r_:?!ܦ>?B7\Zã\" +feQ9P`V\o\k^\2f\2C\\B\\\Jd]ʉ\Q\!l:EÔE\DpSy\YI4\\\\\\\\\\\9\\#(\',,M\\\\nE͝ݽ\,yfxj\Zeh\2~\\^\3Өq!S\r#\eMM(	_MA㇜U\ZZǙy\\f\MO9\\TA\K>kh>>W\\\٩\S3c\c\3\b#\@Ph\Pd\\2\3^?\\G]\X{gKSK]CSCsKGGw\\`\\\7\W3c\\U__\n\ZɏC_|d\\KL5!_\&\jjj;\\9KryD\\M\Ѿ޶\ږ\\Z\{s*\6\\BqM5k`ha\o5\"0\ћwcm-mf2Y[PU\(\Ɗrc\yѕ҂I^tM^tu.*\'JEgQd\4dy0:/\G\-a\ \n=T71\\\y\\ns֩$ܾ(\67\63G~}Υ\w\;>\;d\\\6\ ~C\ףJ]\ܮ\ƶ\P\ڡ|g\:\;\\Ss\\0\0V\\nQ>d@%`i\yp@\\\>\к\.u](\v_\V.xra5\B;\\\s\\_\{͍5\R\߯zk\M7wU\ֺ\Zڧl\ʅ\\PZWe\\u\oR@L?i/\`l\:⸦\\\=>ar\r\\n,\\<\,cC\\\p\NY\nWK_osoOCW\'8\aU\M\Zz{R\\\nV+\#\]]\ژ\\Z:;9xyyy:ڄ?A28K|rt􋋉V偖eV\As3\6\n,\\lS)|Ȧrb0(җ\\\y\Yqq	\\\\\\\\\\"P\0I\\8᱙\n4Pr\\EDI\m\0D4d\U\z/nrzb\a.\\<i}<_\\4L`_܋0O`@a\n\4䰹\Z싧%o9	\B`U`/DR]]\\\w[ή(c*\\na\O\nl$\Ҍ\Z&Beq\gC\O\\C&ɤ3Hd,?!M`8a4ο21P\/FE\\\ϑb[\T\\{\[z<:k}y\\\(D\#r=\^mN]׷.e\[W\تrm󪫛V\\۪xm\խ׵v\Gy =d\>\Z\\3\ݽ\B>Cxpp\\`\{!S~]`9vj\\\\ծ\\OD\u bďh\\WWEOG\Ǝu״\]ܴ挺\u\n;n[p\\W-޽V\\\\m]꺴\r8\I{\l>O\`tj\\]\G_\\GQU`	a)X\VU_sxhW\L@]Ȭ\\\0\S\\έ\HONN\HRr\ң#Bq/\"_\?9{pp8tG^F%f\iiI1\V\0V\'\\C$^\n]\"fTb+ !sID\"	\\?\0ç}L~=\\\k9\X}\?\\`h\f&죴rGG\Z#\{\L3_\v\Z\\؛ȬМ ?\Hዧ%&?!0ie\\#0.Ŭ`*X\2\\UR`{;X]Y.\\t@Z2_`\\\Z*0,x ّ(L2L*I\n&!xI~H`qo1\S\UeZǵ\n,떍qM\rw1\s\;hwa\{{\\\ 0yo]ٴxeWP.i.a\W\\\\\\+Ac蚙A\\\nU9(vw?b\ZP{<n\}U`V޼Ԧ5\'6*Q_	\ymUH`D 3\ާvk\Z]k\Xse\\Nh(\\t\\-+k-]eŢ\\*\ZF[\فy\أC\r( 0\0򤖅\v\}}y\B\#\\r\BNi}Kc\\0\k?=\abt\\1@އ\r4ԡo:V~M5 \UW\j@r\0a>8F|p\4\.\\&8,\\E1HD\\f@+,K	\Z H$\5%M5\֎\\\\2Un/	o\\\\\Zr\\\ uh&h\`/^n\Z][\\4Uh\\E&kEyzޮl\_\?H`69II\RG!~M`\\\\\2=_(\\\&\ZFGƆƇz\'XCӃ5֡\Q8\Z}f_\\\Zy\gC~K@ -Phd\\\8ls}Y\*\0UTp|ae%nKWxw\\r\Z)e\}=9\^+l\5T\וf\\\\\&*\\Lhʋ3\P\\	\i2\"0ir d\0D1\%Q܅d7pLgǔObdljU\\r\\nu\\nwO	u8>~p\\>K\o7;\\FãT}gNE\0T`W7/1\[7d\\\Xz^m9\Eg\߰\\|\|ۻAvK\z$\E\uRh޺vuڥ*`su7+_\2\Mŭ\@|>*\v\"\P#\~]\^uͱ\r+[\FU,\Xp˪%{׮<\&\j\w\\\M [\;\&j,D`5\<9*a\0\K:\6nqw\\^Dy	Kp̉Êy%흝C\ӓ\M09P\m=\0_gFFᠯ\;\\\\\\W\\\.Ȏr3}z\	\\\'\P\2oX\\ryQ\\8\\(\e\4g(Af%\\@`\+\\AF\V\Er2\D]=]\\ȴ;\3}\_24&\'A\ZP&^\Z3vȵ6w\\\,\\\LhFdm\kP\<i|B\B\A%^\\Oȷ\\\~\\ט~\\La\\9޾txF)dS})^\(!&_-\\\\XsK\O`@Wr`\	FZ-\WJʘ\eLfyK*+\u[a3C\\L}zvzA\(`6T\VBq@!ʥ})0\^YTH` 0L`)!UIUb\\D](l+\RCrX\1/\M`9!9Y\aѮ/]tq\\\ۋ:g\l|B\a\\\ۭ|GGN\L8\\zW^ۼ\n\\\t՗\Ϊ\9LWsم\\\\ڤ\0\Ze3pގ73g*׵!A\\:PU@~Lo\\Kt7\qNk%\0K\\HF\1@U\\fVڨ_e\Z+U_%7,[Mq\\'5\\n^wm;o.r{r\Ptx\fuq˭C\O^҃\оD\!\לd+W\\\9<1y\ԛSP&\SSІi\'&\+:LA\r\Q4us\nr\&!υ\?\Zq\(\\1 0s1W-n#9\\ya\KT`\.\Q!\\\"\X\rÍ\W\E	se#f\'\O}ѩ\\\\\\\\\_ϧ\n\\Zo\L\|2\ǔW\n8L5~\̇)P\w_\\L\Or\L\0\'x|;\XOocSK%*^b\\\\\\R\?K`#\rP{\r\ruմ7T6V+\\Vy1YZ\,-+--q8<p\\DoKu\0,S.0\/aN0\\D!dG\Q]GAB@`Rt\\`\%\0كMtb0@$_4?\`\\`gH`^&\\']:]\:\\V\aO<ط\5\\\`24\m[u}\"zKޗ:r\9%\08\3\?m\E p\%tJWe]v\W\n\A\!\uq˺Z\lP<\\\88\U\Yk;\B}\6K[/j:\\,ݺ\{\eP]KiXz\A5\\Z/l]{}ʭ=\>|\=\ >88\g\\\p}1\\'^\\Cs|\ŀ\<\ǔ`\I\8dƄ\6\۷(\14C1633:==<9\\5\\\>:\΁\;#\\0{Q~~ahf0\i\s4\n|͋\\]eT\n,C\	c\\$z\r\\\V0zë\?op\ziƇL\~o\\\733\իw&y\:\0$\?m\%\\\?\g(\Ol~L叟WM`8u\74I+\)\K$UUU544]\hց\\ziTX\甗0KJ\\lX,mhhjo\\\>\Z\o~.0M`\H~A+.J\'\&N\n% \1\P4J4\\S<*`\\`\K\0\2\\4-\>#\5!Ȗ\e5\w督n79^݋%\\\0\)\\Hf{{VC C:)\.n\\\ag\T\U\XtF\rC8\۸\\e\b\h\!JG튶*\Z@]\'\,;vɱ\Ka\\t[/lY=Qᬚ\\+.ޡ\o^\Ae\j\o)-?~\i-ŋ\V\@r\\K>rofxb\٭6w9\t\0tifdP3\\8\\2&l\-\o\\lF6\\׆\a5ڐ,D!5\Fg\:zS\\\=xk_\CG\OG>@3Dq%\\\Z\\&8,\\A\\^ l/\<o\|\0{\Bf\'\ˢxA0\ܡnhN޼}7\\\\\ρ\[~G\|3\oG\\\3\\2\\\Y%#oZ\󳝜\'O/\~\rS\&޼7^g	l~~\\W`_619326\\\\\\X\T]\P\\i\`\X\d\\\\k$\ϼ{~է\\L\qЫ\H\Z\2c\\\#pl`pl\0Y\y`do\\x\w\fD\?m\c\ \fJ  0Ieeu}]S\$@<{tXvMO#{\o1\ۇ\eXgSuT$\+ʋK\n\n\E౲\n`v\n,\\#CBNuYAmAZCQzcqF]A*2}\I>EQ,\{PG+gi\nQ\\c\q\\\01\WFD\'\"\ꢰ.%\\\I~/⽞Ydۤ\ĺl{?\{\\\\\_\k}I\\\6\\Cd1$\PU	ڋ\B\\\U6)\\\Z1\\03U_rj*N\ck\0GW?\N_p\\u\\rK\oZqq+)etY[VC\:\\Byt\\c*ˏ@9/>z\\ng4\jiyM\\\\PG\V^\\:+\Z{\ſ[\[\E?j,^t\ƕ\^ƊS[V\n_umҭ\keM>!`\\\\B5>I<]\|x\\ٹ Ëa&WzD;${DǇ\^\\*	\Υ\\\̫7^}\w\wN~\\'8\{槙\u-\\QgWC\\?\?J6\EхxɖVwc-\0\%\>Nsz\$\۠\y\\\\# Y٪$ā\^NaQ+hl:\R\\Fwxjd\0Oc?}y\\\۷\7Ԁ\'&\0\\&?\\¢BUF`c#AMYa]a:*´\nLKlt$B,K\'KR\$0.&bbĲ\TP\9\W;쁂%\"\\͓\rb]$xLHMv|\Q˭C_:\4\\(\@C\\Ys{\ڛګ\G\\/LWs9,[@c\P\evX\#\\B\(\\~T߰\\nHNPޠ\0\z\\2\V/9\@]\\\\h,;t:\ƪ#\nV/?L{\~\wk|~\/\Zl\ҝ\Tj*ު\0F~e\\0\\/{\\yjG \"\{\vw\ipX\K\\p76wI.\(F43YL]^\Z;0485z\D_#Y\>f\#g\||]\ؑHyp{\q\\T`\\8>Nh4\a\,g>yFy\~&@Q\\`\TR`NL\'PL&\\L&	\_M`\%k\Z\T\\\\\\\B\O\n\\\';\*QJ2Q``,:dbd>$PL$bq\\t?\\-Q{n\Q=y9\Vu*I|\p}\$\\(\\:\\&\4\r\0C9\\\g{e\v3[^ׄ(\24\\)=*v\ݵ\\uA+[.Z\n\ `2@\i\;\\W\<z\u,\ZDW -\vd-m%x\0<\T]vBeaեGTW\\|Ϫ%ۗ-\\\ʂZ\0\\Z\WlS\\c\}\+h)ܢxv\*\\+\\5\0z;}`\E\'0\C\\+\n\s}9\\\B`\wNn/\Q&o\\0g\*\nq\w\}x~\Oo?Mjh#bC_\\=@o||f`n \\ \9\\2\YT7O\l\ \\"dOcGrd\DV*\"w|\?6\nl\Lr*uFƇ&\Z\r\r\\` 遞\&w\gC\y\\	L,\\壓b-\X̒ܜXaQIYy*ֶ?.7_4\Ք\!j.͂\J*/5\Gc\I\4\"\nrV\I%@J!U\*C+C$s!Hw@HDLF\\H\,\Ӑ\\,\\4\\\"\ݜ`@Z7\0\0vWÌOo\\">ܧpƃ\\ZC\\\_\2Cc\\c\0؁U\\[+\D\ -\\Z\RHc\T\PP\W-گ#k~<nɑ5K\0\^Sa֢T\\~*߸b\u\{5dں\6\\JW]\Vu\\-W\qmLcko\ĝ\k\\\)4hu|Vw\]\\|Q\\'|	|~!fuk\\fHu5Ĺ\\\9\]\|C?\\̫^3\؛\~xapu]Sg<\\ቈ{G1w\n \?E~v&\ZLg<B\\_4/\dI\\ܟgy\"JC\0s\\\x</\ΊmTL\̼ef\0Q\\Z\\m554\\7\77ww\_B7~t>SЎl\\\\\\\\_,0\\с`N`#]]\]}]&E@i?lM/PW8zz\@`/tV\'d^\Z{!f\ZC6gy\kC5\\2\\:\\2\\4\\ XUT&\¼	U\Uյ\-mK#\\{o/`=\kkȯcf62Z\-%`/iA0\'%͡I\YST2#\\AL%U&\	\ I\\\	5*ZGִ$|\0A7d/pPn`\2\y\(\\)nfiQV\텦\\\]\0\\w#\\Sb^\u^1\0*:*1\IdWz\\i%\0\]ظb\@c(vH\\\\r@q!D.dԆ\2#\hYf/9yu\]w\.\;V-߲l\?\X\G?nQZOE\ƪ\Ok)۴Zwj\-J6)^ܸJw\yPBxe\-nE\#\\\F !il\\\ʨ\\(fpT\F\vt\s~\\a\τ=?5DIKu|\\bW\c\}7\nq>gl\Ɛ~i\\\\\\\R\\{\oq<\1\\g\7b-\\';\Zd\\愻f;Z%y\'\2,\n0.Crba<*p\ܨnL/\Kdd5Tz~R&W#	\W`ЋGzFل\\\ZAk6\\\ny\Z\ljoh\inoD\r4\\\A\\/V\b?)\\@`مBG!2\\%ʤ\n3\`,^2\W&IĀ1\nGuc^Hz\=@]RC)޾$¾0ܾ \!\\2\n<\\iPs\@fVw,/\:\ixi\\901;s-\ho<\P }He\l\J\\Z\a\\1Dck<bʑ\-\^ \\r\K\obp\\E;W/ۮt\\,[ú%UlV^k\auœ\\'7)ل윖\Ug7<\\뗜U[vN}9h\\Jp\\M\_ٲ\nu8\9\(\\\\G5LOl<\Vw\\=\0\G\\nyv.\\\\\Z\\6\\\~ͽ_̘\\F\\\\	lɷ\\}}73vz\\\\`O_O[>\"}~\r\:\(\43X˻	gx\9c=yX\\P\\0\T/\T\>\@2D`\,7a\\yT.!&R>>\7><0>6:|9\\F%+6\\\\^\\V7\\0g\ڮ\ʶ:I\'`1K@^\\99Yy9e,_+6\\Q\+/\jلl0\"H\'\HT\"7	[\Nþ*0iR8\\`\\n\\/P~\Z`_Bt*%2ILOVCY!\\\\f\c\5\qt.RD\ۦ|S{5>!\Yc\u\\\\^\\:\n3\dh\Z;i@	%\'ՖP._\ɰ}\]\\\\ZT\*/ڣp\\6ZbƒUp\\V,\RVص^\\\֜޸vj\iMœ\TWPY~r\kX\\3KAc4&mn,l\\\\ssl~Dch==jxX\\8\\\ahxt*ř0KX[Xہf7\\u\#R`C\\\\\'^O\rvtVUUsbC\s\\=M\]M]\S\\2<3ܐ62\\^9\81q%\\|b`NgfS\9^%V\\pr\WB\n`Ec5\@\\̛7?&:u3@`\\\iioo54tw\rv\&gG\}zf\\?K391%cC\C&dwwA}2^n\/\)?&06\\\Z[:\.C\'(D\o޼y5n~aQ\\\+\˔f\\ffege\\\@\/(-ex\\\\޾_\r=\\\p_,\\\n*ͬ*NF/̢\\%I8^\r\nrX\n^F*T\\\@`\ނ(O!\KDP=dW\M\\S*2\"5Y	\XJt)%\\#\\2\<Miv\\8\\Zώnx|H\\!5HG\\rh<9zo7\\nԵ2\:J\\vPךk \6\Ő\^٢]\\-.4:KZ\ \(^\ZxVc\\\r4\\N\\0So->\RZX\=\n\\Zβ\v.ؽ\=+~ܣ\^`˾U_\o\-\څߨ,Yl\F\\\9ƺ\V߰ꘚ±ȉëV^rDqQ\\\.8\\\ӪKΨb߰\2ݍ\/hI\&+oSu­\+o\Ttwk\W18\\-V\;\\\\r督N?=\B\P\!\7|^^E\rUI{Ǧ\LCz3\\\w@.EBZo_z5<<\\\\.Ϗ\81\X\"	6-ǺؖX\XeyX{Z\1	h\\y42\\\g\m\0$؁\Z\YFf\a\̸\&dV\oxa\\b3\ϛݿ;\G1b\d6꽜Ak,\,\\@\֞Ξ(Da\04&i\\q\?)y}v	3\nr!`\@_?\Wlc|`\\ё!|/\\7\3546bPY?S_\\\9\|Px.l\<fg_\\Lw\\TA	V6Wv7IZ\\r\\\UQXPS\,-\q95\Um͐F\\\\\ך\iæ\'\넼\ʒ:VvmyVeI I+H	\Ȃd ǋ\\O\d4iqB8ȋ\r\\\"0Y\-z(^\\ƣxBJ0Y9ι`[-\\\\Yg[gڤZ%8ľ\|\\\C&\v<\ٱ-\ox~H\\uv]\\\\[\Z˯lXq^m18\F\ZK/k\0]Pi\ŭ\g5NoX~Nk\yUW\^ݱ\\]/O\{\f\&	>4fG\\\rm\J4WY\\KOk.=ڲ\\W[\Z\#k]qx\rDR\\Z-ʎ%\\X\\W,(,޷j\\\+n]\\e\m\\͚Xknͪ\Xj\:\\\VXrz*S8f\%W-:rCJ?Y\1N.<\bs\ZrIK\\n|\\rd4\[njC\%}\{X,z\\~;G\}x\\\k7|\r{>\ix\Z\)zzF\\L!\}\-u&\4ab\\\ΡƆ&W\\@xʰ\\Ϻ4̕\BQx^d\!\]˂\n\}2\\A\%\"e#<r\s3lsB]\\=76Ϳ4$e\O͂\4m\G>ksx~֚\>\?+ɥ5\lpchw|lB\\g3u\f\\D\2\\TZl\0I\\ n\WD|pda~afvnzfvFVv6d1`\%lZ*\\\W3\\\\\L@Z,\Oe3\?-0\[(0A\\\0	c\>\0n\"[ {\\\TNc\\J\"\1a6!6Y6֩\fvA/9_;j}\\gu^\ǻ\\ݾZo\uM+\+..;\̺EˮnT\ߩx֣}o\]ݶ\Ɗ*u7E\/dJb\m	I\\rZٚDKNvp\;wk\"\\_tTua%\.9fŁՊW\WZWi\n\uV~S\\˿\^%\j/nǲt\^h\⽊K)-٢h\K\X͚ſ[*˾Q[\ʅە\]\0pXy\ՊGWܿz\^\{V-Z_C;\\\T[rJ})ʙ\r\\j@\\ri\V\+_ݲ\z\v(\\Y}wϺ\?>2lnn]o{\Ǘ|]}~\\\\\O/\VW\\\\I\\e\͇ѷ?\r\~\Z{\\ۡ\\\>nYaz%.؛hoN1~ge\l^\k_\X\\#)²\XA~N\@&_K\&FT^,E\r-\\rr\	v\q.sq.H_X5\\'\L0\7#M`\Z\\\ZEQ{D\\\\쮭k\\Rd~]\R\\B+`:QsR \U0EY`\̌\\\\\bf\'kn\\\\ݻ7#]\\r|IQ\n8LZ**H\%s\$Y?K`\(Dda`Dc\0A\ͧx\n\ 0#\0@]\-9dr\Xu,-\\Nq3Mr1&\}\A\\\C\a|L\`\C\;[W\ظ\\˪+/W궶\;\%{\2q\x7\'\M\\\ߥ\&\׊^bNlIiNgP\c(MԦjU41.D9<:Ե\ߣp\\"t\ZLGa\\KmY`~iPAٺm˾پ+حإ`ת\i,Y;]\uKTSXq\*\\^pۊa\\=+\S\P\\Ki\n*p`\\C\S[~ \Z\\Vް\ZJ\~\KWW)\@.C\?:\:8\\{ot}\C\]Ǘ^v|\\C\-إ\m\\Wm\\\\[wï\\r~\\]\l\\x{K[If6\\\Zc`$\\E\lg\<\ \2\ˏ\81\]\0\(-w,r+\ng\YD\N\\ncIt>ʢa\n0\E\n%\\e\\\'Df&\Ze^|~M`\X[_SW\\\\\\3\{\f\N̼sM\"\Z@:>2_`_2>lx\=::019\}_XuM\+e0al6W\\?L\;:&_؛7_\Z7\\\\n\w7z%\0T:\\uja\'`#C8rr223\ӳ\3sӲ2r򊘥\\\\|\}Fw{\\Wp\\\۩\Z>\'\'^Z\+^ \K2c$~\1\"X(`/Ab V&8I\"F:\0\W@\:\\0C\A`\*H\9ID\'\N%vE~v^\0#\-\G\t\etJő\پNoj[\W骬<~Փ\\\2(RY@\U¸\ɑR!\\:\ױ*$\Q]BTu,1֙ה@Rh2:TBoʌ+\Zޭr=xe\[-ز\\mPYT6/_b\\\M\n6c\\.fۊo\Q\\s\m^}\\%?,n݂o\,Au\"\U\7+-\\V^Sq\\\ߩ-\\\k.f\;V\ݥPGyю\\\w*K釽\_L]AC\\ˏ.~\\}씦\i%g4\\\vNs\r\\m\\qa\J0;:}rH\f\\\0\]np{\\\9G\s\\\a\ƺ\\^\÷\n˺zۛ+\8Z\Jf \\iճL\'b\n\\ 7É\c\"/\n_\\rpI\p7\v5\*\nt*	bC\QN<.L\$\rb	t^<C\'Q0%Ro)֧\\ĺԦJ\\\wSoߏ}1\nrISSW{\\|!\^0_`ߌO\ Z\"˾\r\rr\\\I~?1\\'~t^d٠/\\\\\U%e\ťD\"I}}#\\\\\\\AS\?}\(o\\B\\\o4x-\0*\rzNS5F\VT\\\ddgg#\8r3sr\nK\*8|r\	{/\'\gx鏌\rtR\\ʂ\\ʬ8Q*\&\X\0t%J\A	꒤8,#\H\#@`\\Qct?dJ(<P qN\0\\0؀Jsl|3\_:\:\ȦǇPo\N\˛\4N_qe\z\'3\40@c)UQU(2*S$\$1XG8.\\UG\&D֧ǔRC\\\Pܰ\}Y\M+ݬ \\+nU\\D[yJwA{\w[W|}\\"m[e\jKrF\\۔\X|皥6\EW|n\\˿\ZV/سvўuu\-ڹv\\5v~\\\qGՖP_rLuɑ,:n!GT=\T_P\IE\eam\\vuۖ\\R=?\\6˻\\uu\\\I\l\s\NJT((S^\\TVK\\٢\LaN(\D9_\̟G\\\\\Orx\jZ\V\DGp\\x*?ʏ!U\s|\_\Y?Hvx\2\Ǫ ة(I	\0(܄\\VZlE2@+%b\\"+\nW.[2XL)Cnͼy;5O]	\\\o\\|S>0\\Gfg\\G\;*zvK-Aʪ\X̢\\\\\B~G*444tuv\{Fx-\^r\L5\Y)TIV$L/\dH3D\'\'L$HI`,\\n\\\DabF88LI`1\Il\/A\qɞ<\'쁞\0C;\\DcWfW\ZbWh_\P\\oaotf\CA`K\˛\7+y޻\$c ux8\aN3(	Q4I2>Jq,YC\\>\G\QX\X].VOU\'DV\'\j\c8\\0\G\n>\\j+h,G9a\1-V܂\tr6)\R<cHeUZX\Kh<\1M\\h9Gm\\u\\mXqb\SZ+\l^yf\\[Wڢpj©M+NoZqv\J]m\\\W#\\oSM鲶2:\	[rlU\\(vSgͽ=\\9j\\n\\\\\'xbt9\䊯\%o/\\\<-30~DLnxXvP`voWK}M\s\\']\Oy\pxo,\\$\æ0̷Ǝ#r)x*Bh{a\}\\$ǩ.Y>yAEXoV3E	bi~z,\'1M(10\h,\Dc`rJ`	)\hގ}1&q\\5 \6\a]233=192<\\7\Uu6;\\\jʚ$\ZA[\糊%|ͬ\+m\r\=m=\pX*_ف9\^Mw\WE\n\H\\xqN\\ev\\uv \Mċq\nZqa\\~t\ZŅC%IaPc1~ 0I*3a`/#L@BVa_f\\8\\\\\ \K\\\K0nɾ~O/\\8jw\Օ\w\n7>\\B	\K\Rd\0\KKAJ&\DqT\"\x \Opn,Oǋc\8T&R\8\dV\\\#\WX\\\oys\wBiuk7Z\\c~}\5ӫ:&w\Z]\\K;伸Bwǋs۟\3ݝ\\\xtv\3[\\\\r/l{yQ\+;/\@6rQ\HW\Xw\%+\\\\;Ltw\n|NJs\^\\&\\\䘞\nvn^X^\\w\\p+x$[H\t\\'tgQ\\'Xǻ\zD\;4\gqfi69Nv.v%vYV\|o_\;z+\yQyecg6\\Q	PÓI\/\"nS\\\<Lu|	\I`x? L\\'\piR)%\0-!B9 0>(\'\H<z8+2¨AG@d\r\oX`ȁ<XcKce}Uu}CCsWk\P{\HЄؗaslhԃ32\\'glt\0eW\_,9\\\W\@\;\7O`]ݽ 0VYPRRTʔ\\$mho\\\LOMN&i\0\\\qɱ\־\ơ@3\@3\\P\\\gԕvՔvT7K\@q\,f5ʡl;kx\r\\\Q9##S\SC({gz\jJ\(\T8^	,ZAIȒd8	\'J\\n\"\ʍ	\т\0И8.*9*+M\|\-x)\"(\sn^G.\E@t\EP\\0\\P\@\<^n%\`\8#\]M\Ee\p\d\\\@NTp9)a\8\'!1Ht%Jy	TQJ4=:TʐfĈRdY{^,K2H\x$\Z\B_}YQ!\Ih{t\{44{P\q\~\ܡ8\!;\!\\\"\\\:\ыfr!\\|n\%\\\e\0ks5\\n\n\\\n\2Jee\U\٥!\\=9\\O\;\\\! vy\\\\G=\ss\\!G\\8\$\\J~\\$?`p\lm6\>c\om?\Ln$4\ݡ\ە\\^\\\hob@||\'T\Z\h\'&I.f޶\>N\Aެ\\nR7ď\1h4B[ǭa\-9\r7\\s\qg()ˠBB<r\=\n½K\\0\$\Q\hA<H\\-Mc\>};\\t)kx\B$H&\-,6@/\\k\\\\x}\h#U54J\Z\r\r-]M=H\B\:\n3\\=FGFz\̗\\ZtMLNG\a\h\\Ӈ\n4$\"X/T\ +wsGG\\\jjE\m\h\km\\n,H\`}	\@]q_M\GJk\rj9CFPtniuie~enK\-I\C xU\D\\\haj?\O\"KUeS\	Xa\nb\ ~\GT\'\+P=n\\\.\1KwD8\\\!6\0;!\IJt\\E8(=XWn8rb$ܾ8̮0\.?\%7\pP\pӢ\Osg?+\	}xQ>l?7:L\\`\0\\"n\D($^הܘ\\T\\T\'Icbl:\E\0a,2\aʤHQC-#|KI\e\L3Ү,ҁIgFڔ\l\"\0mա\TBv,\"\\p1\\ef>O6H\r4\1\7ˍȍ0Eɉ0ɉ0\\n\"3\yVȋ\PÜPB=\'\ynAߣ\{iVz$x#=\\Au\}\\QÎzGnuu\\q\\\n\;\x\׭O\Э\\\n0\\\K\"\J#\˨\% dg8\g&ɮ\^n9>\\~v憑\ݺ=\\~QiE]N[	6E\ngG\\dNtd\y\\>qϮ\\>\r\v\q\u\\n(\B\\B\nMvbX<Mu0+v.-#rhh\\I\K\B\08v4w\\\\\\#\\\'g\}k{~ޚv>\_H\\\\Bw\r>n\\\\	\gwogscuynrS2\.hZ#܏pFX(21Q\ZJasԖԲ>c\S_\md\\n\2Zn_[Z\ώ/`\a$t\n\D\n)	1h/\"x*.d\nb4>\\r|\\{ZB	2\]d@cpdP\"zzu.%z\\n½\n0>%8\RWΩoSabXf\\\qI\[A\0ނ4&\Aɥ\A\Œax$9:Qh\Nl\I\\0\\\:5q| ̏!\>(!㨕I\hp4*M$Ö\%<Ƞ\ɡ\\l\'֡nό4v\GRm\\I\E$\"U޺h[B/8l?bZH\Ǜ\c\\n\"\1&y\P\`\d?CͭP\>Oox<\r\\\\Ϙ_>\!S\s\n\\;sԎgt\t\8\\rí4\'Ya\ED{9ս\Z\\m\\"\\eUS{S]i{az?gc\i\m`\\\aQ\98A,O\\0#h:]>H5\\"\\*\\)\\-\\53=/ܯ)HtǾ}|#\ƨ\ǥ,\"C_\n0ȬT\ZLJ\̢0Ġ\\@9\rW]\\\<>592z	+В~\&cx{hK~\J`U\\-mC\\\cmmUía_#\\v@`\ϣ\#s\\`u%L\\\\\➪\ꂮ꼮\ڏT\wW\}C\%-h`iA\"$0\^RD)T\^\"\Xq#\\\n\B\r\\"\Â\q\"0\C\)zxgƁj\\n*(!\0IP1\{6эCr\PʨEx\\p\\\w!ѯⓃO3Ly\o\\u`=x.Ώ/\Sa(<z8*3\^G?Id&GW\Te\\\&B	,Zʠ\n	|\Z\G\GV%Eצ\Ԧ\A`S\ңj\\"\\D<~l8+ʯ\zC\l3\,<U>\&k\\5F\1nnjf:GafYaO\\/Ӄ\^$<Mz\\\c\\\mLn~{\\O\;v\\\\>\-vn>Ck\6\=[4vmV\m*\h><\\>;#\y/=\(/\&/\WEyQi]k[U!\aˮg;;v;\\$\\6\\&;\!\Y\"`Je\\(Z\E\\8\\xg\Ƈ7\eX?LGF\\\!{\ES\<o%\ɂ\ç`t\\ZG)ODSh\H&5 \\'\\5\׵8\dV_^0\\:2>:>\ZZ׿\\'	\\&0IC}MsGc\|\ρ\\ݟ\\\/N9&gtgdgo\\\Z\\\\\\\m\\@\\'\r\rtML\[+VSRTPZ\\^Q\rE\\rU\5\\\fp#wb(%`F\ȿ>\_[$g\\\W[\[S\[]\S]\0%(22ktHr:\stJse\6QVUNl!5O&s\rI ]%\A]s\\Ⱥ\{ATB	$\K\)&\0a\\1 DA`KBf\FQ}qn\\.\a.D\\\0KͽdB[	\\\!B2)GcXvG\\d~<<\^\(\Q\"\\Z\zUf\\MNr\@\nMOŐDT8*Bǀ\H\rUJT%\D892-:#.;!/!764\"d\x1$d?(\'t{.\.\Ώ]\\\o\awc}=\\\&\\V\ށow`\\p\x ;\!\\&\܌0\Zbt\Ǘ\\\]u\\\'\O\?{\]{\\sp\\\w\߶s\\6m\ٸeӆ\7lX^m\z\Uת]|`\Cیu{\\nw,\\ѰgGpfh7\;<f\<J5H3\t4\q5\\rIpǚ\Zܽ\v\/n>B?\\<\\o\{ÅTqbš]\ܯ߸sɑd\[./\nK¼\`&>EgQ1؀$/\6g?\\($KdqU@$D\"+#I4\\`0{bn\jT\XA\T33z[ƆG&ߎiջ7?M\鷟Kn%K\\J`\gF3\\ގϾ|#7T\몚\\\z\?8w,ͷ\\\\\\\\\\A\i\\\\\i\i\iw\q#2\W\\\[U][\b1ˋR\R\\l\7B*T\_\_\S\SS\WW4\P2\X\n%ԑ{j\\\\\\@ت\r\\H\肘v\\':Őۄ撴X\\	-\"\hY\"*0h\#\\$\[ D/CKiB$\_\#D#\\w\.p0(^d9\uN`XW.ޕKt\R<*\"\n\Y8\\P\lS\=-\1\צ\]F\0¨q4N\ZC\3H,<_G\$P\Q05Z*)J	YJH#\"	\HB% fPjRck\\\S\2҉\\R8\\\\\PQL(+\r\p\\"͌Ήjr㡬͌KAG*\\K\\rwq|\ǽϹ<8\p\\\?%\\}f;gk\ÃO;?>\\\\ӶNZ\<lte\\s\yhϵ}{\\\9{\\\;n\ٱyGm\ުm\ƭ[4hin\\AcZ5u:ŵ\\h(\\\\{ӣl.\w\;\y\\]~vG<;I2D6F1ԣ\K0Ȱ~mo\l\bO72g}\c{\h\޴\\N\TOL_kD`o(*J\\ف>=ݳ\*\GzZ\b}ʈ,\neQ\3=(/\/29op8\CL\Q$9RL$\9i\\\hAIƤz8\\޹yF~\ˢ`\\\qqNWC\\\\䛱\Yti\\7\\3\\|~\\'\A`܆O/Jq]mec[C{<\\Յ\L>68L%56:\W6\"Yʭ(sKkefS5U\D\\WS\[\[h:\__*lu\nlS\!\\%\\t\n:(mOt\nl\\6ss\˳*b\"C(\\% \8j/\0\\/`rヅ>Tw9&$\nd\-_\0\\\\u.\;3	\D׌`\0\0B\$\)Ȑ@\\$v<UxKFd\J3i*]%JIQ\**Ɛ*\cks\Sk2\\HaA^\`ON7\'C\\\A`$\Q~2\\OR	>#J~>\^ԐÍ\nLq}\\a\\'w>8\\\z\tn\%\kGt\%\\=7\y͓\\\}\\c;um;W\莍h\ݸq׆\4l\ܼAk\MuM\r5\ruUuj**\\׮W[\ZNq\U\kV*VP\\rU\j\Ƿ^ݽ\gwX_ұ\\1\\\R^}n\$뗉v4[\\\\\\ߵ\\*\L\DY>Mr3M\0!y|Ѡ\nN,0~npੵk\\tu\\;K|KJ\\\,j\'!S0\^o=۷\N\\WD\I\ 0q*]\d2\1\xjN_Kk}\92Υ,\\'%\%\n^NjX\\\;<1Ꚛ-\M`\ao\Қ\?D\\ZiCk}[oKU6\\68\9<\7:2419-\\\\kx\\JVGUi{MAw]Aomnm!ث\nBR&JgeNg%\0H]\0C\.\F\W\~\U8U2PڅY\6^V+/s~f`6av \\Mo)M4\Z*\nCC?v!@]ذ9%`A]_&0q\\0֛O\S\\0ٕOt]D!\"3.\\'E0\p0p\70\%\'\>+ȦPA²H\Z(\\\\رa\\ث~\")$ɨ̊:\'&72fQ8!+\"FHR|4x8VPT fy9z9BX?!)X!I@.\TXm^BCarcQ\nMy\Z2¸PI9֘ْͨM\M]<~a\ֳٻ\mػ\\\m\'\c7\ɽ;O\\ujΓ\\vXG\\\\7\ۦ{j\\Z\Z\\շijm\\تa\\ruM\j\TT\o\\N}\\Z\\\땕\))U\\f\\5\++lUYuh㚳[\_ڮv{\\\M\j;\\\\u\H\퓡\'#\\"=Х>j\XK\(kPÇ\ol\8z\\\r\nN\O\_ƻxeـ\n1lJ(7[q6;wĺ\ڋ~ܾ\I/=\\L\\A\'e݃e\VW\\߱\Qh) 0D\nL\'ʎ\\\hxOGwOqܯ\q`w\\\J]\+\]J#ųS\Dξѩד`W?km?\\\7}\_TtwO34vd\\/16vl\\\\\X?2\ngks\0\\ѡ>pr\Z64\\?\\7\\;\\\7\\\\\6\\2\\2\\:\\>\ׁ2\\6\\1:\5:\=:6066,<61>=9j\\W\f\|y|jdlZȩvIz{!3\\U\\n\\.)x(St}R\U	*\\N4wIN8SՁ\\u	\Z-\PZ-ܔ/i\5CV\J)d1ɡNYxO&=TD+S\d<?\eA)A&KƏ	\\bA]Xa\\\0͛Or\\\DW)Ž\VIr\ah@`H\:p\\\\\g&ơ8Ծ p(	u*	sfa\\"<\8ȥ\t2/\O\0\|FIx^2AB\\"\'E%\9)I9\ry\@yiv0%KÕEý_).\ZƧ1\XBU2.\'.+!+G\t0cx{\$JM\Z-IIR+\cj\!!#s\\Zsb\3h<Z\\&xU\êCt8!)7KNۘ\8\\\?r\\t\\\\⁇>t@\O߇r\g\=\=zGw]?sK߷\\'u\vn>\m\\8w\=\.\\~qݽ\\vo;\\\Z7i\بMCUcښ\*ʊ\(mY[]尖\-*綫]ۣu\\g\\\:\~XwNG\>K{fp7\1\)\\ \]ӳG\iT\\w\\lS̲}l\"\\q\\w+4\\w\\8[ò Wf\P.N\p\^\1ع)\\\b_>.@H\n\F\GS\\ta2\G~\K\֍\G\<Y\j\we\C\	T:7/V848019;6v4\\؛\\0\0x5\8YGL](o\3&߼3[\\%/%0\\[G;\'{_\|?2at\\~769;::\\\\\\\\\k&zdLvvBXolX\P_w__gWogkWpw\hO\xo\D/D1]\<\=2ҋL<>:=1;3fv\\\OS\~鑑\:I]Z<PS\_]\W\i\_i>e)\#G\%\ld\\i(\fN<R$PV\r(Ō\<OjSR}6ν\"I!J\HD,7.q\O&\\\\\hrPy@\q\|\d*[\U\"_\P4\\ؔYZ\\\9\\8oѯ\ϡ 61(M(\"H\"\nI$BEL\Mn*ʬɉfҥiѕQT\Z\(rd	0\\,c\X49*5.313\\`Rұ\\4zCZl]jLe\nIH\`\d\\f\'\\\6\\4\ҫOV7\K\ˋ\\\\x49>\'AJ+aR\Bm\1`\it\\\kv\\\/ӛ\K==\\'ם]uxp\\k}]\;\\ny\\\N?\=\\1+\'_^;cw\I\;\X\9evѵ#/x|\ĽsGo<|\3w\߶Qg\u\\\\mQYc\mR9U\\Nk\;\\\=ou:.\u\/l\h/\_q|	\\'5Y\\:e2\\&\\6\\1\\%7\9/³8ԩ\ǆ\#{\\\*?\e\Χ8y`\A\%\~\\7/\kk\\\0zX\\X\\H(,A\\'\\\"\b\L\7ڱ\ꚛWB\g\'\\l\'g6-O\$\*\\\쮖ڑ\ёW#w#ߍz\K\^kˁ\\@L\-.\\n8\\\O+M|\\`\@{_oGOwGwwwWw_xow{qaqee \^dѩ\ \\\f_}03f|l|6\\\\Q\o2;E\-hk:\\\,\aKo}V\H?L`I\rDa.8>$뜊q\&::yqq\nuqa\\PQ$PQNH@`bz(\[HvB#9K\\0Օ0*3q\0f\r8̮$\WqsISI3\\F\Ǧsalj(;*K00x,\\Crz(+[	q*F\n{ƍ	\у,DC5\Q\\\nvdGlJ ¦sc8dPbSNRc-\\-\ӁG\HbIՉɴ\\\OKU\T\\d\\fF\eE6dF5fD\\\y8_	1%_O%P\\5\\c\ZsDT6#8\?=\)>*\\2\\g\?\\\"\\4\0z\ZS\_]^\\rO#\\xf$\\\˻\/^\2\ct\\N\-\\;}]~\ ~Ɨ\\r_{\\G^?vlڰM]U[uN6ݧ\6\\ؿ\\\\f9]<\w:\uacGS)\\Kg\\\zT]\\\`\\>AAe\\n\_\0:\'\^pRSc\w?(}\\E\\o[}v+\\$\ݼ\ߡ(ģTN\⨼\2r8\\\с7\]=akT\\P\\R\Z\Y\\\VDb^<%\\\\[T/YyjŢS+^\\\xf\3\\E6e8v͠\'И9*nA{CMW\\\\\\YD]!\r\\3uu>ۍ?o.\rtuwu­\3\\=\\\\\\\\\\\\\\\\\Q7\Y?\\<\Ղ2\ޮ\\\ɱW\ͼ=\\\mi\\JK[\yBڄ\\&Ȁȅ\OMl0H.\V\<\\?F]Y|uI,\+s\eb]ll2ÜTyUĄGÄL`8$0I_e4\\(\9N -	\\"\,\VuBX3It/c=ʈ\DlJ\0\2\/ѻ\Yd=J	lg]\	:aG8^\\\p憺r\\Y\Lob)֏dG\QUCKcT\'\23=\\ 5BC&D~X\"25pu2&\DJ#U%j\)ԖDrMdX5)X\ @`Uѕ5)\\\xJU2:$`E0١NYN\\(iaN	A6q\q\031\eaa\\Xo\X/\Ks\\	\\\1@w\$YAϳ8\'1nh.V1fw^\~gɵ\Ot]9:[5ԶlV_v\&\\Zvn\\#\\wyo$3أQH\g\\,B\\\8ﲖ\ɍk.u-$S\\3\Zr\n$iie\E\>.8\G\ݴd\}\w;\cr?\\ \e]qg)>+Gǧ9_pqÚ:Z.V~N%%!\po!C\\}޽uÁ\-_sѷ;~\B}u%\F]L\nJ#\\X&XQ-*ˬ5Ԉ:\\\G\'^ϼ01ac5ϭ \7\"\yf|\\\XGggmcF,lhkhh\\\y\?\O\nld\\ᑉ*9\\6\51\-G.\\\\\\֮ND`=]]]C]]ru4t\\\7w4t\"\Z\n\Z\nD\\\\\\ZOv6\vV:*\$>\n\B\\7\U\?*Vp.u\՗\'ԗ%4\'5*R\04h%\S\$4^);\\':\*&\X6\3#\dwx쐏(\n\Ɔ\#8ą\0\0r #@`H$M\$V\ZV\B*#}%\JG%\QC)@\=%Vf[\Zl\w.w.ĺEq\"\)A*ED\/;2\]\Q\^\Z\R\Z\Xd\o]h\\8\Y\y\Zg8>Kydq\'\v݃\"\g99\eLsv#\UA(UP9\ 1Y\\1(ɱU\	\\)\\&\\$\Ղ҂0i\"*ZLL$K\\xgxBu\\%\Z\MJZ(\ZW%\05\xRCJTuB+exPW)Ϋ \=3\!%\65Ȟ\m\f\aL1}\<\\ \\\\\\ \E\\$od\_$\/xg\'q$<K{`\o\k\\Oaq#\\%\Ggm\x~\\Gl\٪Y}\&5\\jkk\߼\?>c|b\틑\E\\QE\0\wiTY~A[\\^9T\TX\Z\n-\432Kpa	Nv\/SSQE__W\G\>`$\\0\\<\'\UF*\s}0O\\\r^M\\̑dR_ \`\2o9ΟM\n \z:=8v`\\%ٰ\\?l^\\\_\˵3.p.0A\,+\ɋ\\'H8Y\eU\\S\ӯ&^Mv{\\\6\\]( ^x\M\rwT\\𪄂\ʆ\Ǝ\i4~iM\ZF6\=\\1\\B\\kC&ghs|K\/	9\\\\\9\\9\\\\\\\\\\\\\\\\\\\Z\\V3\V?\\C\\ gskgwll\\\\\\W\'\\\n˛\풜6qV0E8\^`_2\cxih\n$Tˌ-c&6a(2\I}\n\n\Zf(/ 6\E3K\:eQ\\"\\\"ݍ|_\6׏6ύp@cтd\DD\be\e	2$\K\\\\U*o\rŧ\]ED\\B텞\5-*/s)\{ph!e\b`iTP-<2E`a=\\\Xn\\`gfKy[9\\iLoDۧԧ\07\\\8x\s#<э5d_\a\\n\\\ydHrAlj\0/*,\\	iXQJ\\SNjsZDz\jт\ᢘi2\"aऱ\*2#\nFiPD\x.#\\\q\\X\\u\A</\Udc_.яCg}1nI>q^\1~1/a\h_h\t\\>F~&\fiF)/|\'z\y>|\m\kh`\g\k\GsKf~\\\\sV/\=\\-\7l\XY}\:7٢ua\V}۟\\r\J\r+g#bC޶8\涵\\.kCK=&ɿ299?\\\z\\\rRx\\c7-[\o\wZ0=7\\Ayc^{~W	!E\rcGE\C\VNUS}C\Yv\`?66cBY\\rRpv\{TW\w5?ך\K\?l\\奶\'\\r\\[,p(t.	\0҂	iĊ,2+RO\1*yy\\\Qd͆\\d\\Gi\\\](	\K@`c\3C\\UuUJ>R*k]\\n.\\\NBs(\PN9r\rw\\\сj\mo\:\{:Z;:[\\Zkۛz[[j\\Za;\\t6!t\\\֪\&a[]\\\&*jP{5қs\\0킌NQVG{}\|95F7U<xVS\ZWUĨ)A\ZK\$-\0/O\P\nA_ӄ\tG:\=\\\\H\\e#03hWk1\\+FWĄpbC0pKHJ&WAH^jZPu-կ\[I$C\iA	\ږZX\9\\(~$b_5I\ 4༙\n\P׊0wpX\#\ۚa<\\8\\\naY \U\\T\\ xd?t\\\\<^ClD.ɓC\rD\\8 ,J$\Ve$դ\'\g\\$E8o\ys<j\Q&T@ia5\0)\"ޒ	Y4\\"H\\X<6*\\q/r-v\{\"|/VGY;\\ꔃu\»cS#S0V\ᖉ\qA&qAƱF	~F\~L\\\\P}M\}L\}4I\rJ	JH5K\8\Q\#\=\-?\k.\.럿\\Փ{N\ݼw\N-m\r\\hi\\xy\\wZ\8G3.$RB\})\}.xK\K5\\0=5/4U\\-k,\*\Z<ݿX\\Zax0Щȥxq4^<K\\l*6/\\\\\\\Z\'UWڝ=h$\0>s+s\"y\$A\Zp}\\\\,?o˾Oos\ظ\ǳKl\yz7\Ұ\Ѣ\\\\\"\QX7\\$sH\(nQ$I\̨\\z\\{;G\'\F^\V\\{P~ؗFǦGZ\\*k++$<D,mk\\\\\\\\\\\\\\\\\\݌\09m#\rF:P\\kooom\lm\nm\mk\mo\jonoolnmim\l4IA`\0a\r:jzڪZ͒:vkmysuqse~(\0\0{5\\Zy\O\d]\\n\\ԅ2_`F\#\p\@`\\ԗ,x\\ς\\\\"\\|i^O(n/Lnz\\\O\?Oq0HvV.W\ʲ\0^L\Zd\\p,\1*VMFtЙ8\9J\\\\\\Yxrw!΃I+bÙExBG~}Qث\\1\\1?ȵ$ܫ4·ď\J\ȕQq4\%bEQ\a{xڇ\<gd3Vx\\\"Wv%k+J\p\pnd7ˋ%\n\hU4~|TU&COlİzBz|%\ݼ,ܓOabq\ ~q#C*~l/\:\U\B\\frB0\\,_\U\\T\m_\\\vz\\|\|J|J\x\bofs\5\Gur)\YD\t]JMRebYRIJYjyZizYfy6\25\\")\,!\$\\8)\$1\(>\0\EJ\Ӕ\I~\|cΏ\m\\r6b~\\?wX\\}\vnTݾQ\fS\\.\\\~\<\\}\b\:i`\e\~{l\h\\a^\~YA\'Qj2 %ISҼ\9r\ww\oL)	J\"\e%4452r	t1<\\\\C\n7lz\\YMn\\j).i\/\\\'2qb|\;\\|\\\wE5\}`\Rc\\-2*pEUES%1<Z$\x</\\&#yтhI^ NZR\ɫhiwu6\M\B+[W\\\\\حW\d#yޏL\\Zok\J?&溶\\\\׽o\\LI\_229;<>5<<:48\\\\\\\\\\\ь\nr\Z\\\i\jB\n\m\\i\\l\nkjo[ثjrM:\V9\^9\!\o{ZC:fomIWUA4]6s \+(2\\n\\n8\&;=6\ǈyCOn5@T\<!\2Z&~z=+\'\PR\JH.\g~To\0H\l\\\\U_\\F\|_s\\ǽX\-c\\(|GqO=̋\r\	\xH !%\%	\<bZ4*22HJ\\+B\J-J[ž\\f\A6ERs)ν0\5\Z\\b\\O~s]EmMeQcY\!\m\\D \"IiD\#s#2̓@\;\xt\\ϔCq1qX\t8(\8\> NJR$ĝ\\\NeI\!\nFJ\"1B2G\nR1\H\"\UƐk+\y<xe{\Z\\|r\]*BYž>ynnn6Y\|ZdsQa+\\-+Mg&bҩ1Svk&\\X*9\,%\<=\*-\\Ί\\\dFX$%L4L\L{\\rks;\\N/Z\y|\\\\uwm:E\\fV\7\\ٷ\XP\\k4[ػg]Nn7\^}K\ۛ>٭dv\\\\\΀;#\K|Qn\\9\XQ-o컻O\\\}\W*\jrE\̊rq-l\\cR\Tk\\{\hrq,\\Rm\\\az\.61IL{;tѷ\_\?\?\\W}\\\n׮?7\\bJzdMf$@\\\P\d27\r\O\'\n2\L2	s#tiCZP\L\l\\j;\\'\'_~7a#oތ\\N~5;\<\\%7\\}y3<\\3uX\?dmP\a\\T\\p]{Vʆ&@m\e}/փ\%\>	fzU:\.Ah	zZx\\\\t\\\d\\\$dPl\|P!A\4tƠ&C\"}$\n\gS\\\KK\C\b|#\"00B53$4Ja.5\C$\\P<s^\~fV.]ur\\\\\\?\\\g\\r\%\Mr*yF\\1a\8<\'\KE\\F(7:E\Q$Q!bJ\U\P\k\\4.\p.\\9 <Kɋ\TDS|sBS\\\\rbL&\:\x[a\8XhydDEM\E\x,\0R\8>)Kg\B\\\"?\DkC\\ǌ)\\N{y-\L$ԔMvɎ\U\FQqJ8?\Z\'#Ȣ\adh3T۩\6pgv\\Ǉ\UQ\Z:>\\K\H*\',QEdZK\4\Zߎ2\`\d\h\2\Ì\V\^\\U\\		\,.\d[킊1\\!eE{dŸ\1\sݲ(NV)!\`\룽\r\8\,U\\"-\\XIrqr\|^\z=tyfv\\\\6\M|tzߍ\\\h\V߿M\v4\Ѷt\\\1\;o[sK}\ݭ\n\G4/\u\So\V/o{bq#\\IT\I^\bݞ\o\\?j &\"ѻ:\P\RR\V\\dWw*%*\\\\v{4#-)-EE]l~P\]U\&Vf$\\K\\\}\w\ߩ.q\jE-*.\\>\+7`(ت\ʌ\~\\$?\K r\?K\'\2Q\4IA$(_Y)b65;{ZF_!\\'ߣ@\\\\\\ٱٷx{K\\Za\\Z\\\g\B_\"ϲ\\%	jb.[\"\4ֶ{t\+:;\9\\\\\\\\\\\\\\\\\\\\\\\\݌HfU<\*B\o\6ʺ\}5.\\C{\^PBD%\|\=|}\\`EI\KO\\'W\"Ԗ\'\\0n65+\^d\d3d/#\*\\\.\\5`\\\/!\\z\\~fen]&\&\RD*/f\bY$4WN\Ǆ\n\!\\'\n\\0B\\ےd|l\Cf=Pw*#=KDwf76I\r\\'x\1c,$\\Z8$9gږEcʉ!LJx9Ǌ$r\X6G#$0\"T\\\\h\sЭ?\cp1\\~AIޣ\\	\\P1ܨ(3O㓃J\\\\x\\8H~z5\\AQyU]3?\K$\놳\l2aRrPcl\\\s#$Gϲ\\;?/4/.p(qs(Bʋ[\K8\O,vK*D<\钁K\Xa\\0BF:\`9)A\P\\|b\\G9< Z\Ř\	0\ip\ᮮcwO\xp\\\hإyaϦ\\ߪUEWu\Ej\\\\\\\Y\\Gmuw\d=\\I\\\@SՍ\΋{3iQn)\\\}i\[o\Mn+)\\	%\DѿsQs틣\R\\\\tFKaN{EEP\Y]\*S\\\n\Yz\)/O%W_\\\v\\tp\9-\\'68\K}o\\B\UI\\%1\ㄉQX<JHĀ\88V*\"\r\\ p3\0*3A>\-I\\\\񷓓罹~C\Y؇Oy7\y\\}o\{/\Z@iKRP\\\\		\'!	IHB(\\V\\\Z<\̖\\\{sg\N\Zט#3d\\7\c~s4\\[khlk\n	\[u=O34Cg\\\\\i\\j\\\\\\\\\\@6\\5\\\\\\\\\:\\2\\Ew:\\#\+W\E{Q`mb\/WQj@jUZu~\ύ&%zF;\ދԊ\5TՒ\\nIV5\\\z\\\mDcƹx\rB$2W\anf #YM\n6\"5*565&#\ZR\\,\KRD\>ʬ\\\0iF(\reF	Q\\lXiR\0#֋\R\cW\iU\̊,K\&\\Ѽ6V(ĥ1\*l<\ZD\ܤvB0+֏\Q\o\v\\~F:\ې\$H\ƀä٩\a2F$\\;\VD2\]ykmv\dDw3ey[<\n\޼\ ^|dXiBhURhMj\ozv٥\\VN\E72\O\gs9+ܫZ\-\v\*\*״hlWٹ\ R3ͫ$\\r@!Nw\0iHUaV\",\nMrM\\\r]t\t\-4}\i)\ZޖӸq\7.y\\'\NQ=W\\~\gl\\\|x\O烈Jr\0C\\\'*\\\Dw}FMEN@=9SE,,jbXMn|)xP\\\\&S#]Tn\زRtU9	CA>WR>P+\W\&rr6ݾ\\\U\W9\\\\9\\Qˇ䏆\9KxH~6;\`B[\\cى\a^(?&!aP\b\'H(%\5Ll-W\\WRN_P#+iitMN	B\\/?~\\\/\׏?o\\y\\>Myb\E`oGOks[C{gkWOOp\x\\\o?u\ϯ\~#\o\'\^Ç\\ċ\/\{wy\\!\i MKkb\W&z\z\GFz;\\\\\\;\\3\\\\\\\\\4\S7\UbCMU.?\\c@]\\"j2d?!~\\cZW@\\\0\Y.4~}.P\L@Z\T](ϔ\\n\E\E<b5-\\gzBr-K\\K\rLՂ\Z<\\r2\u\\g\[aΏ1N%\\\dqaD~>=Ė\X\+N\#*sb+*\!^\\'\k2\Ң2\:sm\ʬH!\\Q\r\*3c$Pqzd\(B|lEv*?-d b\z3\}QP	RaĐ2L07%XeD\nRCyn ;~ ½<\W	\\aBʒ9@vB\0;\/\\\WW\ޥBG)/̡<\M\\YF,3^\'ʈ\a\q!H\4sM\s./a^hMצ\h1lu9O>pwddR$%N$E\%\\(ab$3\Sn\,CL/ŚkǛ\Û\[ޥ?Q\wxL\\'5Yade\Y]\pm]/ff\}\\wZ3)ʮ(\=aaQmM-C!oD\[=\0-zZlF \\\\e{\\u4\m\#\UCLn\Z(\)Z<w\\+\T.Tp^\\[iʝ3y\YW\\@\SO\KO=\\~V~N\\^zzniKeaH5)TI\40\Z\"\\8!\X\l\3(\^jwu/\fiiS_;%\O5=4\\'\D\!\S\ere\[v\\'oqspW\p\]~o\A\\*7A%$͉\Ǘ\\	\n\EdD]RZ$QLP*	u:f*P\L.\}\ ,\h\rx˫6\ANy\돟\|\?団( \oF](i!\\ƋW\nl\\\?|z\Û\_yr\\\H_\`Ww_{o\\\ȋg/_}>ūo>A\\{#<双{3:\\\\/FF_m\\L^|%³\#_x5OM\EL1<40<84\\?\\3\\2\S7\U5ꚲ׳\Hs6\kY*\\f\\kj%\'.o\GwC\3~N\T\H$\EQ\.(\%\\ X5\\.tc,BM5<tn\\Sp\S\N\nC\%qu\V\n+\\Gt5`ٖa<\!K\¤Y\\Yn|E.FJL$&\\`sӫ3k2\[rS{2\nSjQ*\B\)Ç\\H!6RS\	X~B\07!\\\3}q\ܤ@VB\03\Ic\'RI~Ovm7Ж\(,\\r\Bn2/9\G\\ruT\v\X\͘(\`P!Qʍ	FGS}l=U.j\_oqvO\\s\z\nن\n&\4M\Ͼ<\U\#K&\p\)a~\!~\0?Rט\iժK{v۶ɝz7bn\*f\\\2J^7d+|&n꫐\rՉ[ʋ8\!b`Y/;͋\JF\\"\X!(+\0Ve]nEZQ#XOMrs|}\\Z>\\`c\Z\V\c%?CE_[&\n޾p_\s\\O)_8~\Y\k\w9j\3\\n0\2P0o\j樛bV\\\1wz8\\\:Rp=5WGOl(M J\όg\ؗ\\=Qt\\퓛t\m\L-#v(ó:7XD\r\X\\S\Uyfz#\B%\Fc⨁u\\Ln\\_ӻfcF\e?a`܅YC\[\ha%#40YJUI\"\")j\PY\\nvF/BT\T\'\\i3\\\\O>}{闷U\\\:Ƌ\n\4}7w\M\\o߀^~=61|t\\g/y96rl\8䩗F\'_z=\\\w߽~n\Lx7>v\Z|5\\3A\\w/zb\󡩻-N\\\\с-Ý\C\\V\0rrP\P#7\P\[[\]M\n⭩+{3}褿\L\\lGuX/{&Ђ>wzaA\:F:d\0`\^FX9!8\=\A\\\\ɂ\\u\\+8<T6{\eZ\\#(1z~zs9\\\4\6E\s1\BlZNa\\"\\cqVsqVu^rm~r+9\DN\'\&W\%V1P\ċ҂!\2\1R\"F$\Hv;֗\\N\\B9i!|l\W\Z\͎bD:\\lX\֥!t?SA\#	\ό\č\\I\\Q0Qj8/9Kw5wP<\t\tn!+Ȃn\Kp4)͈b\qe)a\`vd@Y\'؛\\~\VuLO\T:@.\\Z\n\I\\B\\"	\<Jd9zJAiZ)&@S\jjrlG\߱\\m\v\\\%\\Ou\O\%\Ĕ¼bjSG&x\$j\f\~LdVw·\Y\Bs(\\\0J)@`ܐ@~9%\\nF\n1\Zeydz\e{?\|w}\\0\ks7\\v\\ۑVjѶ\"l\ݴ׾brS*rGo\\<tS\\ՓZܺ\{7\T\'\\{\Z3\\h$*řމ6V\ک\#\js\hݬ66\\Moa5`jCx\\H\\"^n~.98܄\Zo\L\b\nGZ%-Ԧ$̞\ZeA5/\'Xd[N=;Ş\\Ƹ\رvX~0\E\%\	%\70\\Z)zNf;4\UA\T1KBOaHS\HI\"zF$\r\ޑ\\\\\||	\\G27[u|{4\\o;\uK	\3\\'\\\{\\\_x\o\\\7\ \ׯ\'^MO|LE\\\0\\\\7cWy0\=r\͛\\\&_y39\\?z\\/\٧Ǟ}Yej\0\\\\ݵ\\e\\\rCzn\.#uU\ґ{O]Ņ\tF.7rY3U\\j3n\\\L?@76\0H]\r\\\"\\%Bį<$3AV@\\-\-\\XrbTqGQ\\{a\\Z1\I.\um\]v\Vԉx\\yUW30ܴF!Y\%\\\\\DO\\@\X7AJ -*$DJ*\n\Hˮ&א\rŸb\\WC\Ub\9\< <+Z#\#K\\bęH`\H`L79\rf\\i\nhgZmq\bC.\]\\Y\\&c:\x\)\Rl$ IǈpLXa\\\Q\\sD\d?cN\!ĆqQ6	/\rcxxz:\>}dz܉U/gpt{\\3\ZrQl\9\6\\\P+:\\'.uW\\i\4QFRu\[6<td\m۶Ic\v\{/\(m4s\e=\.]\\fe3	\0^v$p\|XT\zѓ\\hVyf\0!m \'~zD/=n\d\'\x[X\{	N\X\\*^F\Zo_ztN[\Y=.X^wѺ\kb(\CpXF!\^\xc\ds\\\PS)֣\\Hm\uq3z\槷1(q\r\|ʂ0س-F\(Ң\0)8(Z!͎\"EY\l_@D\gz\D\\)ĵꢰjR8PKh%43J\\ZY8}e\Ĕ81%\\\I\TX%5PEG\0\S\\Ԅ\TqqZQ\r\}\Ϻ^NNy\\\~__VVD\W&ʙ~\7\\L\\<\6ST>\\\O>|\7\޿Byxtw\f5\Zo\_MLNM1>9	\9ʫW/޼Ex ;};͋ׯa\\b\\DW>M|8\ȧco^v~\jee`ٚf\\j*ݲ\nHTմgfo%\\\Z\ZXYhzxxR	lvI2\&PfX S\%\m)]\:xy]n<oWc\\DoEa+\ό acMC\\Zi&:j`\\5b4h<\s5\\\-\̀eMI\J2\P\$\i\	rZYI>&P[.Ɠ\g S^[WO-\\\"7Gά!\+\e\nR\'\M\aĹ	X!!\?-\\Le\'saPB*3+	d_^[Y+Ğ`C.&|\t\n\\بm\R\\\0\\\K=\rXOy.\@ij,-J\'EK\\)\\(VL8%\kc\y\\\+\\~O\6eQnx_Qb$),ҟ\\	(r\"\bM5\5\\\\\\58(F]`X`s\X\nU\j\s)r\%tqY}baX\.vJ\@LB%в7Zu떣GN\\up\ֽG\:~\ޭ:]?r6\D\cɷO\\r\\t\n\,XwN^ (#*\pAe_n\0\_\\\"ҽAfdwjSq=%ҎiS\Z\Xq\$IndwƅoM6/xZ$7ԘdH\\\\t3\r22^ڡ67\>br\c\&jW\\+\\6}een\\v\I\zY.OZ8kU-Z\b_}nSuNŘ%q\vVj\'\'\\Io\\Ր!*EԒ\q\r&Vr3;\"RCK \J\nb񲢄J2FR\'-Bꀤ BZ)#EWccWEIcK3\\j\gײBJ$\( 6s긄\ZvF%[AKbU1U\id\d)5\\2ER/-Ib\Z5}C\/&\\\}\ǿoo>_^e\\/yL\\\\\G)\\\oL߇ej}\\\'\7\B	\\ǟQ>\"\>Cn\7\o\n8\\\WFL_\\\}?1G>L\&\O\ͳ\ɑ汾\\#MiuA\7/ت@TP::\"S5uJf\\{\\>f\n}\\\\\L^P6C \N^^;7\\Li\'W\DDܟ\\L\XB8-;\HXg4D\|M\MoE\j\|L\n\"\\^\P)\r\J\\FAv(߼$\\iDca\ az4#2[C\i\7\\nj)\:*\j2^VQABJq~$?I(\B\6	p8~z\K楅C	\\?F\߂`Q\cV\\\\)\\qn3\\<E-:\^\\\1b\\=ŉ)aU\誔؊IJLyb47&FtJ5׵?\!֤x>z=.	f8q\\Q>\0~?\\3\\o3Q\hX_:w\E?\\U.>\'\![j2\\r\LW~k)\\\Z\f\\\)VVW2L\g/_f\{\|\:a+o\\pC\Nn\\ʌWA^8+\'ZY-+E\n\y\`nf\0/ÿԉA?;͛\LOt\:XO1\OB\|\ӽ>\"/\\IsaaXN${:\!Ɏ\\Js\\\\,\:d+lq~\}W;6zJ\nX>\\\@\\\\'\\r\b-u\\r]\᭔vj^\Σ0\J\\0ӻ\NNF[YjSiR]I|\r5\P\\\\\Ik\\PZ\\AcutL\r-XIN*NT0(Dɔ*AZ\4Rj\i\r\r,|-+uX74zf vm\רc\a(\ӀPA\ij\ɕ%IRZ\e\Izigwˉ\W\&\\~yᯯ>\\\__}t\Si\3\=ߨ\\xk\{\\\w\\L9i\1HW3uGO|n|06i>N~|wr\eOptE4\X>T\zg\BP{AE+AfX\wO~K]7\	싽Dmie\"=Vf,7\l\\*Mᧇ\y%<{|+\/\\8\H[,51.z\ rSiOYn8Z\J\\^\r\\6IA\\n=$ڱ м$ʉ\\M	⢤9)U\ZJN5L)&àҹ84&-H\%J\\\\\\xLc%!%&\ÌrYS\J\J\X\OF\\zEyVwMq\\4Og^&\\ܠZ\\1|١VpqO\ԽI\)&<6\\b1Ҽa|bS\,\{7\"W\bw\b37č\\T\fW`om(\X\r\p5\j\lm/`sLTHwI(6|\|3\\a\Z\e\vaEU}wmh\\U+VoXj\-8kϱ\޺s\%{\;f\\5\6o\R|L9)UP&\\	)\n\0\p>>D\\\8\\H[r=9¶\\OdHAb Td\Uy^\'/˫<\W )\\nAEU(eО ̃\"\'9B-B\\M\,\(9>驫\kp\3Hk\ 3M\܏\\'x\Z\y\g8h\f\Þp*|Z\VFJ#\\K\\\M,J)c2:pX\'\Lc\JҀZ\Zjګ\ZAb5-e *R$0Wyq`\P\JRV*$	I	\by1PGgREMa$\5EH\q8^	Aʕ\\M5c#C\&&߾y\\/%:}\\ϿL|\P4s<\jƀ\\(\?||ʛo@?\0\\\\_fio޼ygbbdȭ\C(\^{\~\\\\W\;_5t\\z}\r\z`\SE\)\z.亮Z:HʃJ\\\P6܃\g\ni&\xk\Z)(\[vi\L\R\*\k\\B\W\'/\\H\Sb쓝⭵\%e~\${Ǫ\	\\x\Ǿ&Z^ZI1\Tov(\'u#DW;*;*ɝ\\]5\\:Zw%iHZ\LKF\\:0\\RCʳ\eiEB4[Y{^Ք,@V\"\O\$Hq\Ȋ\XH]\\\RL\075\I\\y0#V_S\c.\,J5\4\Ian\\\?~4Ax\Liu\]\\~\B<D1>҄ iB(:\\iЋһ\x\^n7F\:\V\\<{\[\\BGc\BG3a\\\*i7Bo\<m\\~uɢGvM}(m$Yl\l.IK!41<~W\\|i_\\\q\\\+\m\\n\5׭۲}\\d\}\o\\d\\9\],7\6Ə(\1\\ʢ\nr+\UP\\xQ^ +\\,%ѱsby\\\E\\8z3\\I,\' \*\n\ąA,E	EV\\"kJkhUJRhMqx-$\ZF\>bR /჏w3r6Vr_FC]\#5O\>\\\47~a(\\,\\(\\\0\AvAQ13\VRGm%7\\ꙸfNfKYV+7Gh\\[g<| 3P\Z8h%;\\00aꂳ/-I\nTU`\i5S&`IJ@<IZl\L\S\\9\0c\4\@\nD\e4\",\\\I=qq8W(fdԗS;j\{\ZNL|\\\S\Ͽ\0cAf~s@5\7\P\g_\޿Eyh\k`bA:\Қ\o\n/޿xq\2Y\E\\^vz\4\[\\\\i\4ԕ\\jhS;魦M\\0uWR \tMMǀ\Sg\C>\L,r\\J\U(M`\,\j<Y\\\:D\vo\;\3d4$\\\q~\(\VbQ,jJ\\{tχW 3\r|\\\"\\\JFr?7@5\\Ʋf^3\\ZY\\6f\8ڡ4ٓG8/Q\\'U\d|59SR&0XE,fjFb]^\"rd|$/9\\M	,OS	\p[N5\߈\mP\\t϶Q?U*4u&Αx\q\nUE)\=V\T<\Dew\\.\A\و\a.;I\\*\"+#\A\$O\\;c\=ϛuەnH4SϱO0gk	h\Z\\>}c{t3YG>ySNZ9g\\_\\܁03\rD\\\\j)]\N6#h*\4\Zx\[[,Ξp݆6n\\v튕Xsׁ#GO\\d뎽[\Zv\-ٰt\֯Z\a.Vd*VZ=*C\\xqalYA;?4;\MNt&\;\A`y(\6@a5\\Ce\\5Zzb\rt#%ER0?WIjJJd0Yq$4fe\'Dy\Z;\6Ӹ\見\m7#UGw}k\Y?\nu16\\n\\y[\\>\0\\\s\!hݴ)6\tڜڂ\ZJj\H\h*\h)#paH&\Z<D\\o2\fsQ\Z 0_ *:996c\HKCibk\)_V9Y\r3kd2\nrfV\H\qr\"\rJ\l\^\갏-J)I\*)	Rr(FZWbj4\ϩѻ+^NN}=r\gd\\c?@·}{L+Qʟ\3ʻ!o}T\ݻw\-w`\\G~\\\#\v\p\ho\@+\Y\{Ԗtאjj(P\\55\Zб\){]!\\?P~\\h\\9\\\'\7\?m\gv	Dٝ\̎rB?ke0S3`du\\7)sfb<Bm\4|t\"M\a\\*=Rs{\\\\$\nBIML\\}\\@\\\"l\y(\\\-e\k\1\̀\'8>%D	s*RA`U$BD&+L\\W&U\&\d)V7;\G*ƅA\$w^7d\g\\5)wf7\h_HS;?Tng\\\^g79\h}z\ѭW\h\\u/\Mi\t[m\c\Sy9\ӊ\nEc:\\Z\^4;Uc\\0\7Lng\\2D-\\l\YճU	):7n^8q\\uK\\q\\g_\pՋX<\T+]{u)? Dn$\jqE1qWAa\y\׬ݲiƵ\7۰f\\k;r\¹\Gܽg\}w\ܷn\U6Za\\\rWܵn\\\J6,S\\URI\%BZl9%ZP%(D\YA4Rs~}^-RF\\:Q\Xo^N0ب_CO\"+F\ ?ء<?2YL5=#ᓣq\A\O\\t\\\\x\3\\\􁟥nY\\0K7\<RY#F\d{\L\\\X׊ؚZRB]qb-\(\脏TjfcdP\n\\ɂ(6$C6F\"EQ\ȊbjH)	\\tXd(8,)\@9!m\,z2\\.hA#`;\d$5QR/&\ʊe\8Y1v\SEt\\+A\\l\Z\\{9?|x\ӫ?\5QʟGx9\\\\o޽\4c\X`^ML޿\\ӳ\wC\\\r]5\\\jjG\U]\U]\[K\Z+Wt!\rMJdDqj\[hiu5@Qh>\L]\L]\Қ	\\!\\,\'vgB.\ j$HA\PK\N-\׀\\\\\\\\||\лcd0\򁟱\.7bbm܂ )-Y\(h`4D_\%\Z\tC?WR\W]\\\r\,.s&{0~̴ >1FZ\\\'\"388Q^-ˍg\"kr1d\;\\'0~XgV\ߜ\eT\Mw\b8jQ-TeiǩN}<\܎nyw\\\6-۳x\?(\]\|*MJb\&\F\b\t~L3(~\p0`:\=\\0t\[݃{t=b\n\Xhmet7\@5\\njyUwo߱b霹\,b\<x$B\2A\F\\B\\H\H\egT\%9	Đ\\'ܾu\\[֬߼r͖\\ׯڸa\\Mk\\8}QY\\W._=y\}vl۽u΍\mXe\\k>w\`\$(n*\m\\iJ6F\H\b\*:d)Z\\\n.\p\03\\~]UP c\\20\%	PQX..\\ZJ\e\C\\\\ \"e\1s!\nƪVZ\\\j<\4\w#\aYyգp+\g\\\\\'d_\B/lDx{):EAV\t\¨Ⱥ¨Rlsq|ki\t	$iTc\\x0{&\\\i1(	\\?Q\\/ȍf\CpV&\\@N(!)\r\ZЈKC=;T2\*\i%X)5EJ@,\"a*I)%^R @\\NӉU\\rk\\H\\\\>?\^!Wd\\\o&_AZ1\\\7qfJkc\0^~\\D&\'G&\'W\\CccC\ހ\aoG{߽\}\\w]U\[\r\ZZO\r\U\\\)+l\vU\40\.p䭚\v\'H\B\!-!^\Cқ\\rIK\\\-)j!\+\ȿ\;:D[Jqa\Fq\/f^v?h\vr;ʳ\xYܩ3\eș\\\R}\?\[\\zF9$:\\\h\\*ݍ3iy\\P\B\\H\x!ѧ\Zڴ2l4hYhl7\\n<\D\r9-\&\`3}RCǐbìH\WF7)\K(LK\\s9Il^\\x\oV7΋\Z\Z\\waÜ8\L\\'$\'\B[\bu\=]clIJG\oV8\\'w\\\.\n^}t\~\_\\Y?Y\\\\;2to\?U`BT\'[\+0\\3Oy|X5\]\\@\sv\o[nC8C\lc\\c#[D[*X-\uhM}\\f뚵,Z`\\;~\\}*g3)\=*D	\"}Ҕj|\\>$\\@ᴾ\5{{7U\_8r\\\ݽa\\\6X{=5\+\\qܱCgv\<e-m\\qέu(YI\bR4[F\Hk\\eiu,lCY:P\\V`$\\n*TAMl`\2SJ*h\Zf2\\IZ&.V[R\Lc6xf^\q\\\)\\\t풬\zAJuY\\Y^Dz\\'C{;\F\Z\>z\Ʒ\X\F\=33\\\\]<2]&Zk$X\O\\9\k~aͤ\6jb;-i夶sӻ\p-/\[\2۸\v^v?J;lrmuthr\ET\\U\W\#e!8,(0AVWIJ(J\\\\\nR \ˍ./\\\c+)U%XPTyQ<\04X-+H\퐴*\\U1qh580^(V \+!QS\)\I1\d\\\\W>&=I6u\_\'o\\͞\\5\7\B\k\HN\4ELN<]fllr`lr\x\h\ˁ\/\<xgr|\\\\۱Wc_tL7־l\\2Сj\4\A]T\\\1x\544@edj\/rANNM@B[PЧ@#\"JJ<Ro^QaGT\\'.B\\AcAH\\>]\iZ\\+\6$x\t\uAz\s\{\\#vvfj\'=&3\gdu\-cc\bl=R־3\\n\rO#\'\ZWuNX\^O3fk\*Ih<\\Bj*\g60J\!Y\Z\\ͬzF]\@c9\\jՒDr9Ђ\Zf[\Z\\"H\r+\nRI\7;+ņ00\$N;=ʑlI{\d<yx3\MXO螆4WBk\\&7n\*\\ev8D\\Ń\'vi\٢~ݞE\_pڥ\/]|`\\#6*\\jL\\x\3x˙z73\\=P\պ\:Vr\i3uwmj\=\Rtd\\>V\\W\"\\k+$]\ߧxQR̟\+]Q=mK\Zx\\%K\/\\pd\\"\\{\^\пEw|,\nr\\1Bl\\\\oR\\M?}rV,s\{Z&:\P:{\׎=\\\\'/]\PQӼ|Wڝwo]x\\\Gڷk\6]MUF~J\W=R\]\!+lt4]NYQ8Ol\B{gEQO5t\Hm\QI[Ey@U\( ֕&A6l«S\0xJTdy]\\VIf\Zd&3\\\Z[\\u0\25\3U0hz;\0\4\\Q&\\AAAa~\I\!7܄m-Jn\"\'p3\R{8Ieei\|B\0\\\hb\\ZY,\\3\'\\\'v\t]NV\HB DV\GV\T\TF\E\8W[_OI%آ\\LT\R\\Z\Z\Xofg6eU1\ rahKM\r\&\P^\ˏ\\YYae\"DirFB\6r\Z-\A;\ӇF\wo?u\\\\p\_3	1\Hk&\\\\7#-i\\\\26#E\6\?5\z{Y\\p\ځqW\r\	\B:\Kj\7AgMT\0\} \'D`ȵɰ\S2>H(&1DN\\0T S\DAj-QZ\Zٝ\\]\$~A_<\\\'2:Y\ڜPZYfzCr-\W\\Zm\w#P_!\H)J0\\fݻzXG\ݴ\'\g^O5)\*\\.\-Z\@=d,&\0\zk\U\(=Ք\\\Z8\嵖g	BHE\H䠪\in/+Ke$\"mrL\\fFyDE\yv֚6Z9-5	On\oz\S\Χ\9zT\\\\|\\r8\\\\\WZ2\\\\\_b\uwoݸgǖkVX0w\\VΚm\K\\h\\Zpx\\T5dU9\%\e\ńg\"\O:`o\Urk\]=y9]\2AW!C[>\\{StT(<L#<4\1BW\\\s{׭]>w˗\\t\\/o\\i\7Ȇw\fHҍ\]68w9K~¹K.\\hޢEV\\i\}\RRzq\LK\HY\\\3|\+\\וn\\_v\\\\;{\u*>MH\,\&okh6u\R*vx\-x+-\;via8\nÞ\0P*ۥy\\fELl*Ϭ\`%	H:!\\\`\`is\\\\#?;\0AO\?T+\cooinchc\\cx\(\S\S\g`AM&R\\:\2:9.\r_6nn3+44`[m||Gyf0:6TQ\\`[à2\r´\0\0IDAT^Y\ZR,:\a	(4L-E\'\Pidf4\\2L\reh\V\n\X\01(yќH14+\\"r\"mj\"Z\O\\%\\Z^Og\g\'\~y\__}F\\!鵬f=FW\Oc\\\w+N L\Z\\Xǫ\CMϻkz[\;j\mv)\r9\0-\\\֩@?h\n2t>Uj/\0*\8\^3NJ\[\\\4b/~n;/\+ܬ&\?M5Mpꌗ\0s\\ŷ\;\VzB+5͎#\\\\r(v\8NW֕XDSh\&\\Z\\ZJ{iكa.pa\E\'no%9\\\\Zt\Jp\0G\\n\nz\{8\0\\r\\N\`͋x>\BYQ\@F9\\n~\t)\\\5R\T1\*\'F*IJiƷ0:\n):\nc\\ƪ}:ᐫ/\<\\G7\ݱ\\%V,ݱj\\ukl\\cۦ\[7Zx\\/d\\\f/d\ܹ\ilnq,V@ҙgNE\\r|fqу\ߵ:\dK\ZWS4\\_Ͷ\gEƄ1CIiO\Toܷmբ\KXjɲWڸtEs.Z>W:^ڡlջ\]<\\/[x\\W,]|\\5V^v\\\kV,Z8w\\:Wdx>\s\輜\\s/\\{\]s.vܵ+\\\v骲\%+=mfnz\5C`u%\\hb\\BE5\r\j\\>\n.\&Dm\\\0ڡ\\!z^v#\\e\(i WSG\ƚ7\r9?yl8\L\'\D+\X+\^\\FzaƠ1\K,RsAu~f\8\16Ț\P\\N\*\\\ewmܬ6^n/Mc&6\ZX\\em|\\\\ZPp\\+H10@.ˋ0m2pX5\0\RPAROOճ z1\0x1B\sf\\\"!\Rt/Zk^{	o,Z1ŷ2X`\Ӽ\\\'2:=N\Z3::8\\8<wdrl\\Ы\7Co^\ix\[\\\\\U\i4KHbRZBC\Be҂58u:U\Z\BB\\&\C\-&3T`\o@Q\-\n\\\\vt+\'@\E7	-\\b;?KX\^\evk	\Ɍv>ކ,mea\I%\r\\\ V5%	-\&\\n\\\z]Vg|3\\n\اC\u\Q\V\U>k젛`cG\zB\Q`6INgE~wUaW%\S\r\D8\!\\Z\TO8r9\r\\ZnZ7\\\A~r#ܑ#I܎}w5\\z\\Ar\ZB5/V;~\O\Dc~\x_\\qq۹۞\n~lӃ=o]u~\\k\Yd\G\ޱe˒%f\a޼,?\\,Y:Ys~Ӝ\\_O\'\-7?{8\\+\\\O$ȟv4\A\\|\\-p8?\\\\`izJTo\\pzXPi`(\\7\\&TK]\nb\%V,]~\rK`\\9[.طn\\e?\\\\fϞx\\%/[\nYʕVYjղ\rkV_b٢\k?颩\xC\[\FpUA]n)\_y$wVi\\S\'Ou\cM\aA\\r>Ho\[Gh41\\B/?n*0(\ZC\\G]C\6rGzfO]Bn5rYYRz $\'rbxO3cu}\rU75\\<\yl`hnf\(\^\\\\'H\~F)R\r\l\\\fFB\'7\\Oo\Az3/-\Ա0\rC\ZC{\\Z\@Z\0qv(1\D\a\8$\@*%i\\%Tӱ5\6a@ih\\n,5\OӺ	>\.MB.\	\\Xn\\(\\\|\\'?||\\0\ן:\\}K	\\=\5\69>f|\7\g211:IU36>62>:2rՋף_?\\l\Vқ\\-\VI2/*\r*0t\n_\\m\ۋ7Gԉ1*\';\0x\ش\f\\@\d2\PePV\s]\\ !ʴ uo5\\N6\rvVWYv/BB\\b%S:8\\fvjKij\Z\	{T|\\\,3(*/\ZT\\$݉{r;\\\p;Ӿu\\ZbMtȎv*Ja\\\bZ$\Vq6\\Y^$Uu\0\¬:nFmYzy>5\&^zCI\0\O	\ì\n|3l\&^Ҿz\iO\\O*?lw\\\W\_=h{q\ǷZ\\\FÃ\c͝\\\\v\\\\X|׺\׮Z|\]h΂\f-Z0{\9͝;o\9\]x\ڴ\\\kB\D_8{@\\\ng\85\\nPS4>\֖j\\9t\n\\\\sX=e+؃\\	\\;D?\\Uy\\\\,]p\+\\xժū\[:o\K.\\\9?e\Ylւ?̝Μo\\r>z\e\[\U\kސ$Q5k4V5۵\\)\+WC\܎w/L\\Mg+\L._\9α=)-\3di4fo-\\L\m5SABhn{\\+@:r&lj2Cҕ:%.gDH2A<Ք!\n;e\JR{%U_\!Tp\T&1\"5\\\\\T󖡪=\'>\n|`\]/û~&\\t-$\gSC168[V5#kŉaěӓ-$>\rѭ|L+?]\.\hd43zZy|5[L,MnH9q;r\KD\@`h\Z*)i\0\\|\B+\ZL\"QGD\\\%*\nlA\r\\\n\}߫aJ3\9 U?W]Q%(n\vֿ|\;v\Ƿ?M-@ԲA\QV\/%oގ\\nl&\cÓ/{=\n\\nV0j\r¢faQKya$S\-\\F_GJWȚ\\@c \)u!M4\Јds\\\n2\-\0\^\0t&u!38Y-\LX\AV\rz^AF7\r\\\Ĵ&\ڒ&zJE^$\%\"cZcCcs\I\!J^\ba\\E(݌0S2R1}ZW񸓑*\\<?Ʃ0ֹ\ʉ(/N`Up3\0HfPCY\\\0Wtux\\\ZzN*\Z%\^\\EQ\<p\_	\?\\.;Nl\9U\\\6h\]s\Զ/e\W\-ۼҎ\\'6۵v\V\\h\Xl\\Z<w¹?-7kD*\\Z8o\칳fϛ=w9sf/\\2oł.o_i}υ!g\\\\ć7\L\u?{\%m}v1ֹ7J<-\Ne\{u\c=\rk\\/s~a\g/\\?\\?8{\y\/Zds\\f\\<~TAܥs˟:sOA\\}Os==˻\_޼\̒\r\͝x\%*WoX}Ѿ}ǎ9=\}b\\r %\P\\ZwU\'B8YϚX/:x]}6@K\\@d V\ܜ:nf\ree=/Q\0on1쏎+\\j\nX<I\0\ZZ3s=\h\\j\x84!\s\'cM#5Ekuw\\0}䔘\ǪO4cD\Y\a\MK\	\$;Q\0\$Iw-\\S#\rcPSl\\FNb\0\+\\ \\Ѕm*υ?DFGVjb^\cVfjSIR5q:MkuXe~|)\@o\bH\ZZ\uB\r%\Z\\0\^hL<5\Y\0T\|Vj\ZYeYL\04V=\\Z%\'-ɨ\\\=\\F&_\\\?K`Ɔ&\r=\\i\Л$E-\FdY\"\NNqN(GN\\0]\\\ނMpثo\&^\).\Uhԅ+@5u\\oT6`M\B]5\^(\rQ\J3\Mcܴ\2,.V3#4e-%VR\\\n%ǻ3S}yaMľ.TSI7Zj!\v|\\Ǫ<V\D\\:$yBd%)\ԑ[dY%# xeЇ\0@U\Zx\nCڹ\\\H)%	HfU\=\p\g{q酝j\xo\Z=wy\\M+lXve\kk\\Y\\\Ǘ/ؿh\ѵ+/9\\U\-|\5\Wn\\nǦv\;\\\gO<z\ླ>\=G\:{\\ڴ\={6lݶf\\;79f\\'\ua_}Wgi@Kнx\\~\-뮬^\pnʹ48\Eqc͇J\\}x\nӧ\+]SPv\u\\*wn\_r\\S\'/\{\\\s\'8~ʥs7.\=TRֿ|\\G_ܵ\ͧvm=}˞E\\\\E\\\={,n\\м\/\\W,_\\\\vl\޳\\\a\;\6<\m;\\:Jۙ\Z\\0zB\UIX\\\0\\\t:`O0\Ԑ#\ZbE\(\rZ\\08\WCm\4e4q2jhɢPJ76\\\ꑙ\Ӈ4̴B,\?U1V5ic\n\h\`\gK	6G\\$Y>Wy+5\\g\k\e\ )k\×\)v\h(m\bUHj\\7-3\{\:x\R,hX#\rSCoAa 0),;\XA(=5S`UjZ*4\\'0\\BGD\`)t8\(7xh\a\/	{!\	\L\Ĝ*I4\\<rb\{a7#_j|er|lb\z21\o\N`\|B`|t`|tett\\T916<>:<1:4r`\E\\P\P\.7\$`\׎ZGT\%\\\J{\k&.l\%gȥW=^)i2XE\HI]\|䉲\^P -\\wz*t\E,\0*\\>q>\0\QnwyN K\0%B\'?{.G\,\l\:\2;YPzʲ:Yeh~gYNG.\\\em&f|+;(+\"\{=\gZ\\V\p2[\\\"\)N\\)j\ZynN3$ۉv\Zvп2b:q\=xJ5,]\;nIf\+#vm\\\\\f^j{y\Z<\)\\(Oo\`\Z؉@7\\"\s0\X\FTUQ\iaK\B\\\\\=\tV\k\\n\\\\\\>[\(u\\/\\>\\mng\luo_=v\F[\?\ލnە:xi?\\\:{ǡ\l\zp;6\۾~\՛֮ڼz\\\˷-^|y\B\\\\r>#\\1z\\ۜ9tg\V\r+t\~*E\\\Ɲ\D;4}\cAv\\۷\Ê\\(+\RRRQTtmEyyӧ\9|x\\\۷ܹu\+,X4\%?|\/߭5k\?.\Usfϛ\\\\-\\\\\}ݒ\d\w\y\?/\Us[7Sl\\Y?lӞ-[xm*Co־\\>+lS:J\K\hÍ%#M\ZԾ\Zrwea4]\*\\\'4{xdʫ0\\.\\E\*\Z#\Sjɝ\\6\͈Ҝ\\Z\)>IN\0>\魥U\hnvx!\;\\\\\`+Pm/cuW\zOq\n\+\\F\x\t_v7=\5/\\4\i\xW\\JrF=\\\m-/\Q:*iRj\)e\"]\p	\r,lCir3mb܌N.\v\\\\HO-*.,?.\	gd\qEU\ZJR5TMŀkJjzWR\YiuF6\Df\KbR\00SfH\\Ղ\\խή53\\U\\+Y8	#]RY\+	;[\_>zyc~|\Ͽ\\\?Oyꟾy~\8?u|\\O\\o\6)0\뗽(/\'^|9\%l1u\klm$KWH!\'}<\\n{*\E\|@ꯦ\\n	L2rҀ<8u\nȊ}\\Y\Pe`E~4W\#ʆ_4o`hp\Z\\r\Z@O{D\Np\0|U@f\'?k^&J7/\\d \T:\2z\"O\if\\&\\ƶS\˒:IL \DOȑxZ\P98K\a\'w\\\}d\YmAD\\ZWMOu$ӽ<\EJh)	\`F1b8IA!nP1$\C		ʓDC.~B\'7,\\\\^l\'\'\\,\\ƴE\"\9Q]\N^,lv\"\aʹO}wM\(Mڔ\=aE?=\\\'\\\8觴\'\HӒ`\\0\,ovAQ^aFz\ݘAr^O;\9jx\\.\\\|FkZ)ٹ݋Nmwh\ݫ\^pے9kz\%\w\yk\D\:j\Zt\\\!\][,[td\\׻?sr~!R?\}[\wn\\`\\YKf\Z\O~iO?\ǹ?|?\g}ʜy\\0_\?\?\?}\YS\\\?~\\\\i\wݟ~e?e\O\o\>d폅\\_;\-\U3/@8W<(M\\R{+\z+ӻ\1B0O\E\nQj(v	x^R\\M\\	\\\Aaƀ0cHD T\\0\U\\\>	\YV? \I2Y\2\"Tzi\<l9>\]e}R\haNX)֛\ZF\\E02\X_f_9!2?Q\\*\	s#dEU\ܓ\AQA\ʈ(I\r\g\50-ܖRBkYVkyn$\ZY\,*n\\fQA?\&4D\&2\[X)MjR,:uL\"\\r\Ϧΐ}XKKK\"dp5$Z(q\\Lnf50pJS\\5\0\'bhDCE\D	%	+B6\r\2\S\\kJ5&)E\7\౟?\\/\\~8\\_~y\1\$=\\Lu|c\"\(\_\"\\\to69\/!i!C \{5\folu\^\lT\=G5ީRl\0\@j)u`\\n= 0\0AA\n\6\"Ma<Jtː\\2\&@g\átrp\t\Njc%0m\n~Zo9<c7O\cg\g\\g\sQ\"<0Jb_\nc\Dq	)fB<!I\Z\'K\d\/D)\\_\R^\RF	\\!i\He\pvP%!^ \\\0P\/\\G_ǡ<Dp!e!\07,6ȏD#yÂ\X`X\\\r\\G\nG\\/yQ\\\"^p^peQ/#QA\snTYC\\aN\\0+\\\\n<ZI^5i\\Kƌg4d\kxe\\rV;*\'_0<[G\\\\6\=Aiۖ]ظ\\\ǖΓ_=Os\r\\W\wO\Z\[\\\W\\/Yo˓36tZ\'ڲn\yK\\Z\OKl\\e?Q\~BYwX\_yX0\%Z6秕~Z5D;{ՂYa\\\Y>u`\\ʻ\"N1\\#>ӿ4\Q\Z\\\n\fuqʂz\\l~.RIw\\	⇢ŉB,(\\n7f;\\r\	F\(\<&\r\nSiâ1\$\?´g)	<\~Q:eu\PE60\\3\#>qf4W\+\\ +r*{y=qnG9K\-΅\1Q\\"\nC.\\\]\\N1DFdkt5X3H\\"0\r\##ei\6V2h\ZVC L\WD,\*\\\(qSƪ\q\TYCKh,Mg$Ø,d_TZ@f\&Q:p\"\n\ZC[a \'꨽f\\\K\\,)()͕	Y\c\_}xӇW>O|e\\~_?\翢 n\aW`\"\(\/$\\\\\xL\\l\6UP\E)u\@E\0\U\\ rA	\P*LDA r@Z\\ԧu\\\G\\SV?Z9Ӵq(\l\[\0Dce.t\\\\H\b%q0e)}eIv\'n4b| \q}y>C^Gӣ\5T\3\\\\䅾\pCeA#`,\Ey3^H7_RFxnNH?3p\r\\vH?;d<X\\O\)v\ t;w]:]n@ŵ\\[\\\\fx2}zK}\~,\nWݫ\\_\=\{\r\`\\Gf3<zh=4x5מ{uQ=;)E.yM9x\t\jYeXϏ\\\Cu9: w\"\x\K&b\D\T?\~k\\r[N\<Ye2\/}}|\rնk\ͫ.m\\\\\x\\\:|UN^p|\K\m]8k\\\qY\\\<Ζs͛m\l\fo~\[s\\=g\]づ{lͼs\]۹Xe\nck\/ly8Z[`~\\"\nJ1\$w\u\uZ\ۊ]ۊ]\\T{7ë\;\\cx|\(\V\Nq颻\)\r\w1z\e\\>Çˡ\Ǎ$\\(\@9R&Rʡ+<P2$ƎH\)=>aRo9W4 \H\@ʐ7(\\rqÒ~aZ9;\\\\\^!O5 \\A	nPJ W\tAc\a-S\\\8\kvRݼttT=5(B40=\CTEX\ZZ\\\\n1q\dL3\БC~AZf/9*M`(u,x\jFV#[PQNϔq\n\ť]u#ýo\'^z\W\\\?\\\2\G`_P1k\\\#/1áH\{wYP\()\\\V!t/T]`A\ZkKq`\\(h\B\N\\rJⷩ\>ILufZ\nM\g\C\\\\M\[\WN\d	\Z۩\rv\屰ml,Zig x\\0\P^CN\\\=\B\+q\"U%֎kڐ\\X`\L\91]\0z)\E}T\a\0\s\uua\\0Źةd\Ioηi#9t;vPh\@ɹح\\Frm-rAJkScGk{Kg[7٣>Ӧ)۾%ױ-ױ;ϱ3Ǿhۙm\W`ݛoٛgٓg\%l\\0$=\Cm+\$\tm:H֝$\.m/աb\A\8tS{\=4\\>Q\d۞\'l\Ms\:vQݻ\n\Zr\\ZMD\ZY]\\ZqMQuaU,FO%\.\.	{@\dhޣ\*ro{\\j\\\Y\SF\\>\Eag7j\]a\\./\\E9ϧ}wn受\-yE׷/}\7\?f\\\?[1\\\V\?z\5ϭ^tv\sByv\(Owjsb圣\g[1ز9G\:l\ѥO,ǖ\=|\\\ߝ[\us\\Ͻ\f\ڶ@s\b\c+lίP\t{O\}8h\\	\r)OZ\\\-$]K}kC[C	:Hߢ\ax\\\%^\\+lH:\nt\.GowOWյ\\Nu4:\i\T\O\CN(TJ)J\{X~nH/\'\\Fh*rix\)\\T\^Ovmyw\\\	\-\H\FI8~H?,IcĐ\FD)Cܸ҈Af\+|=!I\\r1\\^aJ++e\^\Ept4\\\\Aie\:Z,?/tÐ=\1Ң(\\\@ej\QaSXiB-#QEGF+\Ҭ0	%	\d/\0\\\v@\35*%EEqr$%\Ղ\Z~gg\\\\\"\\W\_7Ⱏr/Ϳ۾U\O\Ec9C\{\\?!\/\'ї\\GA\ZG_M>\x\\r\(+j\\r٭\NIn${J`Й\\!@Qh\BՅ\\\n\0T`ä_\C\O\\Xj:M\C33<\% C\\\|/\[\bw2\\\\`;X)\Ԯ\2dOP)\\&\ZF7QS4Wlv\y\r>ڊ/\_wS?lkhu驑\ \\a.%\\'\X`.MLN7\[6dY\\w8\;\9\;7\8v<\\ns\rl\kPiט\Ґ\\\\Ti_\X\Ԕ\Ғ\ޘ\ښ\\V\\Q\=@\#yA\k\6Dq*v\/r\γ\)p\+r\Z,v}V\\T\\\\\J\Qd\S\\Os\\";\\MpF\rD.}KuMIku\'پ1ǲ.ˬ\"ݨ\Z\\\`\q\,r\&u\9୚3\0\&e}YmieQ9F-H\%\p\"ՙ9wy\\Z\r\Mr-F\O\\u\'\Iony+Jj\޷O\^;`.\v\\[\\\\\\~\K^\fra\\M\G\\߷\\U\ڿN\\f\\ۡydơ\7\ݷ\\6ؠrpu{\\\ݹ\V^ݱL~\n\˯#\VJ{\\:^\j\뵏o\?\\\\'w\\y4Jd\H!\B\\V/\EiW$\եfYt8vS<h\L\\R\0ݷأ\\U肖EE=6\M\\[(\\\ \|)\=rHЏq\$Q=\G\\rP\~d\\\w\=P\\[\\Gr\#\rR<)}T\<赸\Oi˷zS,̴eY\Ǧ*yvٖv\\έv-y]^2m]\\%\4\\\Tݽ\\X\ۦ\\\t\CFk&X\\\\\\Z^ -P\#Ȩ	t\v>rv\\L.B\\0A \nM`\pt}EIa$\02C.\0*2R4\0\ZXx䊱Ҍ:&r] ` 4XyQ<À\'\\0hA3\4\\J=_K\USӪ(\05TRj\"`\\9UԶ\\7o\\}\_o\ϯ~\ZND\#\?o	lZZ3F](\췡B\acïƇ\Ny\\,,\5R\\.\'[\-\n/\E\\VdUxG!\a\%CJ\[hJxй\]刁Cӑ̄*\r7-..ۗY\td^FiZ#hg4$1@]\0Z\.ԅm\'Y8 KwS9~\\\g\\];\o\rn\\K\\ڵU\[\'\}\.;U\|pz\\\Pj٣wq\C\n\̕Y}\\\a{\ÎjG5Ni\:#i(c|#\\Z\\\WbL(\Z\0V0R2Q0\誧\\\r=V\0M܌zz;\\\5\\^zr\\\)ws}u\nCCDhS\"hQG\05RO\)*IdЃtJC!zTRLw竕\u\\榞⬚\xJC\\C묚h{c`okos#\J!\B>\Z!\V1\FJí\\'W,;jѵ\0}\Wzk]qsJQK\o\;\\N\k]O:\t\\G\جux\uwg\5;\\\\\}e\꫻V_ݽ\Ҏu\\n[yv\\3\Wؼ\\\%\-:e\MKw|\\\\\ݰ\\y\\;~o\\|z\[W^޾J~\\Z\ԏm\;\\rq\I\9_m+\OǛ+aUR\Ա\\\uru<5u<\\\\꓂\rR,IuEEE\C-ζ2ժg[n]ɰ>J3i0΂l@\\"<,\\\܊~r#\F\|\T1\\\cu;\B!\\\Z\*\\*\ZkwEp箚ns=\Y%\\\#TW\Z\Ң<(\r\\F\Zcb\㍥\\'PV&=J~Z1J~R5L~\"N0*y$5\\ZG\X!̀%\\Z\.w\n\K<չ!4{)W\k\\A裇u\\(`\Z\:}j\\h\\^\\"\j)eBK^7VW\E`y\\\P\0\\*ȊEQhvLVAcƩ[\\\JMԢp|n:\S\NbC/5CnCۑfvV+LCeV$\\IbF\g\$e\-ϐ\A\\4\\O\\\\ˁWw>\\.k\5s[\rZ\[$Ȉ_q$<\\\\Nix\\FOwAClu4!S+\%0\}=%\nhiPQA\t\v\TD}\^m\SZ\Hk\'20P\\0hi\"\Րb\nA]yPqԹ{lYb˲;\l8yMo߾o\#[޼\\-7lڽj\\\+l\\{tӺ\[\۴n\׭:q\MNlX|z\ҳ[V߾\\\uc\\u\wRy7\:Y\;\'(\u\\^ڳ\\u綯>uű-ˏo]yz皳ןٽ\ã6_޳\\}[\\(\\{\z[T\\sz;\?K\n\=/\ӹt@\ʡgw?\H\\\\z\Z]=l|\ȣ5.\Ҹ\}g\\վzX\AkG\\	ACn楃P޻O\>+\/\WP9J+\]8v\\sU\ָzJ\[\*\w\\^N\?C\^c;\zЖv_ؽ\\\-g;g\}k.\Z}qǪ[\m]~i\r\.\X{aǚs\V޼\\e\/ݷa\\KvY{]\Yt\eS,߷nٞ5KvYc\\\Xd׺\V.\\\ZeB\\t\+\oXx%\V-ݵfٞ\r\o\\qt\֞޾\̎\\v;\\mW\P8G\\[=u\\;玫;)wZ\W\*x\0\W*1u\9;3y\\\O۩_pиhz\B\fǞ(y\\13\\\\'L\=r\!ޥuf\\nޢzz֕\*^3)靫zgO?R>\}%nx\\c\\^Ӹ椥\@]O\C_\\\-w:.:v\Zr\\\4.߿ܿ\%`l|;\\n\\`\[:=\\<\0)=\kW\]R=o#\V餭\YJ\\rV\r\Z\LnG\i>&\كW\Z\:.\\90Af\0 s\aS\';\\\\\<h:C8\-AN0/u\0\gB\\EFġ>\}MN\0(C\/GST@i\G08^>C\S@f\0,PW\Z\\ͩ7Em闙\L\\%3]\H1\%tq\n\%̞\\\/\?|\0o5\O\Ec4662\\\\\\\P^\rL|atxygo\ol\\\\\\C\f	W\\+hbg70	\.a2\]J\*ϯMK52\\o.\\td\Л[T8  \\'\\\u4\\nQ^,\"]\\"\lY\\v0\YFp	]\\Oe<ah\B\aG\\\\(\ur=|\\vem\\:\Z__W[]]YOm.4^I\rԄ:xSS]KCCLj*\UFƂ,4)Ֆ?ev\\\Ko\\\Q3s\%+돮1VH\\On_6q\9}\s\+B嬑\s\r{\rE\;vo\\5{\T\\螓ף:\n\\na\Z\aLo\z\D#\F7\Z\\F-\'m%O;\\\w\\r-\.\\0\j\a\ir\\5;\Ώo9\Z\2nfn}/\\m?\<\\un<ᮣ졣`\}\E\G\nN.9=b!\q\Gn\R8y\Ž+\\]:)wP\\Q\Ku/1z\\QKGѻ~\\\1@O{\\ʧ\3P8pэ\\^9bpB\;Ƿ\9\Һx\=Wms\ﺺw\\o\qЎ;\_ؽ\&\L\Om]s|꣛Wݺ\ȖǶppǙ}\n^sp\WZ\ZG6=m\\\\\\.#;.بv\cgww\\m\Ol]~p\ڣ\7޲~\5\.߽v7޻z١Nn\xj;\ڳ;7\\ڿUn\\+^;]\\S{O\߹p\	\+g\/h_>cx\\m\*^4ܰ\Rp1㠯\0V׻i\a|\\%\'wu\\\\\rU\ս\0\G7n?UG>$\\m}|\\D\\H\\\y\kNJ\ZFZ7MULun驚=kix\\辕#vF\t\Z\?yx\\\\]J\z*zn\h*g\\E(\|\λ\v)\ۤrh\]wO\ӿ~FW\y\r\j׎\9\=wNnytMOn\8G\\G6iڡzd\\'^;\\Q\[w.\S6`u\񑚝=Ž4\\\\u\ejp2O\]\\\n\\!ᨆ$ɋ\ǊsaBbD91B%\DZDOM)\r\X+.)Ie$75\\j\Z\"\\\"4s2\\\;\\:fFcY.\\">rS2\^\ZDN8H`\&nv-3\\Þ\:^`\Z&<yV=MJOdeUqr\J\`o\\7\\}8׉e\\\_~˧Ͽ}e牯|ci\Y\?\k\ZGZ\\\m\By3\?ͫ/\"\z;:\\л\^y\Mʩ\\4B\\y\!\\Y\\\Fx\'.z+Iz3\0\Yp%=5RE듒i\\MMҗ-\-\M\v;2I\\\\O\'eyv\t`f\B+P:\4a,%m\1u\\\"RxUAD\\\H쿕ÆBo(*-t0B%4͗`\ɉT_nF\@mAKFٗ%{ެD\,#(-o\d<ba]ʱ\X\'j=ґ\$Y9\ !\!!5b\Z\	\,\j%Q\@M(ofT\r9^)\\F\2Cr\"\\=˒]\\'1GD*\n*\	2}eP*kŴ\6R\H\䈪\ꂐʼ<\\"T$Y()1 @\]KfI}2SY3\'\_@\g\?-.\\n5ω.M-Mb$0eOz3-ʑ\\Hpa$Pb\n¬(1Ey\H\\0@sIA~Dx{ȧ\wB\\)\X\6\q\Y\k\w\\\\.9ݽ`{\孋wC\'w\=\\^:uƙg\u\f\[lT>Αm\\j\'\CĮp\=\\\~;\0C\nۥx`\ѝ\\\n\9\wmտtTԞ\׎\8}a\œ\ZmT!0]\'gr\\uo\\\n\\\S\:\e\Z\[j\>Mr|eu\!\LvyX\\{q-\C6\\GZVE\\(\\$;&:T\	\8?Η\\nfpqȴQN\"+\dCѼh)NX($V2\kK	103C\\\̬P	9$ʍdH\iɕD!1<+JaYJ\r`$Q|8\Lfp\\H>eb\h.\/΋cbi@6.\\&\\0Fzc\$\0\61`b8Y1\tJRLKi*x\Ā2ma\X\\'\\'\Ol+\m\A\\\F\\\i\Kҫ1\8Y^- K9\iG-\SR`\Z\\Z88\\\ӫEy x@#ʏ\%ˎC\))j\V\"3A\\ّ_jz h	]-\@c@=\'k\\C*,|#1	bfXWN\j{r\\oy\\я\&>x\_E.)C\/?|ci@`ӳ\yhW\_@r\\\G޼zz|\\\;j\ez.\\0\\f^N{y~WL\\Oi\TGA\\%\WO\\\A,IĳS\\"<=-,n?\Q6z`\D놹\mg#\r_t?2Bd\r\\\"t\ژ]f}/\\\0\P\B\\\0T`\\4-Ы\1T]@{irWY::\uXSIR3=Gװ{f3#OH\.ϔEV;>^jwilC%޹<ɎcN	63=[\n9f\0MnNCUW[3ѩo+3\=JqLv\4g\\~NJ354yP\ᤍ\\._~\rb;4\NM\Z,#3\}\6jt\'=\9LϺ|rH#4\[R\.VbgiB\'$Jj,i6\\ZJ\"\(\\\v\"\ZAnl\';,fP\\M*K\%X7T=i\rVN|kilKIT-\ZQ\W\\Ho,n,\\re5c\\R<x?.փ\\r)1<\W\)\$({r-Ҏ\X\ZlZ衝\t?\\A\\\\'\\"O]LG\ChC\0ͳQׂ.x֒\\i\'UO\;\~&@㜭\\\\cvynz\=躇֕HsH::\b\Gܿix\\\`]\]E\\\s{\eK;Cu\#\r\_H2g\v\4[d\\)Viji6j\'\w<Ol r$Յc~S\@\r4LPl\\(\ǚW;W`\\I5w9V\\\QoVYs-VO\neI|Z\1M\vz\c;\84S#e\>@]Qp35\B\\&LwY\\#5\͍\)K\\҇*s\\U\L]\+\\+ǿ\\\#Ҝ>afKY\pUDsɋzpuPU@E\,\\\ie&Ւ\kɃB\$KH\kj\n+k\nFj\n{\Ym\nYn\0\.\\, 	Ϫ)=\]|b \% qM,\\+\\\7eA\\[Y\\\Ʃ3O\y!r>\,\DK*H\Oȋ{\O\Sb\nr1\&zj\bY.UG<p5\}U@\).[\Bm\|a2Z$\0T>\n{\"	MҀ\\WUi )I\\\tщܒ\\Z\po\\\|8\\OȽ4\\7v\\\oy71\\HGs_\ʯ-%֗\\MB;?K\#.Dn\8\(d *\U\0*.tb\GN$\h)߳f\Ε\"\۲bގ5\Z+\۳Ln_\\\\ꋱ\Zt@`\#u\\+Q\aC\\nJ4A{\Ԓ\ʉ=\^\[S6\\AZx\\\]4\S@5Y`VvZ7Cqv~:qWU\H(\\\dDg1ζ6\U`Ӛ\[wLu$y=l\(\t*~	~4Ċ|Ώ\Ub\$)4\6rX5:ǯ\Ɋ\\$\"Ǡ$#\\fJb?0\"\\Fˢ3+k\q\},\L/\(KaquLOigUomm~@5T\n\\p{\\ƀz\0H4\ǃͨnN|\'qH\P\Hl.	\bǶ3.O\Z\%<\c\N\D\T\08\Zv	z\2L;-&Ͽ$44$(\Yi\4#[\zRdmaXu>DzRT*\\\5!ga{Y8\CgU\Z\\r5\S!FPg\\\Y\E-\I5\6\\~J\L`qo`MG霋\=hr-\\J\-\4%ɵd˻1*Kf]Iu(ًi\ϋgs\m(&\ɞd\\8k5q=\Iy$ѹ4Լ4\Lq=\q\\rW\M\g1J9>\X,O\\\Zo,١\]n\SԚ\\riTlE	6j\\%\\T%W\=\sRU\T]U\ƌmf@uWS;=&߫$\J	l\"6\xWeL)z\\S\\r1\\"m-)ǵ\\K	h\s3c9\|B0s`@3(\d\\)/D.._\Uod%w	#Յ\r\c(\\dmtIQx7\\\\\uIdpp\\.*\\,Y-GJl,K\\\'\qR\\ 0xQA;YP\SW\\"4A\@Q\\݀d\Z\S0[\\\-*\P\ZJ@W+5P1(dhBSBƂ\nlŨ_hO}&me\\\,\\nEAEAB%%ې_<]v\0\\36M-P\\\\iP\ )\8	)EL\\q\\r2Now\7\?~D&\\\\\4M~\\\/^?սx562b\\\\\\\j^-\PN\j\i\r\\\\\0\\evr\Ll=-ZOK$%ʊaȲeD\/\d12\[xliNF\\)0Zf$=+\"(L\\Jӻ\=.:6D/\BQC\+Df\\zd6TY\045\q\p\j\ZDN6&%x\rj\\'2y}V\\Ln\`;1\%\,h4F52\Z鑕\A5\\ZhsIX-\K\(\n\ 鳢\^\ntQ+\jD\\)8\\>NR#\\\	mzjd+\$\\M\*MnŃ̆\\/J0Dzx\\#Z\NK\cکuyam\!^\jc\|\\yq\0\r\9&\1&\s rF\0\\9\\t?\3\_|\3s\;޵k_튪*\\\ڵk#w^ \$u)\ԁ|Y}1c=\\\"bjy3!q\0;=\w\$uKJpk\\-Y$|^\_\V\u1eUB\\\6%N\LgxYP,\\K\"Ҫ\\'Sĕq\0T\|\|Ʈd]R9\U6b\r\,\e\ڲ\\|!)FՐ&e\v `!C(n\OW\"\>2l\=\\\x\\fyɯ\	n\\\])\\\"h\4\=>\\\oV\\N\%@\DS#\-\'\w-#\\p]\\0%>\Tk\n;ќ\JQVצ\5d\\0\\\஢\0	)v)s%6SNN9ET))~d18`._<ӑ-&LҲY%\"b<]\ދC\'!KI+>>tY mL5ʚR&rUqژ1Z\-m-4\ɝe\L12g\\\ц\\\\ԡhqE 3\Uk5ީ7\KV\\\pi`{+A,B\'XeI\z_\jCް\\2\%1ʷ\P\\/Hk$5P\\Um[T\\umcemieZZ?\C^Vu\r\\`S69#k][#\\}EmEѺ9\9/n\\\f,ʛG8\Ey봴eF\2̫5	kU#|\(f\\Z\\A0!h\fg%-I>8\a\\luP:\	OI\XU]\~	\ʁ5a\,\00\E\ZdK\cA~)Ӡ~\S;\k\Ԍ\1ITH*9%Vt\4\\xpl\,\Z/d\n䌪5\oPHA<\[3|\Z]\'c7#r\\\\ίۏ\\\?\\\\>}\\?\W\\?\_^[{\\3?o>M\zz{GyM\8j\k\`d}\\"t\"\{ZK\r\=\-2\]6\}\0C?8/A<_u\ZfӴVC\#dp\%V\Z\Hh\-}`\r\\@BE\0PR[+\V\<xj8хGoM,	\(\\\6\}k(o\%\Uy妢zvYFY6\\;]9e]H\ͱK\'\\\\me\@\b7fU5X\pPd\nKZ%qAL\\gUI嚨\n8l唯\k\"28!\0ú$&ʪ`wTwق\C\+_V0\R\2;\'$ʇŠ ~h\XWV\"\3\]įؔ*\\%qCZ3J+\\\ñQV$ \|/v[V5q冤jEh]ZfS^YSe\j\%\\\"\b7nQ%\S6eU6\\"S\z]B`Y\0\r8rp\\(8NueM\F\R\Z\'hM\铴\	j\#.v5e!~%y!AAkNkJkNORU\\\\\'*\Q\\\ā\$U}\"#\WG6\2as\L9)L\\C\ZF\=ifRo2\\\:I`7\\\F\\'\\39faM\K&:\nGZr\dEu\x{\\\g\\ڲ\Eйn\\"\K\kJ韛玶O\r\Z&\#-i3]\BeK\(3_\\?\\e\r6\'\\:\[\:\Fh)]pr\I\o\Ha\\0s\ٰ11BN	U\n	|&%IpR|!{Z6\S5ǫ\៸h\V\&Rql\\\\W\\nj\M*\\ks<B]\X\Zn_hQ4:\)(\nm\\iAӒ1\Z\\\o\w:G9\%i˚cAҴj4\\\Z\'O%TM)S)Q\\06\"&\hNܴ )uǿ)wn\'ƺkM\Z@#\wL*\\\0W@20^(\\76\!\Z-et\\\\0\[.^\0$ I\Z꩙6v0a\rmcZ\\ Eūz!L\8&lB>\`\-\0Q\YO\r m\\\<%\rp\C=r>crD׿׿~\\?	\0\\\]\\\y\O\?|:>\\6OZP\\͋\Z&2y38n\H\'vVj+uģ,m-D\0]*)\@5̂\0<\l/b\5\BpT\rKz ǂnIV$oX\NHc\R H(B\cy\0Oo\$ȓ-\/\e34|p,¡\0E	\zMCz\ƻS2pkCzp16qM\n\v@ko>\\UU뢢qٰj\n<Fi\x珣M?2\Gaffw`H\\`\\e{?\\PCM?|7ܼ?P7԰7\x0\\X\߫iqi\P\\p\M?5\\\\rj\a[ߕe\{Jܶm\,WUPG\\¦?׀C\4A=\\P0\`fOE\p\w#S\P\\`\\@\@\N_\N\4\5~lj:P6~\\@끪q~OU\_\W\VT FMij2ҎޕW\\\[\"\R򆈰.ïJ*V\2¦jH\{Ukm9q]ې\WE51vTl0\B̪l_\nb]R&ŮI+\eEa\&Xn1\H/f\s`G5q\\"pYP\/ܔa7\[2,d\6`/R6ڄ\\\r\IP\\\wm)qS\nGHYV\\\\en\\\ee	iEZ \oHX^\\+#_\,q%ūm~ರ~\\+x$lYPʗeP\"\\I[\\$8dRBXQ\/\n\HJ\x]܃Y\)_\,`z*\\Qݪ~SެX\Iâ\<nA\\^5/˛\\M3P\S4\*4\Jj\u3\\{^P(B\Y֭ɛWeM%1d\@\ne^XO搁}\E9eO\\/!\\.@)ī\\Ί\aw\n\r\\ד{#\9q*f\0-цDf\b`\N\"lMї FiA\np)DpT@)[\À[]\9¶rV?3XcXH6)i>lM	\\I\f\i^\(\\\TF\\\\~ǿW@0\/_\\ug\\O˛c.9\ϬfU\r,yoI2\Mcl!W\RPZ_\\\ÀX@>	\`\d΂\5,I\\W 7\\z$$Тnn}\\9\"RR\\'_\X7q\\gWm!\F Q0lXrj\rS޼;\<\mQ\6\W\ٹMrbyu\tG|g,=k9i1a>*b>~!m&i.e<Q2ޚ؞Ғ3ݚ9՚@\[e,v\3\nVK{xE\R\)ǁ\[\n\0ns\0;\\n6U>h[^%+tWY%\\U\(\n\My\\m+0\J\׏\\\n*\A ЎbS|XfG4D\ \![\n8\n!Ul+*\"\[R\+B+\\#\7\;C{{}SՁr\n\\쩪\\\0\\rT\d\NyGI\V`\W\\V+?P>S$dSă\\n\0W%/ߔoJ\\wm\\w\\%k\Mi)L\**>)Ҋ=iž\'Á=%aG\@; %~Kۖ\H\ےO}x\\'(q\)J\+,/$+>\I\9/x_\\À\\E\8\0%vW݃μ$n+\\މ}pqp&?\r\\\r\\#g[EbW\\\`7X)Ǫ \\Z	GgLU3T\\7\jЪ\\B~,rl]Z\n뮋J]yŮlGQ-Ff\\[J7lJ\$%ˢ\%se~j}\\2\2\\Z_݊fAZ9\'&\KI2XI嚸jUz\[9\&{\|\\OwΰJ\8\ފ)N<*ЊD_Umȫ\c\,	4\\n\]eҩN\\8\/L\M1\4\H;fS9\Q ok\r?\5\9\rI^\c\˻YhMJ	\0\! E_C}WvT\\0}TX1EqS=̢\0@\G\I\0V a Q;IɆS\\h\:[0ڄ>\'1~v(\\6\Z\Z\>M\\Y?\\\\Wؿ\\].T\0v\\}~\\O\w;,O򩃬:aS\wW+We+҆\^rG&Sސ7\V2܉d`dAv</]\0\#l\\Y\Y\Ս\+&\\\\^\DT\*\|\h/y,~y?Iѱ\\E\r?\[@\\[\0CB/1\&\y\s\%q\\Z\\\rK:\0.\\Rdx\A\,jr\0*&X\\"h_:j$N0\\0d\n`\g9Yq_=ãsciMٲ \P\L\w;w\'{];#]u%}SI\\Z\l\r2U\YK\.33`r?\\q\`~7|\x\ \\NYyqqIaQ\\|\G/p~\`Gr\JKC\K~Y2r&j3m\'k+i\K_\o)y\MIަ8kK\'\\em\n2E\}yށ\"@\'\\\\\n\nE\\O2\\';9\y\\d\-i\<OY\W\tWQ)\_\\nA\rN\n3}+}:۞0\\H[a&\uĬRi3-}A\.?{7c\\\\\\\\s?>wy=^\\Z7m&\Y宊rV\+e~\Z?gC=`\\r`IQYٕl	䅻E\\\О0wO\\\')\l\W\!^\\r *>\\ҲO}dSTgf_X\'(t_R| +ٗ>KJ>Z\\ϲO\lЮ(c\K\\M\\\}\\sd]Yh[Vl󶄹ۂ\mQ޶p[R-\GR	\-ړ\\	3Yp\y9kua\*?wG\\\'[f՛\\\do	s69;b\%{]y@h[Y\\Q{\}Yή${Gړ\]YYY	ny޾,wW-\\mSwYۂ\mA6?.\Vo\/\䮨t[PCFP`1\D)I\icur\\$0[\/\s\߷dJ\o\ZS(\?\\xY`ȑq!5Qo\Z\\A\\(fN(;? 4V\Q\r\z\Ԟ!oȒ5(Z҆\]N\lldt\%NA\K\&p\ΊqJindO\88\\OSA}mBI[dm\bZRv\Ct\\0\\\Z,k*7#\$I\X72\h7i[5\!B*\:Ir\$Q֎뭛4/ʐ*\:\'o_\M{*V%6@@x\>:0P7\S=&hLDMskGԯT?	U0H\>iS-4Y%\ D%\\XY\\\_rӯ\\.m\w\_\\PpBM\{\?;\\?\\}\\\O[cJUEւb1oaGٕY\lO%yc)_\Z4\Q:\0ޫ\riz\n\\fp9`q\,\\6e~EQ5NuUI\\X*&nMeG#\\}Uy뢤i	(%k\V_B\\\0` *g\0;lKD\6A\n@\n	8$\胮\kȐ.\n)s<,|\p\\B:ͪ`ϰq\\a\w\\\XQ4\\\\z\rӷƩ[\\Q*د>ꪼcCޱ#m\;@12\?\\\\\yK}=S]mc3&\vW.\^10;L\9m\\ 5\=cq^\梞\\\N\\j=7\qg{\\u^]֋~z֩3ڇ\\L\dx\K?\E\\\V\YP\?C9+\\\ؗdHMAJv韤Y\=ah):uѶ@^j_^\'\?P|\+<P\+KQmI7Źua:;u\Z7\\Z5\=\Z\\dmw,\c֘sm\m\\=)\\\Θ\Uf\Vw\n#MN\Nw#Ɍ]G\19	=KyF\=|\\4F-\\h\-#\F\2#f5K\3S\z9nSW8<\L\⥬\WXq\\	I=I[\݉\]ӮX\ـeI+	E~Ң0$LY\%oSSW\z\tKOm6xkqj!#\Z\\\\\rn\&/iɇ\H[GNE\\"-j#r\ZJ^\X㧅A0O_쌜\\ny?Zn]__]\HK\hK5j#r-4\9G^\-\\\\Tgs\ؑ\Τ5~B~\&\\\A#\\\\vp\0S6P\e2֡>K[\.v\'.p\\\\$Vzh.\r6&&$?\roR/O,\\$\=J~ac0\ߓk{\zq\KN^ճ<\\5\\t_=\pY\u\.p\\\-+z\/\\\67аmbT\\g˂<:r(~M>YՖ3L+\Z\ʇ\ʆeԢQf9\\?T7&\\\NDh\8K\A\_Xp+\@g\?\'2p\reK.\\\vU\\$9Ҧ<\\%hw\\(\r\0\D\*\PW\z۰ޡEfTe\\FN@6	6\`w5P\r\\\Z\m@=0XI\\;\ZM\\\%\W7,\\vSH2:~	\n\Vf˯\\׃\\\\\\\\\\\?EW\0˿\`T\N6V~\[yw\\qiOF\r2Hc\^\4fI4*[0\\`b8\0@\Z\0&\ZmCۻf\\\\\9Y\8}\!RX5\R{eR\irq\\\\9Q8xm6	\@\DO\\Ӻ` RІ\CDA\0C3aME+\xh\rT\1f\,\x5\Y6F/\0H\Z\(\ZeOr+\Mh\Z_\\(9ܾ:شlZ5.\\r\\\-I\aQ\hNHzm\`\m\\\\\=\\wlo?tz\\G\\]|X_\\.{Ջ\W\\k~\\\\Wo[ݸoyu\\lo\yIU!uc컮̀\\tOa\ar\\\S=\\'n\7m/\,\Q\\'E\\e:\rT{]eվ;U\g@e\+/D<\@.*I+\\0m&*\t8A~\.\\\͞\uN2}\ZХ\'a\r\\Ĭ2י\MV\&+j\L\:\Z>,Sg>\4Uz_H\\\#uokf\\F\>\k^7]`\S@Uv\*\'v\'~+jȌ\\&nY\\\+\)j\PÇ\F\\`\*+f.vEpbW\V5a(e0E\\}i\ZhW\MaEͲ{bW{@]A7\7m\6Yq~n\9^f\k\\B\|ˇ5z\b\Ǳ\W#\/\'\=\Z|\o\:\ij\3f\֓\MY\M\\\Aӛ\/ޑ\\V\\*\_\\\\\͂9W}fOZ`GZ<螼tC!\[\\\s¬~\/\WHƈo◾\Hqmsnsjui~U\1\\:\\\\\\[;\r{+v7/_`joy\\\[\\nY\\\F&>ӿ\\ŧWl\<xid\g\\t\\\\L.\\r\\M\\}zͽ/ޏ|aQѹ1\moE:1}5k^4\Y\0Tٚ\'Kt\(æ9H\1FhcLDx3\CB \\J\*\Z1^4L?ΊN,2\ŧ6_ū\4d#ՍjU[cݵ}F\\\\0QnS84\\Bw@\B\\\B\H!\0\, X\'\\0&~~\$\n\S?\O\߶~\\\\\\7-\P}n}:\\O\~ؚ٘\ru7ǻk&{(=\i^\$\ȇ>d`z_\\r7D_K:[&l\P\\EJ\sxmx\\c\S7\j\\9y\\\s\_l\;+W뎏=MoFuW\ZʰYAݢE\n-\\"t[hƐ\\\0VV\\`0	.7M`,\r0\C\\\E\䒰fU\?P\r&lk~clIY?/̋\\'+\\\\r3HIg彳	}\ma\U\䠈`oO;\VNF&7\=2v¥\L]\?|\\\驑\;;pwQ\>~.n^8G}SQV\\\\rqy\U_\+(*y\/u\\w\ͷ\ǿllio\\J\\$\\??Ks)K\+_T?W0M?\~N`\\ g\2P\RvDɠ]q\/a\'IۓB>\\S!׹ p*\ܸ\\Zw\2+ʉ\\\\\fŭ/tE\"W\"@K]\B\\Cgi3Ԑ \0\DkXZ\+q>һ\\#5~V}U\ɈoUU>09\8\4X!\搉\੦\E\ɛ-^\Z\'ip\,\ĩ\鎨YZ\<MF\5l\n\6\\\$;\\\v\VW\Z=e%n>jN{ h=h\L]R\ۂ\:\"`\Bz\4\C\2;~\ܛ\n3\Z\*8ZVzWh\r_\$rR;e\'u7c\r\\-h\\\\*\~?\\\v*\n\\0~\\\\ޤ\\₵ތYj\p}`U\"!\`_\&\YɣN\~\\yy\\\\\=\\']@\{\P/o?7~1~\~\?{~|\\d\\cs\&V\\<baz\\Ë]m\G\wo2~\d\\\c\ZP>ژ6ڑ=@\f3ˇ:K)Zr\\AZt6\C\C\zM\`W)P\r)@XԘ/n*\m\\Ȋ\o=B\0	\EM\\<(B\Ў}4\ r\\ZfQ$\K2*@\n\b\!\ \SLp\h \``@踋`1a[`uoJ: \\]7mE3?3\?~u_>/`vv6vwv7־;Xnw釽\	\ <`VL1+{+g\\p;I.qGT\7\GZ\\0\0\`r^W\\\G\ZD/\G|\{\)襝Ž\&7o?z\\\ow6٥\\VZ\b\&S\/7Pؠ턨R(@	Ca8*4FVG_7>ej\5\n77*e|;[3l\ÀdΒ)Vj\\k\V\o\j\\=\Wuk\\5a\\nj؅l\\"ǰ}\n\[Z\\h\9\ojdbYF\w\Խ|S\s\\_\ѹmp\\K޼cp᥋\.Y߽\\w?\\,\\enW}R5\'2ʻ:Ϋ-\#4z1^В֑ў\[l0Dt\\nZ-w1\Wk\\rV\\n=r\N\\J;`g~\\\egp?sr>\|\\sy\\O\y!fH\$Y{\m^\/kOY\\͎\bEmuEBJ؀}1c֠즆/u\#W\lSLb[\\\K\ls\|krBӛ7\\r>uG(\k\#F*}\'j>.ѢWp/wF\\"71\\8\JGJ{\Z-j3z3qI\e$o\i[\8\65q5QK\FG\jk\rKJ{\*3yٝݛݛ՝\\\`g@\\'m;cړ\IF\n\j\&3	\L\\L\\\Vi\띱@\5z\^w\nw;qɌ\fA\Zˉ\M^<[V)\\\oϓ\pw8\{]h^pkf\bg\<\\l\B\M\m\\\̰-V\^O\FWvw\NO\'\n\-v\nw^O\Nw\6\'r\Í\\\\ބ%{cwyq\D;Bad\\w\;]i\,kO<+:P\n\n@\\)F\$5v#z2\-\\"\'\\&:\2}\\\Њh\aNv.\֯ls\33&<72~nd\\򅅭\SS\fvF6O\L\ͬ[<xfv\\쮡}C\'3\G&vỌB\Z>}fv\s\\\"	N,\r1Hڜ8H\\*e\\C\b\j\\_^	z*ne\Zh[	\A[\z\<ʩPҊ$-|D`^\\\\\\0 P6B9	B\Ea\\XHGe\d\(\m\\6zfԃt@`\XL\-XV\0\'V\PAY\`ɡJ$k\Ii*v@w\(\D\_\o?v\~\罟r_WQ7\0log\\罽\vn/\m~3970&cHr\Zqr_\QV5lb??\ )S\\0aI.yW9\G>\	m\:\1\guep=\\E)\KH\.Rx\aC\SS̮,bs.RzOe>SՐ5T5Z\ה3К\\J&p\sɋ\\\B\P\Z*X\0R\A3g!-jtA}\n\m\n̅\nne\"wvg)m?\5ͪ\0-rIʎn[^*$(+\U>e[Q>ќ5P//j{\nn\\\\\\65,(7>	\ʭ\\.Z\\)=\\\;y\\Sjiik\=s\\\\4i\=͑_}\o]:퍣_\\<r\䱇g>\9jy\\m:ޏ\\oea-\m	\$Hh\(jSmyU	%Ĥ:܈\ԝ\Jn4\J\I\8uƹ0^2\:biq.\8gj3-\Z\DtE>\F\\\"\\1V\H\gm\&MA\rCQ#\\7>mxZ\\߰\\M\j><\s\a\\u\>\z<)t}my\^ãT\p+1r\\\?\p\r\Ϭ\\aӇ;\Z}\վ\\7ֺ\'ƪ!ܨ)ʴ&	\\\\r\rkX[\oM*\<#zLtBzm|V΄\mZެ\E\G@`˶0p\\X\dǞ\'^KO#3ѶNQ95ɖ\DO\'\ђ\\)]4s)\)ż`ܔ7dnR\\G|R\\U$\z\\ڠ\ڏSu>\\r&6\ɶS\\g}\j_\FC7#\\\\\aq\\Z\٦ƀ٦\Ŷ\UZ\\n-b\ZD\K\\'f;n\7i\M\\3@\}Q\zO\UN\\77\#UHʝ:Rm\ZcL\bhI/RHQy\n\׵rٓOk\>\U\#W45/i:uZ\\i\z\\\:\s\'N\8u\ԹZ:\5\ih\\\g\^:s\\\\WΜ|挎&s\'4/j\?uJ\'O=|\\\:\\C\\XG\W\\\\>&8%>l(iHu31z鰺\\nyNq	P-@\ߞJpcPr\00bP5!͉P\'ϊ&y\a6^$m\);@y\"\	>\=-!A\0\Z#\\'\V	k r9MKZP\dg)$\0e,z,H\o+OJ,X\,0\"\r֒P\2\p\\$t\0fS/g\Kd\\\\\_~\˯\򷃟\\\\\\r\0\\\<\\\\\O3\\"f_gFbUO3\T!\؄N0aqN\i\<R9\K\Z\\0\pP\@1e\/\\Z$y-h}\9\U6ߋ唍\ǘec\0v\7\H̱\\eS\\\Yj.	R`X[0d\0Vx	B\꜀R0C[O5t.\n]mIT\\X\[\\"H5^\n\׵\"7B+!yG@T\9.b\۔\OQTc^忳w\n}i\\\Z\\\`x\\<\s\0\\cG?|\c\\=~h\\Woݾx\\n\}p\\+7\^yэG\nݿ|\w\\=z\\\u\\o\y\G+`{hgXg\g\cLoG\Jb?\\0\\Q\WFQ&7\"\ruS-\\\-z(\\a\\If\#]7\{r!\f\G\\\Z\\\ٙFY?xi4\\i\,\\Y>\rz\Zjnh \ϣ[/}\\\͏w><hx\\=d\Gf\\Z\\w\f\m20a~Ia\m\\\ZFY?FÄ\F)\f).\/\\\-\ݬL\\>~m0\\^\0;\w\\E:<	~j0ѣ\\C\\B\\\2j\Iٽg7@fwb\G[މ0i~+\\^\\w>\ZizrR\%\ވhw3\Žx\\f-._~iz1\JÝ\wS\8>Iv|\lҸ\ݼ\\\nY\\ϰ>Ĭ9ª-\\e\a\\ڞ`Oiz\j\dMt\Mu팱o	1u[h1vm1\0jmW#/׽;å=֪3پ;ǅWJy7T0Y6\>\=\\Z\B]hmoX\^ꈙjx 8eAܦ;\-ʬ\\\N\\%\ވ3H\\W\ο=>\\'z\';s\\s/\\qAū\/^\1ZWW딞֩+\]2лt^\\o@\\3g\\]\9wK_\yH\\]\\gnw\\i-X\\\+\\70zp\\\\\K\\\olc^YVGy\n8%J\qq\^\8\@CEFP @\1JO%\\0`-`ڥ~\n\04\/a	.a:eyh$1HՒ\"e#K݃PܜIU;QM`h#:r\0\nuK\0-qV }\Q\T 	V8%<\ba*^l\Ii;IJ*^ֆ\}tW1]\N5\SA!f\N\\m|\ǿ|ߤ\Bs\!\!`\q.M\HԔ\\\"5\q:2`R[\Ha_\"l\mF5\\8\+F\ZeA@.\{wڊ;1`ņ\h`-F\\\h78\[9ˇ*L55\^\h7fgU\0,jӽyf<\8~kMR*F80m\I4\\{\\0@B酲\rQ\A\	!Z\r`%\\0\\\\'\l\\",py\E.\0eDTf|Z:\Z4ޘ9\\\OTB2?O\e	yсn\\w\Z\zyXY9[Zsu}\\\fkogjkmlm\\\\\\s{3;[>yjgd\fc\\\C\[߾\ry\+W>us\\[1\e\DO\\0o\H\G\\\܌ik\bOsbw)\QE>\O\\5mp\'&z6FՆ:V\cߛ5)~cTު$4\	T\\\y\G\\w鯭|J|]r\n}>8xQ|K|_F\\Z\\~c_\\^\\\a_\K?\vJqi\\"\]Q\<_\WQ\\\5\0\xi\(\\4\\E[G׬/r?8\M\\\zg\&=Lf8\\<\\2\\\nҌv_\\Os,s,w.	t-w\~\>My\+w\47\4\4\'\\ק\\&T\'i.OR&8\Kvz\a\,\\<\I\bog7H\\\\|z%qqQǉ\In&i-R_&x\h\l\dҰ\(\\SHݍr_>\q35heu\\'iv\\.Y^\uU\Q3컧\w\>D_3Y]eSϮ>Ԓ&ȴ1º#E{\sjcW\˶8\`\\Ӻp\\hsZ%#Ŧ#)\iC\\p\u\\я؉FD#vqOig\\;77\n\\)|mks\\\r-\\Z]\\\s/-H\rO	\rqst472z\\\Z\\\\\&,0,)69!6).&1*\"&\"<:482( ㇀\|\\\\\\_yz6sn\\qa\Q\8\uc\[va@w/ثċ_\\'%D\(Ɋ\\Z	\\\\Xf\0X\\tb\\'a3\P6RyHᔺ\0k_\r\Èx\\QN\PW\\0lGL`6\05\K[e\\\:\EҔ\\gi\P\}]\~6YFҰV+Y\Qnk]m\\"\04\5\0N@/\W1(Ww]%j+\qE0&\4U$`\踁N\\:q2:^J%(:+U5*1R\K\\\\\~\JO}Z \wPml\\\V\\>\0\[y\\\ݽ\\YՂ#`hE\\"YA\֌ux\ڬA:f0\!ϱ+GxU{\?օ\J5>F=\\y\kV:0x\>eNT;+I4\\':̬f\!\4L_[q?\\r,|hv\0\04\\z+\\ C^f~w!PnbP\n5[YȫZ\VNp#VA\0T\11S,,\Ԣ)v@wEMt\!^\Uꖐ1jD5E>d\cNu\7g\$\r	a*b\`U\*焰Kbz\:\;ݽfcd\\k\σn_t\\\+\r.]<o`{\\gu.\\^>}6\I\\\лp\/\\\{|Y\\\%\=\\ZƎ=\5#ݫ=ek+3׋Q\.(R\|e\}\\H\0%\GI~\"W\\\\\I>#USu5c\qJ\01P񑖾~C Hp ya8z	\@\n1HU\Ӈ񖕾{*1\pH&\[Z\!-y\}\W -/.{\',◽\y\<E\%x1\G\)\`\\=a_\n7=9\\\׬]yn\<7F++LԽ+ˋ\\+\v\y|K2\OA\V8_I\Y\KY\=\\\;J\r\r\766\\r\|\0PU\#ž	  \\'\Ee\\{^a\OP\+\|- IAb$+*>p\J\{WÀT񑔼\\~&\r~*\\W)\Z\&\c\si3ԔδUN\2;y7c\'}\\\fo\\pwy\uV\:+I٩\MN2Uf\|G\\"=f3zH\r[\[\kɅvH\\c\*J\UL\\4fx\\I1o\¼\}\\޸8tspr3666223~\\񓧏<3|jٓǆϞX>3|fafaanime\\\\\\\\\\\\\\\ѳOM}\\\\\{\\L\]|cZ\K\\nvd\*|\]\\[}/\H1\\X	%NQ2М=\Y0\.4\\1J\P.\\\'p\L4\Aʍ9e[5\[5\CQ\E\iD\n\\Á\T(\ڊڋAIU;R\2A\r6@\ B\O/w(iN\\0BI+S1\\kd`ȭ\URqavՔiJ\:)iEF\\7LGx:N\Ie\\"^}*ILgUf\\\G_P\}\\$)X4\n\$*\89TM\[։`*\RzE\\?_~\\O\\\\~\\_\?ǧP\\0\/̓`+(>\\!\\\O{\;Ks|%Fڂg\&31i\\2y\'yW=ɯ\Dْe#(8pZ@\n\\\E\0Ug9eyxj\0\\\\~PaA\^\\n(\xCu\S!FizVw[Gz+\o_!ϥP\ZD}4Pb\]5g(\0Zp \!\0\\{hx\A\I&f\\]x8fHa{\Έ\\P s\\#\\9Yv\$=g1e2FQU!\}\qi\\ƴԊVw޺\\\\\N9\N=v\\S\'N<y\ƉS\5i@z\\o:{\ع㚺\Z\'4O^8q\IͫZwN4\\py\\\\0\	\WS\9\\IX\\n\\$+^-\'\Ri#7\\xSV)+͈n)\'Ӥ;۬;\Ҟ,3n9?˒iM\Mb\'QiFh3Z)\ZiB4Q#L\\F\8f	=\Yg3l{Rz\{-zS@=\4ka-Ha՛b\N2\$\Z\-\ٶAuo97\B\\rssҭ\i3#ɤ3Ґm\oΉ1aFSm\=\Dkj	5ڔo\iAW53#ʜkŌ\Jc\\0\m	\d\4\4[~sQ \ 0\QB9\υ9\E9\%yNq\\k~/\\Ͱ\N\ZpR-N\8kv%?Ł`\\p\ma\cD;\{g5-ƒc#ު3Β`\I\L0oy\	\'-\NBT\$\}\\vd9t\ug<gرS\;M\<G~\MV\\UT\&8K	kAcM\g!\m\M3m\0$j\-bt\DZ\Y\\,1\\\!\ssMH:N&y=\\\l7nk[=i\+\{\6<\Z_;fx\\=\ռ~N\\4.<s\Sg\\\\Z\i\h9{\\i\\\?u\nҳ\@&*\\0K[\\\Zg@OK\#CWgK맷\<\\\`\'Z\'Л[\\-\\x*>A\nr)!\"B!Eّ\O\4G\CH}zf\IhmPՉ+\B\0B\\21<0\nOYc* Ң;!`kE|\a\D(T\CCT\\DfJQ6E>y?\o+ha^=::lh\`R\ _\00L	+j/\hȨ\" t`eG\0\\ +YgCTHggvwv~\\/~\\~\?m\O?\\0O+\0u!何I ]@\'hXIK\' \3EM%pc<ʔ\0ZBي\h+~靁\\!\\nO5a5@~TR4g\ZSHk2Xr		.0rZBʒ\KGv\BC,\jU\:\aoC80`y\A+B>,\sȍ\MDe\0Fi% Fi\arL\"\^\"ݡQ.\\'_\Zc\"å3J&:G\3\I\}}l.}-g=m%Q1\+{\\ڠ3ǎӟ=u\\q\Z -\g4O=\\\G\|{`\ݣG}w;g^:\\EG\>`~-\f͍W\n^Ż\ y^\\aϝ\\'AO\F\c^M/\"Ŝh\d\I4g\\\"\\"2 m\r~X\}\q\Z\m\-W׈\\^\)\nV܆\jջחon=o@^wHo\\<sz\[\n\^BV\V\\Z[\4\Qk\\Z\{\\ߦܭ[\&\\z\\u0\V\\\\\MA\Ok>>}\\\\.\\!\\\>\\򻇐\<nWyu\*Ľ%\\\\=\]$\\6\\\-\W\*<n`_n\\b\\7\\*_#x\\'S\\l\y~\{8C8\i\u2\\_\(wuEW\yN\\{5F-!\\aV֠PS\c\}\j?>yܪ_\Aak5ܪ9\ik-҂e\fX1qc\z9+Ŧ\'Á\\̴aY\nD%nW2\k\Cq?애ȅm\g\<=\\Zt?&_,kq%\\\{zn_p{\Pꈎ\W絎;q\\Iͳ\'O \0D[OF\Bw>Nj;~\\\SG4\8\qƟ>z\0vE\:On\\Z=1{\A\R;睰\_\\"ɈR Ȉ\\_^Ej\\Zh\l\\\ƑW*:\T-e_ӣ\ \\5\"R\V\ni\\0Q|iC.ʰ(\rhY[T\\PA1Rt	Tr\p2ª)\aV\E\E\B76%m5Ò@,,J?hxBP7Ε\*)ڱ  \0(uKiX`Qd:	qH\Z\Z\\\\\O?|o@\\/_د/\0[\>X\\_\\_\?X=\_nB\\\\Y\Z]VM\\\nf\0?\.\$\n?ίP&H\?|ɷbZj\AH\M\Za\]A	\RT	\h,XP¯^\;\\0\Ǫ\"0Tb( @\\\\0\*l\py12hR.0XC\\E\0\n6\90w\\؀plU09\%Oȓp*\^<N/\\i\jL\Z\0EVB*R\ %j)s=s5\r\4}q\\\\'~&&ϝ8a}\\?Q4\ZE* 5\\q\r\\Z\\\juJ\\\s\'t54/мy^\\\Zz\ZP\=qM#}-\\/\x>\oz-\j\)7\\x<-z\Ik\bgXoC\Gc)ט\oZ`Vh^`Q`U\gI`N6zzR\n\\En\n]\;\\u\t/R\{\A9/\d9\%_kw\'\\^\$Ǉ	\\\\݊\\Fӝ\\n\9܌l}#\V\\4;\\\f<\0\\I\\4T\Ӝ$n&\_Ot\$\~\ˇ3)\4\x(\~\\X\k	7\\ߋm}+\V\p\\(\16wAZ߉nq-\\R\\ ˫vmoFZ_\Zk{#\\z\u\\n\\ߊjw#\n\R\n;\I\>\4\\V(˛qvwblnG[݌br%\r\ KO\r.AP7\'\cM$Y\%Z\%X\\Nkm|>\N\(c\Ot\.:\\tou%\Jí4\VW,\\\̵Vދ\\/g9]\s\z3\\f\\B\忼.n\-t\z\\v\]\\$\'\O	oU?ȱT/\\\ox[\u3솞cZ\ZG{\3\'kk4Oj\<q\ĩs\'@\\Z.OHpJxuir\<V?z\Phe\<uDC\[ױ_;q\\Kgt.;\9g\Gm]\z}Zau=#\CP\ CT\>r\\'<i\/ے\\\\"L\W:Д5\^4A+b\U+ x\0TA\HBB\\\@zȰ)\\\ZeT@@^3\\\rŐ5\+\NpPt\\n5^(`\Z2eG)\ !@&HU4<`iS-\m1BS=\oU06Xq\Xȋ\`]PnL@\n0ar:1y\X\/`\ @D\S$\\ni\'N\J;<\\rki\`w\\?\w/;?#\뿠H\\\\§\˟?\.ygisczХ\\\\˩劎>W\Af]1\q\0B	.iJP5&kfd)\\\\-\W.\\\	j\!P$@kVX|A\pԯd\ ,Th^(\0\0R\\$l=NHQ?Xgpk\0\0t\g\V\0CH\\₀,\>a鮘ac%ᦴ\\\᪈~R)\')\"j\jG\2\ja\`\\_=\\\\\ޭgO\Ҹx\\4\_Hk	\~rF	E\\\\\>\:g\h\ւw\\isϜ=uFY]m\3ZZ\Zz\'\kyJ\\g\<\\6\9LW\⒎\\s\W\\^\ww\\W\rԺ\\w7<\\y}ǃK.z>\2\\+o\r\<\~\\Ы;\7.\2\0\\wi\rC\\t\o\]\yv\\Um4ky\\Z\00v䊞%38+ \/\ݾh\ý+w.Y\ҷe`\7m]w\⺞\ųf\9޿jsC\{@6+ 67/Z_\0\E˫L.\\Z\<;\Pﴑ\5}\\WΛ]\3x\X_F\'McuS\\y{67a\Wϛ_\55+zV\/\\:g{[\\)\kg\n\\u]+\.]0x2_,\\01\~}٣\i\0\;DW&\TG\6r2ow\\\E\ηνw\΋\g_;\tK\9Ǜ\7\:\>\^=\z_\W/|\{\\\%\\z|\\<\\\'W\\zt\@n7\9]Յ\\9H_\2I\گn뼹׃ \ \\m]\[\tܽtU]\SgNjk\9}J\\tO\=Rݓ\\\O\h\hG\Z/`3N(\N~퉯\\б?~}\\\\\ܾz\\\~]q\\9@ք=epUe\0[\\\Pf\iב\ҕ7磰<XFh@q3E~*y\r\-0\@IXB|A0	媚^=\\ՈtS\k)T(*1nC\Z2\\hj@\0X\ZF^\\"0+\Ճ]UJ\ZAچa!fUM\0	C`\`r\\ӠU0`&`Cꑨ }[\'\by_\00qS\\\NP	B\{\)ix) \\Z)}T\]y`\ǿ\\0\~_\\\\\O\\\\\\\[~o黭\\޾\fZA#Q\с-ء.\\\Z\A^)䒧U㒚	YݔnN\\0Vl[9\X/l\A@Bm*A\0\B\4\'\t\0ZT\Ȑa-\n622Qh`S(@*8\\n/Dp)duQZ)\PV\BuCzA\ZT\s|b\ps\3\*fe\r\%UU>R:!~1e.e:,\\,\4\ۥ$\;ٽ\\rt.=qs\o\s\\7}\\G=&\*O\>yRGK\ܩS:\\8~Z\\Μ\8}BSKS\\qz\\c\Z\௏	Z\Zǵ;u\7<u\η\\\\η\\~}\7\=_}\74\c_\6?t@G{s\s	t!8\'d\\|\\_2_\?bpRC\\ZG/h;sk\\N\\8\<~yH\$\\#\~{\ȹ#\@zA\	\'O\\<ep\$\KgO]8uN\\!=wLS\\Z\'u\;~H\ѓ玀N\\\<si=\9v\I}\	-ػ\	㚺\`c:G\@\\=~\\ѣ\\~s\Nՙ\[4S\+؋X\c\uC\\Z\v\?\n5\Z\t\ \cG\\M\\'\ \%-k\ѯAzǏ K|DY\\rǑx$\B?\O58\\7&_>u\\8QGaR[}5?\>u\\\cN\-#׵\k|s\Ev\\iúa\ǎ?vT\ZNv\eWOqYKHҼyƥ\rΜ:|\\9}V紶\)]Sz\\'Ϟ8{Z\)\r\'\>yV\r\j@6a\s,ЉH!z\ݎ\	2Qi~5\\\\\0ɎO\NwA_[WG\\U}m\A.O2}\n>:fK{e\(\\Q\{=%~RR2D@\*lKumiy\\֙\\\)3Z\\r_Ç#XTD6\Y2lY>\gf%mQ- O{k\)\\\\\\kH( >lWD\CD-CG~Pbh%\\I\ZaWrj\nqs)t	\E\\˾uDP>bh\'{ԍ1wCKyMe\rQ[X;V܆Z\V\k3\ZEűO\}\/y_v\\ݝ\\O۳fvGG%\Y\\$wCL~:vQ1\\\!&r\\գ\\1e\\P5\C\&#/^N=jQ[\\Bu\<ȤfՃt(^(Pz\zABo48o@P{\\\Z`3lܬz^0[@\c@2ڪzUT=\\z0\吢Fy_c\0\'ڳ{*AJPcHk\XS\\0%AZ\\\Ht7-i\\\\\\Ms\5}Hݾ\n)L\\ɣ_\?!\)~\;{A\7/_]xZK\uttu΂\\\\>{\YS\]bp\\nޅ\/^1w\\y=~戆\\\\^\\\?uV\q=#NxJ\@K\#\N~s\\1\GuO\;}\\\\1]Zh?wJC8z[m#g9s\+m\ot\h~:\Gt5=\\ycz\'uTWCCOCSO&N<y\։4мr\\\^:q\\)ͫO\\9	u\\\K\Z\'O^>u3N!]Z\'5\?ap\\\Z\'NA\n9\0t\EᩓOkAlu\ROtZ\+gN,up\\ӗNi]>uM,uQK״O]>s\)\gN\8u\,ȯ|\p\*rba\\;=nA\8\cOk^\:̅#҅\\\qU\U\\\\\'C@\\7z\ZG\kw=͟\Z\7g~\r\o\7v\\?\ 7\\?\|og\|Nmo}N\G\i|s\o\F\Щo\97\9ٳ\\\Mr\\9\#`N\j\>\YБgJ\\P:\7\06G\8q8*\\\\Z\;.J㫯\o\'v\oW_\ϐB\\??\,\\\?I\\_4\\.\\kk\\h{\\R\\\\\\ɮF!7\o\;?\"D81K>\n+CDUA\\ǮBdWz=\=\5=#ݓ[ \'R;r\E*jү]\r0\`k0	m?n0\@@2\'\8(|h2\n*\P`EP4A\(9 \{P\\)ڿ\\$\0LE/\0&\\\B2\Z\N\'*:p Y\,̯+\0P`\Cd)pZ\q\`h\z0L\	\\mv <e\bnS1\Zf \ K\\V^\1+{;;\\\\\O[+\[ü11]\Ǩ\Zb.\0\0A?$@7r\n2J\0\ߍW+\a~L	8c\\'\$* ZĺjL=8J/`\:؂Ւ~IT7/\Q\y4\'B>L\Шa;yX\\\cz͊.\$0?\&LҺp0k3H-\(\\ЖC!J6~3\\{\K|ʲz_5Ս\\MT@:	Sk\5\(j\\ZSU)pr/\0l>Z0ܘ4Ғ2T(*ir*wys3lnJqMr\~g\\\M/\<\\h\\d\\\\\\\\\ٓ\'\OB\}s{k[[\'篝]\쭌MM>{\\\3S####K33s\\&\\l^Xzn\\\\)\{GgC\s3o[#/\\'A6o<\^چſM~\"\u\+7\o,\\\\z\żvy\\x>z\1=(\\O\8o۸w\o8:?m\<\w\l㽬b\XFG|m\n\i\\\E\\\0\0Iom\;:e\\*\ļ+(\nq\wI}\\\\\9(\\!\M(\\\\ז8O\S>8@ES\G\wo\!\%\\-+\=;\=+\-+\%;\5+\%\ķ\o,\|`Et?\\0\\9A/-r\n\"܊\\r_\`\\9NN)>\@\2S?8&\\\{;$OO|k\y?,\\\\\Z\S\\!\\y}\+\8OGP\K\0\0WK?gs_G/L>:~xn\\d\Z\j\l\\`iL;\Zx\\n.Gs\G\\No\!\'\\2\UEe+`@^\#=\\ͣ\X%<}\AFk\\Ɓ\;>u1	p0|oy\Ճ\\m9[\u|\ln\l셉\}\מ\0xtM\szgu\U}\:gttNC5L\왳Nh\\\\:U\\gt\\\\\\\־op\Ao^U<\s\\\\ֶ\e|%\\A\|E\\_Z[\5\ !ӓ@nهl\T/j{{ˎ\7̬Yu\\K\@[H\QBa\(;Cg\@vaG`\ʑ8RE\.,TL\42>XBp`\\Is5_\V(o+@\ʃI\E1`Xc)G\nH7\Q<Q*)\\2IKS\\\h#\靨~\(A\0 \ \rl@\+\*:AA\IqGT\V\\"bĭX06-NԊA[0B*c_09=}\V&\GWF$SRfE?\  _QKi`ࠁa\\â\\YAVE?3؅\1\;d2c\jlzC\\~Мvy+rVP\rHp+!gFE\00@Ѕ\& ]C\gw\\	⟦X1:ةRpT\\b\/V\ކh;!0a\\c\0\e!Ś3=^\<\\'\pin\Ln]1\(f5\70\n\ )x2-#F\\1Ҋ0f\i\ݪ&\\)n\/\^\^./B?x9X>zr\\\\\NvvH\\\\[7ϗ\-\\\l,ll\;ۿpup|\\\\\\\\"\\U\{/>Nx\]DL\r#\D żINOАQڇjGVYA/\r\:\ڋhap&&\,\\D1\\\.>^@N\\DU	\1%QHW4\j\C۳\7gm/\#\\Z\nY\X!\\B\ċ*㸤.%^\\*iH\$\S\\j\rԢᎂ\\\E{@ّl\\K\\uc\{*\hM}5)\\lEc&AX/OP\\\	y}&QV,N\\Ukz_K		-\pZq\0$\$*Z2U\9}Y}}m}iD.S\Z &F5Q3ƨYD9%u;\*\oJ\\\)\G\s&;aR՜jJ\&\\T\\\k\\<UK!CP(N֦\\\)\\΂!f\0tY1\J\ޔlUTޜ/\([M9\<Ik\\\2\rY\\\EKBU{\\0x87;H+Q2ڐeTmX\0Z\\\\\-\1V\8|Q9\"yk>*NX*kɒ4ftld\'.<>?*+K	(Jw:PK\Pw\F\\ML]m\ͭ͞<\\\޽}\7\޹\\޻\ɳ\'޻ken\\\\񹳭0\ͫW/\^\={]W\\\_}gv\'\\YmG\76lxޮ>\-$DATC$\T\ָѮM1n=E\Ĩa\2hy\"Ug1_5c&f8	e`i\C\(.0l^:\Yeg\!@\0?4+Dْ\,wHM9\EkZʚs\\,Ys8\\(QRK\_&+EMy\\TtL\'u\\\1\[7<\ P;0\\n\\\$H\{ګ)\xE\'\\؁0Lr\R\nL\V\.-k)巔[\ܶr.\\բ\\\'8\"u\)i~\Z~	nG9Ʃh\\g 6̓ar@ȫ\,mȘ\09: \p\P$C\0\\0PMÖFxv\ꈚ9}\Ѕ\>\\mD\C\j	&W(P\6CWSw\|;fɨa\\usb7fU6I/mI\T\}\X>12B`4mNjI|M	+6\>k{Lvmr*rxfs\\\_f\Gp]e]\\w\LM],\[\?3wrxiM],\>zdjod\hn\fk\\\祛m_O|BpER9;>7()?1/(\ZI+es\\"{0\܊X.\(\\(\u\iC>CXƧ$\I\ZA!C՜=Ԛ7\Q8\Y:\\\t̲\\H:\.\)\*nN\#M\\̲aKb\5&N\7%.vAP$\/	H șdO2KV\\r	eUZ]\tb-p\r\f_\raLy\\N	s=e\qFLW\2.$	+\ni\\Z\\^\/\B0\]2\\l\T6\\AS\%󰌠bV\g\n\'۲U\\\9f\lUY\/wMѲ:%k\n\\\bO9\U>nKb\\Ş\Rd\2\#̰\\\wc889[y1~VD\\RVk\E!\rE㦲	\5YfEٰ_ׁ\xA\n,\tnYLYծJk6\\u0	\,+j\6\r\\rE\Ղ4b%}uh暼zcE1yE^hT!\P@\0\\Vʫ\c2hؤĐa>^o^{z<wr57fc\\\\\O\{{n޿}\\\3[\'[kӧn^:S_\E=\˺\7\r^\Z\|gt\\\fISSe\\PY,\\"=\pUe.ŅKX9\)oZ\_6ǹ\'\\bC\ZS:;@/\0#\&\В\D72*MƠB\+XRݛ\`\\:Jڠ\\0\g$\rl`֒1:r%\\ԭhgG1ć\\\gh,\,gG\߾\p\)9Z1QBł\fFDTC\\`\\PA\{M ՄcT\n\-\\T%NAG!\*\-P\0)\884E`\\\\\rK[*4uxaH.4\udy\\>8EХ\8#\.Ч\\@/\\\0]jCp{6U \g	\@86ng@=WՔ\W\Jȷ$\\ѽ\ᵉ^ޖ\̊ޙ\[\_p2=\c+\\\X?3{\\\4?%6)<\\\\zz.?\dn\\s\\wa\o\\=]^}pv}\\\\)h_\\@Ȁ\Y^\\\;\n\ZZK\\\#\\"%(Mg\"$HRUكMyC\4\4\5$ l\\wN\BP>ƄdDC\\f7\A\nb(AHA\4g\%)j\\y\\\0mSQeX[\DK\"h۔Vn(@\r\J\n\k2r(\7՛\H\\<Y\oXU֮H\ި\)_\P\C\0ZgCx\Ȫv\\\nr\h=U!i]\\&FVK|<d}XEE	q^\*\\N\#\MS\u	~S_bWzJ&s|ܔX@&\n4\G+zˀd\06ټ\n\\C-rQ]y8<,Ƽ0+&.ʪ7[7W\Qclcesuk\r\߼\׸(]֠\v!=\HC3[\V5%~U\\)`&d;[%1y^@\.\\\4/\\Z$\rA\2ͫ\aiEki_{#xS	^]XI\'%a\SrcRC\\zF{\9\\\\\\sK\fζ./͟>|p\\\G:Fu\\^ѕXgB_R?\\ז!6#\Z\\\>blH9BU KY\\Ԕ\m/` z0LQ\UMy\0/C	\"-0A1\BA\\0-\8҉4Nȷ]\0WC;h!0\"d/\ɀO=\10}&h\\\\\\\Z-eA1R\/иrPP\>T(\`\\\kd\0CGB\0V+\\\p\\n\&	ygN\\R1YU\.b?\ln\BE\03\\\\0:-dBz8\\߈\\\.@B\n!n!Ca\n\[\\O#Sy)LB!{H\ۯ\\^ @\20\E`\B\2\>\y@G\8\i\Cm\\})p<L0\GV^ |PT9)Wё\\rsKL|iʸ\Ǧ.ھ+\uWG\G\\	N掏\Y=}\Z\-\\]\/>|\\WFA\m#ݜ߾\PX\>;\7\'\cn_q\\PEZ81+*70 Z\*M`\tD0QB,<U\S\\ƋI\\d9%IQj\i/fb\9\^[F\K՘2(`\◠/Q\'vY	\D\(h^<\(\*\*dw\1\nFiyCmY郍\-\\1io\n\@#w-u-u3oUD\P\l(\UYժjEV\"\\W.ps\5qV_\\`\PP\\@\j_~Yٸ1Ҿ6ز\߼$]u#\(%!aQHXWA0\)[\\\*j\\+!iU;|S\"\\WoJkd\ri\2.\"\" RY!~|9/\D\rT%-\VŰ;򦜼!&p1c홓rҺ\\Ow}$;\R\"-p@2aY\-_\z\V58r>qC\\.A0\#.T\w[▅%iQV$Y\o]\kYԭ);@4\\B\0&0\\\`hw	ZA\[-捾ue#b\9\D\'\!\rU\?\\\0隲~IR=\#\	\\<\"\n\n\\o\Okf\\rs\Y˼yF\0ɯ\B\0\rnj\\`\'f\O/S\J\\RIG|\RFUAkib]NTMV%QMf,%=<*$>?\ㇰ\\\\^9pwzam\hmnojlr\zϙ\\3x\\gW<\r/Y\\|e{Y\\&\\4\\8\٤\]KĿ2LU\"\|Yohړ\ړܨ:\_\3<Yxp\ԃuJ:KQ\K\%P.M0A\\c\2dYA]	(^yZ\bp&LX	L\)BZ_ڇ9й\\nmNou.ځ\Р\`Y\n\n\\0|ʳ߾\\n\nl;d\\$S_\Wë\k\nx:@l4iY5Ħ\*\\jEZ\`\Q!\01\r\0`\P({ ҿ\\0r\P\vPzA\09$\\a\\\B\0>|H6\0B\>VwGk4Ћ]1\\r\uW(\B:	Ђ\0:O\\M\\XNp\bu\r\զ\\BlHo#Ë\Zԛ\).\|d?	)PB1>\&x8&Jxi\iErmsnv-|m\h\ս[Nv\\w\\\}lp\\\mOl<݊=1SjRj\\B\Zs\Zsc볣\s򢛊b\\t.\\\\sJ1]V\"Jl\iʟ/vOu\ЊٸE^՚v]R\"Y\\"Q\reg\w\`UI횬iEj\\7(VMP\"0>(\rt\Z3-i\ysJ_{\ `F5o^4\S(Z\OuW\rSC\	S\u)iUYZ/R@ͽzI^\\pHKuE3\\W-k}\ԍ\Ε%Y\jj\\umABYT\/\\F\"\,\(\\\DW醬fMZ*-+gB+{`T]\mH\פu\\E)yq%hV^\8@^\-b§ZsVy\bjE@j\\D\	V\2HT9\\,I\Қ>q[,$\\/]g{0\!iK\V!\\qӬ21\0 ^\͈\f\r楾\yyӂybpM\4/\j\6;~S;hkc{>i\Tkuڊ\0|tdeE㒼\\ʦe	\n/)\Zq.iVT\׼5L[\\\R\IZ\yi벒(k@fc\P{\,*Q(\\S o>A\[&o\\nJ	ɴ\\\̐\\ȶܸXbZ>-<%.?62\\\k\W߸zptttz\\`t\}.X޻\\;\[!?\}c	p!\\y>Ou1Kv2\{cFpf\prb+~\\}COIKsCՖ\ܚ\BM`\~\UF+҇:\n\y)V0Dt1\խ&Y \d\R([F%ÌѮfpg\p\'&(Рrcl\0\\\u|\!PĂ\߿\rҖ/\\[\\xU\'aI\Z\\"#Ϸ\\ZR\(\Z@Bх\"bV?\nbX}<n5d1nSQwmnOM.@PWȯ\\dk0\E\0\rt< \\\\w\$`w!~\j:P0_΅%\!@@/B9]C\\w\\қ\PH\u\M\0R`PDB\ \^\0z!\{Edy\\\6ҞI\E~\\\:_Q\\\	.̴\2!!	dг޷$!||\a\aQ:U}\\\Enϒ\\Zy<\b\\\\\\-W^<\\$\\2>ҧ-\'YݍO\!&rݤ^U&W\\$\J\\eLl<$\@Z,N\PV&ڔ\azAS\Hk,\M\\\V6fKbm\\Z֥\0Ö^\dg5gU\\.~U~Z7-\\Z\\?\)e\PT\}m\#\^<\^\YU\k\Փl\$#o7י1Қ\0\RTm6\b|Ʋq\&\w8\0\v\r\Z\XW-A\^\\\.)\f]\\fE\i6lJT5\U?dM\nMeLp\\D5\!Тz^R5)65\]6Җ!!F˂TUq̢u	iE Oi5{*)jVĔ1f\<*`.]\8\Y	pƖE\E`Xo\*K\r-1eO\0\\\9\m\	+\00 \\[}N\\	.abVT5xV0^\0 s\rΪZ\f\0\0WZ~UU+*.Kia\Hum{銢}FP?\r\El]Q6̉)\\%\\~jAk1CZ*K6\u\[J\\B\zQx[nP{^hG^xG~TCVDmfdeF$)=\n1譇+;gKKwݹ\\g7\_z얿Ńp\GI.F^V\\%\\N\2_c\[S\K\ !X\)x\\`d#kIpjvlunI\.\rRV5\e\\u\?\V)(8q\~\0ZEÌ\ѮbĈ_FB\0cbҹC-a_/:p\0\n0\@F\@\\oҍ\\ \\g](;@@2161@0.6B\sQԇ5\n\Z\n5y\\\Xț^\-Y.\0\@0\Srm6<4U:]I\PG`0\woNF/+*\\\\_\x9FhK\!@0\nL]s\(Π[TZV-ɨv9\0LAIUD?2\u\'y0b\\b];\]8y\8\\<\\r1\.\ R\om\|W\8UyYb]\?}\\\GG@w\W\fn\S\ڕO}\.	c2TmyȘlt䋚K{`G6]DIW\\3۲\\\VԼiF\4`1c%kY2Ӄc\r-\KZ\U-H\\b/ڔ$ꗅ\J8\	z\d]\\,	+*ęIxw\0*kB(]\"!\2Q\\EUk\uq\nrE\)`EV4|IkVO\;3`\mi\B\z#5\\k!\05EÆyU\07ά\߾\f_F_~rMZ\\`]\J`\i(\{\ry\oݔU/\\1z<B\\n\8)\n0\x)l&n\+]\֔Dp`\0C-\r5*,\\\S,\n0W*@\\҄$[ےj@\r/~\0f\\8`s\yp6ִaW5.\C\n0\\\'yD\0lqE\/\\\\Q\a!\P\ Db[Vyi<\KY5o*\Aa\TIpeZ\\0bc\R\0\(pj?MɊ~U.ap^\ߖ!Oեz	HvYxG^`]/%շ:;Q\\\\\\\\\\fffO\߾\N\0\|-\F:<Lq}ڴ\ך\D\n\rp\Or6Op4\rhun\T\0iE̷;\0֙5ѹ6\9%Ԟb\\\\\\\u)\\\\l\Vj\Ř\Z`e\0Abl\@ca\0- ڜS|y}/\\\oVi0b\0;\n\IPPK\/ \0!\,`X.`bW X&Q9hb㶕r[K\ż\\"q]@@\\\0\\\\3I\0\|TCL\(\0V9\&iP&r\P\:\\ߓ	΂3+\WOs&{Ƞ\\*TȨT\9aBd(wT\U5\nJR\<\!NsSl~7~Ku\q\Lqp\\n\\:\!P\\ iHdW1\F\%\U+\\\0*ЊJm\ɲ,/r+&\\R<\'գ;ɝ=ѵ=ѥ3\3˫3ۇ\\&\)إ\ߩ\ϩ\ߑ\\\ms{kw/\\G\>)oB\\\"_<\wg		u\-\3\̉΢鮲YN\ly\ \WNpp?F?|8`Y<\.[\.\zW\5w.[D*d\wc\\5>q7\.a.B* ʑuq\r\n\}\S]esݘe>\RگԮ\\Z\-uCي\\r0\\\QZ\hg\4򒐼\"\Z(ꗑ\4g\P3FGZӗx\WԮ\kV\\\\%eYV`i]\8ϫ`\\\PnCIhB,\W\\͵+Hcݜ4/\"\/J\^\/IlgAX5ݍ[V\\6}H\5I\\\w(\8KV`e\\`k\"4\\Mu\\ƫcf\9\|̊,zU(AP\\Z@\\\r\W\\\9a.]\\.V$U\k\%!iQH\\\Pnm6Dk򪀴|\B](&U\	\%҆9	pa8\M륌V3\U\\n<hK~yY\\ؚuc}s6[\6FO p]p\00$dBjmY`cu\0\\Z_\\nifD7~aV,k7\\V\'{H\<ҲnYV \2Ʃ\G\0\\\\dy]:z3\.f)؁Lec&Q@\\G\}\?fY@kocN@mf 99 ?]\PoO?W/\-M-=uL\5w?\gy3\TW\\׏}0AHsbЫ\/\\c\\\oE\~J|H!T\y33ܩ\nM1\\/)M\=\b|4\jn?-o?@\h\U6f\\\\u\Ƭ\qTF\w\\\\\\^:$dÀ^0IC!KҘ%kF\JH۾t\@0CISAZ\\0\r18a\4\G{)dd)!\ZC:܋4*\nm?\Z8W~\3t1BD\\"o\ZKE\\Z\08A\ץ~\0̊a~~ً\0Cх:\_` ^`\\ѡ߻\3H\ADUshxu\C\fў=t<d gu_T\00u\w\4\Z2\jV\\ .TC:B-F[aaXkR\\ufQ@YV/ԒBZ_>iWE\ro<h#KY ćJz<X)n]ɮ̴\WWo:h\^mIo\^BN\	t}uv6&\)tg}-\sH\W\s\3mߚ\Du)\Z7ޒ2Ց>Ց1ў5Mϟc\\\iJ@?YfU6\U:\._\X\\\\i\\V8HgXŋ=\k\r!n\r\\r+^\		\"Ҋ&L\"0\U>\)[\0ވs\l\T\\\g\@\Ҧ\ry˖uS޲\n\MR,\\\V0ޙ3A\k\E:hOQs\\=esbҪa\r<myAE:qd\6v\}\9\{\3\rNlrr\\sA%\	9 \9g\|\~χ8Wuᶦ\|V\gqƸFR%ZWW\]Ukڪ~X\U{Ib@;?no,}[0~joJ\\\;wkqLE_~`\k$AEg\n\\]-.>>dagdJx\:\}ddG-2\0\i\\lY\T.\*\':.sWϩ[u\\ϫ==G>wc}s\\;\I;-3;w)$\0EVY%\R\\I‟;%fnwJth\\?ҵ;յe\ڙXU\'\\,*\i\;\"\n|㢥I\Ҥ|~lw\:xe\0c\˂a\\r#\\wO\+泥\޳\~ϱ]\G\_+fr\a\}Vس;۳0ع1)&\إۛ\?\Ȇj\"I:+w+$RmuK\\Zt\Ts0ѱ3\\VۤE\֍\ړ>-Ͱ\fGxMtiiZkqFSQfe^\男\b_>K\'\~_o\Z},\f\[\\x^\Ҹ@ns]qt\(\#ɞ\Lqޏվ5\\?G)2C\i!=ܨ\\Wu)6^G^\1\z\Z|C\cƆymKYᔗ{ʙu\\̭\#]\\aªv\,\~-ŕ?hG	\[A,Ρt-5^]\\g_05\\?	$/w,\\\\?4\\LrO\)\D\\\n\"ץ^\\\rB!\\\rA(P\A8\!\\\Y\:\ߖx*Ћ6.H*+6Kz/zA]?\\/E\H l\w\2Raߗ#?+g\uk\L[bnL;|\rL/\,*j`Z\܆][L#>\\*\\\d̱UF:o::ƹ;c\ޕ7۞6\f&\\hs\HS\\`S\;W(br^\ި_#T\Ϻ\\\\"_r53nޫ\\ԷuY\Z\8B!Cu<ҢyɢhUS-[Vd}\]\\P\`F \MwN	\T\\pB=Ժ3\z8\y6+:\S\.r\.椰v\\L\\\}1\';\\Yx\Cd\Rv\}(+p\W\Sy\P@v\]\\ܡ;\\*\V\ᔘ\<t\\r\okk͜-a\rCs\\նzk\>Ή\0c\j(\\c\0b/\n0]zt8\0p@/ݙحۛ j\\\]bp6O\}\rkю2\%^x-0\&=\ڞ\m\\j\\p+O\\S|4C;\\D\\h߉3c\'P\ތ{P\\\\\.\G&د9T,\\Z߻\Qέ	H\\os0ֳ7ݷji\\=̷\]CE0RGFpz*\DFE\al \nf0Xa\X\\\\0[~B\oK\w\'2\)B8r\Jqt\n0e28\\"\\Z㭙[\EC5\g\\VLne\\P\\h\'\\`SSd\)r(\\\	\gsK!6GRï\\*3\nޤ\ѭ?o\n\W\\Ǜ\\\%\7*_ޯ=#+?V93+.1 \ɧ{o\8	s40\\MnJxe(Rf\ӟC\\PMv0~\t[MR\TVL\M*WWK\5ĨQ(,\\@\cht*\\\Jʫ\\M3#0\\\1\׶\\\0\\0A\~2\\\\@0\s+\0lmFapc\E\i\"5d\\)\~!-ӛ6*\rz/\qn1p=Tv`\0iˬ\\0\A]\_vLhr\ J/	˟^[\\{A8{\kB\\\͑6PEX߷\MpWՋ2_OKgmK\o|\XS\p\ᦴ\4SE\qN/5-*x/}k.\\\r֥\^\m{^ȯa\Br\\&\5diω\H\ɍ\Z\|\\>/.ʿ>Q\\\ŋ.dVBv4%:!\0;\X~w|sv_T-0@`\V_\bZe;-3gg{`X\\\c[ב\pVzl\>!MriVUn\Yw&\\f8V]gsd\\wojgv3ذ\[3\r>%>~_1W\\v\\Fq\Z\h3gÙ#̡fb\7\^\\a\x(\=Q\\0\p!cwR}\\],\Oc{pk317\}\*ٟmw\)e\ZT.	v\AF\0vTlqJv8dZH\\*AE\0;^~bL\\H\c3\E݁,=[Ю\-\\1\1?*5el\I\0\#R\\reC<K\Z	ׇ(\\\\ N\\Zb\/0\y\r5\\k5A\`gD|\\"\i\nY77n6\b5c[\\\c	\hǼ\0\*2kw\P{A_\gMCnwMVgqz\\rs\cCxx\'\/%\\q\ykzЍ\/\\qwk\\oMy*\	\ʋhI*{\AƳqwΫ)\\馄7\q\<\00UV&#LV\\\0֐:ݞ\\\8g*X1\ŧU74L\׽bL5\Z֊Ev³`E\B\k\[y\@\0F1F\\\&*:w\"\\:ol\ڗ̝\<\_\$42Ћ\ZIb 괨\\\r\\Z,0	\\2`t),\C;F]5^\0\nk\=k\\0^T(\\/\3R(\h\n\0+꺾\\\{ܲ\\Ԡ@@)P\Z/J \\RA(\!vR桀=+\zQ\\@M\\n1\Q`\p`Mv\5\5lViK_d=\tK[$7y\XK\PKaNQ&?\L\H\\})-z\[r8?\͝Afȉ{9)*\ewϯUůQ}\\[\.\\Vlj\\T+\\\O\\(\%̝\-*F\\%\\\}9\'\l%6\\rK[竳\kX4[d\;\~\\x\)\=h[7͑͜IhZt8-ڷ\\\\=rMs\\\\}\Rå\\\'֮\\\\큪ҍ\\ޚUMźp\ȩ#\p\UGVg]W\\A-h|:r01\/\؏2\" \d\Z\`w`kP\\*\'s\n\0\l^w>=#\\Qv\԰\h!#s\q`,V5\Ss$b0\0;񩏽C^m˹n(|/\\;Q \\.<\'C-ØTSfI6\>¡DO\\gX>}\ޜ\/\&[v풥\3,P;\u\}	JNEc\\\\'`\}[\\\\'W0|D<\1\[\\\=\aU}0#ݝ@ccukmB7\\\nrw\:\{\\q\єdsc\\Ҕxte^CEdW`jʑW\\xũuR\\\B_\ٍ\;\/	~\|\\\[%\wʣoվ\M\n?dF6%G\\o9\\\'=\G\k\\k\6Ʃ?Er\t9QO\\wtX\\.\Zz\ZɄd&_o\b\2\h#!b +<(X-p\W\\r:ڭt*\\r=F&\q\\\\zm\x\(\	!\\\gH\e{X\/LH&*@\E\)\ƀ%v\\\7:\n!ѬjHI76N,<%?XET, ^K)\`YB\EE\0\ ~0\]T\0\"줸\0lXYѝ\YzX$U\1\zy0\?tM7\\mUm\\\T\ݹ \ޙa\H\HhK\fdj?j\e\tEs?D3\ğ_+J^*\~\Eߨ\n8\n^dHۨĘҔ\\\7W\DKKh]S\_\[i\\זnh*,\\%a\̽\0`Ѕ]ե\V]9d\\rtN\Gեw_\\\'\\\\\\W-\*\j^\\iٷiyC_\\|GZwG\\\!mcy\ܲ9\nGL\\hL+3☿7Ѿ;\\l^\+_5\\z+׍U\\ݾq\\pI\Z\5m\`0C5z:(u<Gf\/\\a\0F\aӊ\n$\ͯ\C\\0\0Ӟ\ka\\H\I\FoÒn{sb\\\0[P-\pANm\3\ӝ4\'^\\ZHդ`Oh\LNAJ\g\YF4gVTA\\K6\GcG6\\%1#ɡ[s8p:m}|atoδ:ٚ\=\82k3j\0\da\ruDY\(\X:]6[QK/\n3\\E\\rO	C\8/|x\|`>\'\N=\ϋE	\\CrZ8\\P*Ob\@x2Gx]{6ܣ/7V,\\.MŴh3\\\U\eI+\ۋ?\e\'e\'ļzz\\\\\%Y~4\Nḙ׷\\	S;S\\߿(+NFȯᷫ_?=T~\~=T\Z~g*K\}y	t\Gk?Eir#q\	\\r-\\sB\r\/9z<_8!\3\p\0!\\	\\0\́\\rsKyMl\\S:(s*\Jʭ«\\\J\\ca\W\dF\a\0\;*=#(Y\-XzQO؉{o>b\0P\N\@,:I_āё\`mK\\\BH\ҋ\bIFw\c\\Z\kJYl\0F\3)ۤ\Q\r\gG5OT\]QtÑ\H-T\\\\na\!{\\\\/YQ~Yg\00/c#en\\\5\\z>\>5\'\'3\z\n^j\M\\\{\!\?Y8!\C\\Շ\\خOT	暔qnCZ\0\s\7k7{˶囆u]ŊtIQ?\<\j12|CJ}\\9p*\\\ܭ=!3\\\\p3\\O\]ƙAV}KFFavG:7tp8+ٛL\0m\\0X+\%}񒾌rCu\5`gNMC\\X\'B<\rp]\\W\ʫ\(WF\T-Q\\9bqn+\<9S\OI0X1\K\0է\_̊p΋\\\hkg5в\\\Tl4\0كNŉ[{\U{G8q\rD;{x-N\ퟹ-ϒ&M\\\vZG֮9­C\_vK{\1{O.o\\w4?p4r\ܶ6m:\\1$`\ĭS\\V	au2o<^0a[T$i?\a\ͩh|.ǡ޷\rq\0B˩?.z\\9\>j*6\$mh\\\ZiÎQy\0`ЁE\zX\r7/j|ƪ\:f|BTh\~66R5\I3\\R[?6\(LK{x/έ[7bn6\fZ\{\\w*\n׼\7Qkr\'1mpi\\/᏾?\4\'\P\[0T\Ƣ\x]A,;\\E\n_+\M4g\E_\\=enMռ~\\E(h+<d\dyt\3B\\\l\\\\\nr(\\vE\\\0<\g!Z#|*\\3\\_\0\( ن#+\\'j\"\rAC\qjg\0F?\+`\\iK/\/\k{B>JjT_\a\D\\ZQbQ\2G\0l-\\\\n\\Ѵ\x{oJ\nbQQz\\˝\\\rs͚bY_*\r\,_O\\غl]9S7hAjpk\\\D\XU~*?;+\Ӓ\;\A73^\/MIjL\̌\r	}թSmVY\4]\Jgsac~c~cv|jfnnK_\\o\@/bPm\/\j|q\R8\:\\0v\\\!`;ܸc\<9\8\\=+ȧ9u)έ\!3mIo5\JjAW\\p\d%\IJ:wFۃ\[`oՊ|\`\\.>rv\\^=\0v\\\v4\+w\Zϧ[\0\\IS!\UR\戍û\\\\0\\r;5G-\\\C/\깲G\VL\r\}M반<:S\޴v-MS8ߟ\95@Э8r\\xaG\E ]T,9\a\\.ki\0\\\nf\\"-0=G6ͥ\|\\Z8z͗\_\\'Oa\0}w\\0\06F1f\n\\5^`\n`ՑW\0TL\/\!\.p{\boׂ[\'\c_߱\m\\\V\\N\0;\ \\쾐\`\n\\\\s\R_G[k\\tEږ\\Q\GQeZ{aZejRvL\\Ǐ߽yV|୔grBoS\Zw6\'~뛇\\\I|^6,EEdpy\\\\\Q=񆪄ƤA:\"A_R9\\xÍ\	\\<8\Z\|}M,c\\W9\[fi\\ga\5PM\\P\l{V\`~TH]D@)\-\c*\\\P\ne\n3\>eѶmqHH\\ZKנ	\\\h3 \Nf \w\\"3ڛ\޷ʩ=Ǩ\1:\\s\Od{\\dg\\5&\ֆ:VC\B}d3\I\r\rwn\rulo^wtsr\\\V\5\۟\E`KGӒi]\9%ٳw\'x@C\r\5KyK\f\qS\\Ν\)Wz\n\/ӂO)\/q\`\\O%=ъ(EVã\\OJ\?qZDp\\Ȓ\/j\ZӢ>V\'h˓2-\"QW[\۰\װbn\\37k\\k\ҡ=д9мj\ wktNv\V^t љC~\V}u.GωSu\\]̛.\NH\xZmn\ҕ\ʎ\\\\ZϦ:.f\V\Su\\\0\0IDATNyb%\\-\1\\H\\ g\T\%i,%+Ue٪bvenfok\\7o\\\\\\ںƍѶiѩ]\L9#\S\ġޝ\ׯG\\g\\6\\i%\\r&&̫p\\鮃Y)g\CZ/\Kow\\~\I#$x\"p).	58&Btd\';<\s|\n]v2ѱ\[j\09k#\\n\N	\0\#3;E9Ժ\P\ߛ\8\JmK\n5\0|\"\\nO˶\'y ~2M{\FA\e\\}\&6\xVr\\Usi%\\nG\[ױUsg}\ұ7\~0\yhL\\\KdNhםzV	t\.\\r\6FL\L4ة7^.\}ҭ=r\@2\	.L\~\VD˕ዥ\\Z8_\"|-B\K}.\\d\ҍJ\\b\1:G`G\3\\\\\r|}Vi\ޜmL7\':Iu\Δ\߶kg\\=$ٝ-rV\ZWM:zV^avm9ZN2CP1uAtȻ\GxpE\\Ƿoe\KE\\\;\r1\\7y\>91\y\\\\'寂Z>4e\8\\U\J#UB\/\ia\\᲌ОH͗U\\\2\\Ξzq\kMwm\L\Yl\ܲ2к:\]l\E`lGa\\\l\0h!ٛ\\慾ycG_\\\8\\NM5)h\\14\r\K\\1z{\>\|_\\6/0Ƥ&.	FQqaT0r-\0$zgDɨ-C{`XPM\Z\'5\Ť\i}۬B\o4̈,Z\\uA\bX\0۟Q|׏iAIʩ&\WUA4-\g&|\mpT묘!5}*\=\\d\0\mD{pg\0\0\P#m_lwcg3\\\Y3NY6\\\=lGOG]\Ӗ.\*\2{w$=մG]/ԟb51\OᒔG\W\#r\?y4%YNTX\\\\i17=\5U\\9\Yq錸\*-s\+絵>}q\\Y\oZ\\,V[և\#m\V1	\|L-ڍ]:zN]3xĝtq״\\\Sp\\x\p\D\,\!|uhٵ65|\.>C\\nv-m[C\rۆ\-y\Ӓ$oI\)ZV(	\\\e\-M;ٵ\z2\w`{\\[\\\\s\5h\\~*|G\d?הb2#I\\!<<\\"~NI\\ȫ8W{g\d\foݺjam=;\r9\F:\\V{kA\\q\\rNzEf3s-*/\|\\t\r\M\{|2\n3ǉM\\<\\IgG3\"G\n&;-Sdr	\D\8I\۳\=WmU8u`@x6ќv\b\|>tF\\0\攛\\gnq\ż:yS:kM\`t\4z\02J<z<z8|a\rƝ.a{\{\կNWG8ɋ%0\\4\0z\`\\\r[\朂hZ1\\k׮M5- ]\0Մ7-Ea\\]L#+î,UZ\\Ңa\g#\'KYQ\\5-\\oC#\	yp;<v\\5\҈Uk\\\?h|>\\!\󒸧\/7&=\Fj\_\^\r47\\\KU\"\\\\0AaF8\'\K\psʌ wNŭ,UZ66-r~l+[E\n\"\S}\\w\"1t]\00Z ]k^2.kjmjȮ3+\rx\K&n\\\A>?9Ɍdcj\_Â!\@gVX튔a4\\&\Mc\\qUӨP7[M~\,\\0/g\/͆\0\OK\0c32\\*pXga?\\\Ћ4A\\0j\0c\oH\\pބȟ[vȺP;\\͆뽕k\%eK=\'L\\4(\+\j\r\Kƚ][U:\\\I\F^ܷE?EcQ\\\\d?у\1dGNlݖ+\H2ԧ\[D3R\q\\jv\P\\m`H\%լNJ\(\h@!\G&^:֮ms㊺hG[z\W}4Ҹ?ָ1X3Z0=❑\\Kt\Z]\)>skEn\\"/s^\f8nQOeUYeh8\Z\]\\\<\ \\\ޫ%s_ߩSs0\\07l\Mt\\\e\P\7\\0Ipע@/\\0[A\0om\\xp\ԧ:\\d\.\Zo\fgn,Μ=\'6\YD;kuk\і\Ɏ\iхUvjW\oxػ\")?3\\\ܝm\3-cp3]\0\$jup0Xd_:-\6\!ǹ{c{d\\\\D\'HիkNF2h\t\\\\{n-\@\\\Z\Z\n:_\ݳIm&\\nc-I\d\^W\0v:\\n\h=\GSa3!\'@\5\]\҃9K\T\\IgE[3\\i\d\'\n\0\n1bmǖFqL	\\@\rg\\@\ZЌ5nsΩ[\U$o[s\C\\>qnĽ\\\o7\"\VDTDݩ\0,=+5-\WO\_\%>i\\+i&\տyc(U\K3^2Byi\X\sI\suI\@C\x{L\\'gOW]\34ج\n?^\Z\ob\\\Z^N[&!2bcN]cUVQ} (I\UtH}Zş|\0f҆DjŰҰ\3,V\	\Cs@\͒ǖaD(?\\	\', Zޢ\]ۋj\BQ\\2\_) \X\\Ex\~u.mpkR3!\n\xΊrQW\\y$\a\/\0s2=\\EEႾ|\Td+Ey\e\+^\ħh×SA23\\72\zx;\\woE\K~T2>)>~\kE\G}]@k\eUـ.MK[]U\\\\y%\F\6\;if\E,D\#TA\С\Km7\r\\C\\ɖ\#K;YjVtI\|?\N]\'vX붺|#\\\\妸:S0\j\\\\'\\Ҝ\\1`\s\hJ5Y3V\$\;l\CJ&V\0\0\O\`x\n\G\fa2\U\\\$\y\٢\t̊և\Z{k`,<\0DcP\Z\0x>\}a\>\'\Ǹ\\:\\l\0;O\o^\M-^F\\-ߚ\#\l\rqw\:\y[㼝1\\:Vͨ{q6GZ\\Ax특a{\p\\P\\ b\#\]./\\9[zɟ\\\\0\p\@xJfmm\ظ	\\\|\Ch\'\\n듬.Vƨ.W\\d\xx\\mOʶd\=ΐ\\\d\p8n=WϾ]\n\[xآ=4\\\F\#0\H󚹙\Us giqeSM^2ؖJm͋/y\Ȼw\"\\Z\\'?)\~qԣ\\U1wc\c\)\\\Ȉ\$zTQ\\\\!\\(M\KSksks\\ޒ\\Hx/0\0\dʢ(}\\<خqj\Z\0?zY$[\o\פ\"Т\(\iW\%\B-:[\g`tILvULʰ\\΅!\EVAlDa\E-i=<\\KMϏʮ\O\0柸\	K\|\\ZЮ\}\'Q\j\0:Ny\\\\;]l˾\n\v\u]4i{@/Ү8)\#Sz\[$K\i6l\m\ƛׯ*T_\y4?\	t\\l8\#/^\T.\Z5^uMRbnJ\gGt?d\>ED\sBD\n\\~p;΍\۷\\\~QNldy\k\\\\엲$c}NS\(/VZ6\S9u\\]\Fc\\8uunC\\0t5,7.9KMk#\\x/\7\$y#\n#d\z\Ks\\}%K7/\(9T\\\Uc\V_\\h\\d\Ɍ\\0\q8\q4\y8\#k?\e\+We\]rf\:eT<\\k\2VH|4_g|.TS)9l\"+W9d\*\\\n}\x6\KE9иS\Z\\0f\v9A\\"Ο\R\	_ٿ	>c\w\1\\K\b\Wa?\0L\uNm\01nei\\	J]\u.-Mq<ul=\\̮\"ö \\\\W\&:y4N\'\R;\\y\p4o8y\\\\\\\\o_\X\Xl_\\м\\VQ\\-j{kiy\P\3V+fΆAisd\\e;\\4dÁ+\\pnۦ\wiN\sӳl]\r{s\r8?\\\nc\\tD\߁\\\pf`\"n\\\fԁ\0C4l\H&C{\\$u+\%c}ؑ\\P\ \\@\3i\l{\\mf\'3q\@\j3\wk}c}um\Ҿ6ѱ:\\\o\)\Z\H7\%\wd\U%D?2\^\{a|t+\ʹgw>F?}PE\j|y\K\g6<z\\Ӫ N\s^z4/F[k*뫈UEw\\ft\<\\\"\#\\1c\Yaᬬ©j7\\0\#sz0\^Tnڮ\\]\8k\f\~\|SҾ=Čc\E\!QvepscMK\hZ	f7S3[\Z\Z-J\`K2j\`\@,\`\\\k^G\0Q7&D\\Q?\o\02[%E\p뺺9H\\ɢh\!S\Nw\'\\n\E\\\4\rv͈eKB4\%\vx\*x\0X]\\\\\U^uMZ<ږ.O\\D	\{>E\\5τ	\\\Kzt7\[Dܽ\Ƀ\Ȑ\wqu)]o4թ\y#yS\BY?֮s\\\c@q\F\\itF\\!Iw\hH2\t\\]8gV\Xf\F\\p\\Tɬ\\s\О9\0#m\:wʯ<o^\>Ϳ{{:ds:%\\H\@òbY],,,\[\D\pŧCpӡ\0#\\3\Vh\<5Lv\51M&779(͑\?\%\_\rL·\\0c5\-@\lPF\0W\2\\kmcgFtB\\\yL\NMMG+2#@zvgsJ\pV\41xM\9M\gv\%ܤ[s\\.\!Mv&N\Cg\\9t_g{s\\9,\mF6a\p\\r]\p]\҇\CMD\\!\V7F;fzn#p6O:u\eر)\`c	tf>[\=\\LKȊ\0Z&i(p;QQQ\\+\0BAxB/vdSڵ\+ɿ_6á`E\z9宵gg!\\ ?MVޟP>Ђ񸓂)N$X\L\S\\\u\\e\9ok\E\E\'E>\n\\_S\\\r[y*\^]\\\\Ww[\}xҒ5\9\'\yݻg^T\>yB)\-\5ռ2TR\c\Ю\0qN,7\\+\x?Д1\yVZ\V6yMƦޖžV`\ro\wwP-\I\,6-\/1B\'W$b\@\b{n0LYkS\\\\rN-^r\\00:Ř0V`L\\\\\v^N2rYĢkaL\0\0pgW\0\\_5^p]\Y4G!E\DZ߇\A_f=\Am9{@/\1\y@EF=ֲ=\\\\0Tϫ\n<ݹNQ\nOv8:R\\v\繮B\.t*\LM\{anLGFxgf\SK\K&;D>.N\\<u#΍7\\D<-{\ۖ/JU\ߜ=\yJ\\d9UUmWS\\\{\r\5gq	\Zn\.lM`DՠBt\:\\W\TΊ,m\\v9S\2^Xw\\%N\o\>Ŭ\o\r57t}\Z+YQ.*>\+\u1S\\\d>\u\\{0&[0\`SɿWס߈R08\'lǰW\0/}l.bC;z\002/0\M|\U^\H`\<\gݩ\pJ揀5\\Έ-\\	\pJo͊nw\ʣhO\\\\|A_fn\ed[ʌtekef\m\5\nU;m<fZ꫃Cak*6޺7\\m\\܀/]8au\'N\\b\9\\}\0\ԡev\	%\\Pǲm\҅\\r]X\&D\\n/1Lu6g\\\\`\\b\\k:S\*\/\M_W\0\6C\u6eر[\Ԃ^a؂^$}Cfh=	_\0\ΤhcjkV5#Z\zU\\<0l+K|J\\ćy\Z\~ă[\ozp\\\_oߪU{:\Nuܭ\w\Z\sS\?$4%ռzV\"aSb03L%\\0վ\{\W^W\n\K!Ύ\u\\ɋP\"z5֦p?O+fd+k\̛\\`F.>h\u(\0cbp`\b;Ҩc;Ƙ\\\A2\n09LUO\\G(ب\\`\\r-a,YiB\\\/ڄH穂üxD0\p?\Q\\\\Z\c\V?\`\96\`=J/hRb\0~/<ě[Z\\H3\F5Ҽa_1T-\\\\9Q\\\Mtpmm)ֶԙi^xRP4\\ZlIU\FrS_𳣀\(yn<3\ָ[Eaw?F?rV|\\_s޿\LdŪ\\5g&B8i\\O\%r\V\.\8+uXNڀX\\Fy\Z\\\\\\A\l6npv\Z\g\/]\W^ؑ\X\mT\]8\ܣY\o\\n\0]TM\\\kCk\Uk\ʕ5SlYW\05l7ooNgѳ&g\\M	a#\0DQ@(\06vR<ޔaQ\n^lDt\'aC}!\_\d&޷\\%-t@\0vdU\&ǭ*\\\0\/wh`(w\ydʾ6\˫)i+av-<T]g\l|t\\D\Z|Lm˦\~o\\0\_4#u`[]\\]\2Ha]\|8\q<\E\o{c{_dNs\6|]\\\oc}jɃ_WIM#WC\\W+gn\o\ش:ؾ\\\.\">A|?\b`@t-\\\\n#.\]s\\Ó`^\0\\\0\NHGYE؂8C{dHv\%>xkn\jv\i\PG_j\ZE\5EI\9\K\\G\Eޏw\̓M\n\Zkị\U17c&\ߚ^\\Hz\\9cxSRX\\\\\O#\׼\n\L)LU	\[`z-})#ɉgg>f\Ή}Q6T~\\\?OIK\\~Y\>}%S\w1@{\VZYQnQQtaK\\3_UQk\(\lFVszxF=\\0\7$A2Z\'\\s}<\0\j\\f M@A\uX6`YmK\GVGؒL&=+0jǯeV\0b`lK4OǄ[\(d\Z\\OP8Q\-\\\bBk-̭֩T[C<\íNݱ6\[F[GZ\7K\B4\Ow&ϵ%\q\Oss\y\-F8\\5$y\pAfxw^LON<\<\0\v\\;w2\yx;\Ν7cn\\ڷ/8\ڪ܌)\\ٮ/sk\َ<lm9g[\\\\afIӼ\۹<*XoX$[d\-IG\GMf^gV_$kh\\\$Qܩ;9h\\3V\\r5!\u\\^ż\j\\пpٵW6\t\x\\occeimes\r\ug=ѹ=ѱ\`\(j[\p3\\rs\il\27mm&1j\pVrj_\\\\\e\ق\.\\h\;\ܦfT\\'\C~\T]w^@Nu`\\3\0>\t(\]z\ǧ;jP\վy%\eùOOٷJ\0{ąSU}\`$bVI[ۛ&vn	:Fޫhj=\J§Y\mޝ\_\9USBGO\j?w\\sܺFԬ\d!6hs\V;\E\\Z\\]rv\O\'{İCܝ	c:\'y3]̴$@-Cǡmu\\\G@\fD&l\r\r\\l]m|\}\\r\0sv\˽\r62\ك+IFα\>t>|Hs\\BUt%LЂ;Сfit\@[{`WA\ڋ\&\ww\r\\DoaW^T \rȀ\.Hy=\!$$.\|loNkSl\l\v\\\V\\8a\M\+uȾLZӴu)\w\\\q/^<{I\\[\wyKbЍ\¨\\;\Q\[Mo%t&h|\\\aQ̃؀wOxY\\EQ\x]\+c\k}Q:?\'+;3\'\2\'Bʍ\\\\L\m˟\*\\\0ߤl\Բ`lL`صVIOX\0aԐa,7dk\\b\Zpj^@#e*ƍ584vuMUcSV[PUU\\\}\\\\7ѡ\8\c\\\\1wr\M\\ժ\ZumTZ.\ߖ̝\\!:\0JI\\ى\۞\LT, v\4ɒv	\لCTLO\"B܂o?\r\j/ΛI\wԡF\,#$\QX\!b6\9\\\5u]q\\ޖdk}omy7\-h<\t\5\Zn\\NӖ\)\D	\Å\\\U^\nK\\\\\-t3!f\\_n\Z~뗄{7Ƅ\&6&2bz3\%gZf\\\\Ll|(-u˼\%5&.dcJ=Dqצ$\I&>W\ɅKE\=ͧ~_0/\\\N\ь|wu{nw\xx\t,Z\Bd\_k\CseW\*N\Q\\096F\ߛ\\t\1\\n[\\\\\؟3Ҽ=ܰ=ܴ=Լ=Բ7J\H\\\>r={\ɬ\fȧ:]PΖ􇮞.pcig\p`ZڑUll݇V\xfϮ35\`p2TVى\\"M\<IcGC\r߹O-m\\w\\1+¨z-~[\\\2,\}dwF=%=\\\2vV\\T\m\\١uj3oj\ZE=ge\swF=%^\k\@\\YV\\"\t!y6hV|4I\Z$\&бL.u2uM)\sw\0\҃q&di\cf(\&:\>b=*4#T8\"\'56KJ\\\\W/\\v[I~E\|\\\5x58\u1Ϻdf\9Ʊ\r8c\\ׁG߷`nKɲ\n<\k\ˏZ.ʰ#YWq]\&tMN\XԐp\\}YzoNcm\J6F;nMGQ:\'de\\\\\7e\/sbB^>	|\\;IA^\/Su:\fM\\\>nOSC\u\*_=.(_&==D9RYk(}e*yi,\~\nU\>W焪\TYQhH\-|g8ܜ;.4%.+\T\&hRoZ\\D`\n\7F3[\o^4YԊ\2iجrmW`Ѩ\Z2KׄD\cԨ9\\}\\*i\ZVmU\:nV6a\??;XmMH\\O`\x}\ڙo\0\n\0\@\`?z-\j\4\\b\ᰭA.\0\9\l1延[Q\\\4Ԭ\qCnkK\&O$M5\'`@\\'\\Z\2U~TfDx\\9?-\\­9\גY!_\q\V\۩O||^>\c(祪(	\0hM?\D_B\3\\*Ju\+\\e\\\\T\\i\Z\$\"\Ҝ;Tgj׷yڣ:u\gߎ6m\\rΦ;\oN7\38\ħ\^LΌ1߳H #f\"k\3I*+\Zj!2vyumI\\\\0qvRp`:\'=rtx\0\ɒ\0;m݉͡\\\\0wocwhA M	a/\mR\:e6$R\\lRe\0,\0H\Z(/WK&\Ħ`vd<[P\+첝i\\\U۷O\\nZ28\K\\94VŎE9*\0΂7*oaV:\G`U%{6Cy\PgP\\S`D!qqH۩\C\\\Kfb\E\d\!e\jN=j8	\uPW\0!h\o@Z\ʨ]sg 1*Cך\YDć%mGV\~v\+J\U\m	cr\G\\)3ʟ[+\0\\*;\q$\0\\n\Kμd8#0-\\Q\`V\0rΊwm0^\ۚM[}\MGUd\2)ln\մdS:\nSS\dLzAL\\\\y~(NEI_\\Cއ`Q\~JCHgK#\߭lJdG*\nbu\/%`s&/LE]\\0qZ8#JRU\\IAMwRo\.Fmɣ\İ\\\\\\D\%FEIF\0T /\3\Q*0ͩꩮs=dE1b\\\0ͨ8 ֔c\id/Y\\nO\g\Zm\ě~F\;{m\\3\0\1\J?Ն\j\dآ\0],h\\"psmjD$Yk\U)\5:?NsS,&ƛ`\Z͵Ɗy+^jXkbp\\g\\\\eA R\AE\\\\/\	{\\K\\\GTlLkI\\z)\Pj0В:\˳u:%\qKZ2\S\3Vp6ɼ<ҟ<؛Ӟ\\n,\"\\.\;G8fr.\hYy\W\\ZEG񖝱\I\\T\s\(jH/\m8r\Zq\T\Gs=GvŉSy\,C\\PER\'ٟL	 RV\D3+D\un\\\\\\\Jfć\]xMr\\9Ng\\D\w\8~2v[fγi\Mr\\0̿\\Z\U\b`=\'n50h\n	M\\SGVѬ\`\K\ͱS-\\N\ɼ\tؐ}zoVDNƄS\3\¡:q\zY^\)ONܰ\7\ҥ\P9`&F\=#+PK3\\\\\CuAeCR4lQ\N*<\#PK8Z =DikUVJ-\k[\o_\m7\\\6 \p\\\ZxVe3\\͚jMiϚ\Țmϲv\8D_%c\\Ȯ;\Z\u\LH\\-V	0\\į[?FNC\\00|\n/o\A\e%\\Z3\gmNtA@\0c}\w\0r^S\є\\]E},M\GE}$:+\ؔϞD?\nx\Ó[\!7^\)gkb\r\﴾yKz\"Ly&\}TT\Z\E@i\\Ai/y\/\(]~&7B̊K?\&H	EY%+UU\k8ґ=\Ud\.wk}zPyѢe\\J3;\ofFm7.	Ƽ\Zb+Y)\CFf\k]wcl\"K/\7]xHFS\=tkhq+\r袢=j\0ؔĚ7Lt׳\Ų.VƊ>\o\ց?HDg\0cgjC\00\\'QVA\\C\x\Msǆs\Զjj]6,\9@mB\(Cn5\6\\r4o\n\\WUE\8\#H\8Ӗ2ٚ2њ:ޖ>֖	5ڔGW\\םC4y\&\Zo,~e,}i\r\	\\\n>\[߽\Ü\\\o\\S\;_?Q%֤ԧ7Mv\\t\$vYKQ>^\[j\ )閵g׮>t\.|o\X2`\U}(w)s*z~s)~s+QK\\B\\\\I!\\\\\`NtBS}({\_\P=r\=\C\ȫ=Pc2 I\(\O\H\b{0) [:\\0;8\0k\\\\lNy\\9/\ ^3V\Vã:\G0xGs]d=\JF[F\c\'i\\}[\R]\\\({QQp\b@´\"JҚ>$1d\z``	0\բ\b\pZҞ8\wK\\榝юC\\\\G\Wu2+\\1ҍI\ڸ\0\=kSu1Y\=[6\V{ϗ\t\{\\r&A\\\A\<wkpM(P\\F6\Of\\'\@8\\ \!\"\0\KhЧYEE4\qYiɴhFR4-2ޙ7ؒan\mq.y>i2\I4Lp>NfمEEv\NI\f7\[v%\0\u\$\n[\\0U҆IE,z\{ъ\nN%U3\ap0a\	ac\i<@A\\r?\\MK\@u\(\F\\\;7	C\rG1m͈WG\Mu>MŢj\X\\\ؔ\O\޶,\'SP)\]ɻİgw^\Lxx#\٭\;%*\\\\\\\\~\\\C 9.MHm|DYTPaD@qڷ!]y\њϱڂ\(UA\sdwn8+D&L}!\\\嵱*u5g]R\U\,he}\:\jH	}ܕ\6830`Rsn\\\\\_07,p9#	41К\0l2̭k2ky\\xQ~\ri%lTR3&\Ɗ]\n{XF>$\\\pkXD\\\\0\5X܂?\"\Z\\~&ϘъmIߺkY\5QQ\k{y{cn\\_ח\n?\9^A3\\a\nޫ\hkH[\p[\pc\WoU0A\>\e@ë\\YV($^W՝ޑ\\^0^7yx\F\\B\ë>Ƶe潖&h+\RG8iܬ\\9yKU{kq\ܼ1ں5ֶg\\hS\\UgT\}wY^7\ۜ\&:\*^M{\0\D\\d\\0x8u\\\\gv1a8S/+퉇K!^\Jրf\L8\L>%؛\\0\8#Y{\\d\*ޙ&X2-Y\ngx-\\4v\Ot9j\'y)ᙍG@/\nO}؅z0?a[*\Z(O\\3\pEķ-\\\Z.WW˺W\\k\m!6[IN\ќ\&w[dR.\AA\rou|l\r\gq\\d\\߁	\{\\\b\%\\\cfx\0h`؞\Hةh!g\\mhOAՁT\\rxNZl\*|\\șlM4Nq>δ\p3g;\vQ߲\߹2 \\.Y\\VC2Y\\0FQQv>o\uc_\n?i֛\>q\0\g/\6$a~Q\Vh\ywJL\E-\\XǺ\]8$g%k\}K\ec\J_\Rg\\hSL\>\n۳5ieZkNR\WyI\$<פ\'7Sn缸%\~E佚_&<\x\.6uHyܣ؀5	Z\B\p+RF)\n#\\\\pY&\\1\Zґ\\%V_\\\jiϷ	\nnY\Y\5\>c\\05-q\\˽\&0\z\p2}\P\1U{{k\s\`#\\nrhH\"p\ȫd\bV\Z\W@\3\ \0\kF]G	\0#\*ƅvV\0Z୙\r02\~/DEֽ\\0FS\\0[c֟\\Z\0]\ZoǲK\m^\^;0\?gn\X\\R<].^-i4Ӛ4՚<\Mn\4dC\\%ʌj~U \0\$.?\\\m\ݖ51<qJ\ݨ\%\{vwޅ<ɍ(Mݚ/VZ^YlMjʚjϵ\n\2f\ܴ:\ݚ\\N	Pd5^]s\-НI\LWn\\lVt:\?F\0\\vG[ 2({\\pw8#<\"i\G3!\ɬ\ЮD7nV?\0T\$@\"uHE}l7,]\8\0ffی\"i`1\"\T\4\UׁUxh:gN1\\Y\!\ZtleטI~0և]z\		`8yJ/\Z07v;@Vlzf^+\\0;gOܱѯ\\\~9޹5\A0sno[D4ҏ\0\;p\g8\\j[_ \\'DV9,#q~z\k	a\d\߿L\N\6!RF+7\oq\\0\Z	BNJpzkks	UC\jo\e$I-\\從Ş\EEjQ[ljY\ \]c\)ɆgǩK]Ul\@O\?\\4L\'O#q\^>2\\CQ!!\nmtQz\0[\X\"\\?\0&]G0lZ\mX\\h\n[n_\\\\j\2pX\\\\\\\\'ץ\~y<32\\\{/\{\'SC\\=S~\"&&\AM\\\\w$=kM~֜\\T\\\\W	O\Z\?\\\!͍\\zD\0c\\nb\ڒI!\\a\\X`l>m;+,ruWzUnmWW5gLXӜ\δ(^uP\\V8t\N}\HH-0\\[ }c0\0\\kd!\\&\er`ekOMQkW\\5\rpWl\?X3\r0Λd\2?-w,;WE`+\\߱j\\\3wn7և\#\\1(\\\	TxH\\8^c9ѭ\vBz\0c\{]\0?ˠ\z_窩ދ\/ɧ`\~VZ\M\\׌\+EEO\f;\kK\Ls\tsTK\7k5)Kߘi.J\0/k\p\<\L~\\n\+\\zږ,: #~[On\xz\\7~w;\\̈\בUQ\\\WDU\GCm`s\d{\#/[\ծ\\ڷ`;\ss0ܪ8kO\\Z\\\b\©:vZxc\;-\4\gkq{3ܴ;\\0l\j\\\\\)\0Rv Nq7\\-^xt\rk\\\\Rk1%w\;wF;\GڷF\\\':wF-]{1\\D\\D\D\$/MN&{?ֵ3չ?+8qH.\=W^#W|_ \Mz\l݇sݸ8ĄyT\|\]0\J]8\0L{FzVg\\̩:@\2l\ni\YYes{VWȤsG:ňz\ҁ[^T`\u`\\unW\MKO08#ҫ\4Jp̾8\}\\(@\'\Y) v}Qz͒ز}Z1YT/\\9#I(\\\\\XD\Dqh\O\\\\Ma\uF-G?\\\\8\\ژ;7\ڞmXצe_v\[{\3-VNz\\\N \r;O{\\\D稁VDb\n\\\"f\y\"8ٵvo<-;p\89&\0SÙW\\)$~\Z\0\ޣ\3ҭI\(\\0CmB$\0M\n\݉V\ΰY\\cuѶ\	pu\AxjN]<\]8ؑ\NO-z\\\b\~t/\\\X\[59l\i\g\r)\I\\\>-~<q-\!\t\ݟ\\ϑO\\\a\\\\m\!ے\"\qw\\mVy]Y\\\\\a-C뢩j\\3\{u.M]]6.uh˜\n\j_ge[\[ /\\\8vu=X5uChJZ>-\U\ު\Zچ9Я	\0L]?Q6N\\)E#\n\uk,Z\\\\5>\\V\\+t\%x6\\\\\\\\㯍7,\)1+\пKBk!\Ȑa`	\\"[?q\n\"zh\r\\\]Td\6H]ƍ\\>~vf\XͿ*Z\)J]]i6އ\-3\9\͹\-y\Oí9Y\4uI$;\\Ok\Z\;\3^\0H}N\ӊ؇YA\\}\'\;b\\$Sس\o\"8\"x\Q\/3Zs&xgENx/Mj/\\]dgΞS;H(N\\\{D\'$A@q<\}d\\]s\a3gun\\\\W\[n\0Uo\\5a \\`\\Pqf\\#\z\ȭ\|nb?\AU}\nAtw=\N&5s֍\\M}\Fo\0>4m\&Ġvl7FZ7[Ȉ1\Ѷ1\0̞>%$\6)\j\"\\n\\pH/_Ib7\e\ѐ\8\\\\CęE\\W\ZKLKtN\頋l0ձ[u\ͫ\]wZ%\\sqQlҋX@$\\mݻSbznu\߱1ܹ3&8aRR\E\m\j^,\\kGN\\x{,	\s\T|A\ .p[?\.?\%b\\A@\gV\x\L^\!)\{Ϲ\S/Y\r\\j	\Z0\r8ܷ\"\\֦8qi/c\ء<bf\\3\;2\5Lޜ\ȥ8p*\\C\rzZ\\\s\t^>u1pq\稐\)\ԩ:+mK\\0ҡ\\\}]6^.\p\IѩG{\3\\-m0g|b\\\L.յ=ӵa3\hO\\־:ڎ\\Zj}\\0wNo\ښ\X\\:ڱ5\\!sy\P5\\\L6\\׆[9}\rVe賾>W%)\Uɛ/^>}006\~\\\\nv(VY̭[u/\6\rlN|\ܚ\Zy՛gqAAU\\as~\I΋\`m~\S6/L֓.\t&>n~\2\\S^R8t?s2Gi]y6ySU\R\z4ūkZ\\r\^C\ЌG\qi\\*̭)h\]jʼy}弡\g]\_\kX\\Z>cõ\rdUZ\\S1\]>--K&DE\/BKWE\\:)-VX Y\\\H\TVu#lfӊ\\\iyEV5)ȪIAV`Z\\X\,`cem1t=\:ccesy:!XV,{ߛ\6xJ)Z\lH=Q\%\S\O\U5\0[\6Qt\>\Z\F_\Voæv\XXӔW_\>Y[\Y;?Lsܙ\\<S]<+\E{\SN|`cú\0\\G\\`]^ho~>/L\\bo=xqnн\с\n~\>##JZ.\א:ڞk|J=jx\\rfa\I4Y2\n\\	Imֱ]q0\'ݳڶLM[F\oAmqŌf\P\\U,ˡ}զagj~7\o4n\L\r\.i\WY\_\0e檐lZ\7\Z\Z\\'/Y\.YT-j*uիдnac\0xjg{!0\J|es\0<If*\v9\\0\0.f$Wn%$\\"-\uNW\dz!\\Yf_~ivN,iQ4\s\\CKYB\ئ8wj.\\\\DO\ƞ9I\0-2j,\B@i+(\rhQM؉2D\c\?dR]ں\l\9U\,BD^[f2\~Vu\\\v9OAS!hO\	3>\~\ӡ\x\А\0\\\Cu^u\\Ve,zh\r0\a_D\\ZD`.¹WuU\0Ty7\\\OW\\[\Z;֮\Y\t7aTt\2&\\n-$Mqc;%۟ޟ\\07#\\nVY:&(\\gˊ?f\͈|E?H|D|77\VAĭ\\1d\[\&?oNmJz\>\mH٫\O\\<iI|&Hf=W\\\\"\Q0d\\\=j~y!~SC\\'aOzJ5	MG:,]EsJh\?\\ܺ&\\T{\eTnU)\Ք\k+1\gZ`FFSi.uCY=\S9++Q\'KHʧ3\ճkMw\XՓ	q٘dDP-\5X12FL\0[\IXzA,Wl`^=dÏf\&ڊHd \\U/S~\P-[V/uY\\Ks=\l(\\OuͶi\ܾLUY8?w[\\\\)Aڜ罟_suq^~	x+\\\[B\݋z \\OQe\5/\\Zކs?\t\ũ+\6|i˚\b\.d\5\\,ɿ?u=\\nǟtR\`V5-\@屷qES]\7lad\UcWW\QWEO]bmZ64.\giuus\\0,ي?%\\\\*ݞ\mMy\̍*\\'/\.|פlAU\\3\mp@2\&\0#v3]8\r\\\Y\h\8h2\u>\}δ%N=*X.*\[\\\y=\5>\bǇ`?@\B:Auk\.}\'\j?.*ilE|\,\N\\Z7\!\Ȣ~\0\g\*ܱ:rɏ\\=WQ>v\h\0FD/,	\SE:\\M̤Ys\څͳ?\N\\;\nܢ­O	E[\`\\\P@E?%c\\\\(\h]:0l>lNkeæ	r(hg[(H\$pb\Z\0;Sl\ҵ7}\r#iץ\nM\üs\\m\\֬\o#\^d=${x\'ѭ73Bn\nWy<Vu\WOZ\&&=oHz^>\uPE\\r\m\6Bғ+\FC0i\3aʣw\n\\\jxPQ\\\\(\}]%{eFZ:\S\PUc{\* r)K\03\7Ƭuʟ^$\"=h\\\*bZRM\nǅc\bQA\<$O+%US\IQńlTP<\/\,\-\0\9\?z[\J\\掵\Z\o11YyL\Ŗ6a;W\xL[V\|Vce\\\r	³,Xz[\0Fx7\\\06UTˆUZ1B?\Ǳ\۰JW톡vC[,\\\D9^aKa\\:>Z\?ζδNZZ?[-M\2\\O\\rb\^?ir>=S=\xPz\'\э;7\o\	s?\\w!r^y\*-)ZFU\T~6%̳wU:dk\EgR Ί0\AHbՔx}!Mee5\{o^2\pj9u#4mZ\\ZDll[1\\f%6\1\\$ XsFf\u\ϐi̜eC풦zQY\S(_VV,*+T0u[;\2li{?\I\)3F4u\0[q>oZE`gIKԉG{\\ۃU\\\8\\JN\dLn=\F\YQT.\9\\cc\\L\\IOAJ 	Bd$\@\"LbS\\H\\53}	[z<\\"^bNiܢ\i\!P\nQч\IRѝg6\N/f?\\f~\vz:\ҽ9M\cs-\	c-\Ųrubԩٶ,=؍j㢾\\N%ԇ(\Pi\$\t@~\Z\oB^\3\?fh3c%`ԇQ\nW(\!+\\0\Yi&F>)ٵ\Pd\\6\'\C^Mh=.8=#Q\Zm\\nn\\E/~-Us.>+=199!Y\\\\*bG\\>n|ܑD;\2?\\%B_/\|~!\|,J	\xw\Ɨb+cV\njLkψ~yH4\}j˞~Y\UveK\\\q<Fޡs(*GO1d\\\R:\03eΌT\\*IrPG\a\u`>O\\55uNU\rt&,\Z\/\N\'%A鵄e\NK\yE#<B/s{~ۧ>n\\<\z6|Dd۵zX1pV8kM\\\C\C-\-\\dN\r̽\DB\Z\8L\ni[\"0z(EŖ\P\0\\|\z7\܍ֵ`\\']3x\M}ՖrC]$\u{y)\vn\lK\"h%\Қ:ٚ>\\i\m\i\\4P\\'5\=\\=\|X\}af\Qg>F\_߼zvԃof=-~\yё!\z)I2\%L𲬒ϸK浕˦u3\\^GB͠\*R\\v\&:V[+ںeeբʧ^\7.\Z;L˽\.a\\\vر`h-\Zq\ra+\\\\LҞK\5M9>\h:\\Ð\\t\̈&\LQ$\aMSj\V ]\ײ9\B\(F|\z\0g{ToK-}[&D]8\rGNա]z0%\\\0#y\\0Fy:d\N\\"\dO\\s\X׽YK\E\\5H\-3**у&4#΂\0$*v@\ZF\Ğ(CH;\@k`4왓~\VD\0\Î\|gs\"\0خMkU\3I!\Rt1x=a}`l,\rd>7\97\yә>%`\wg\T(S#e\'_~$\03#\i\OJ\0,\k0\\\\U@]y\b;(ð;\\va\I!S)lT\k\\\\Z\Z\/r\';>ק+rcC_E<}\^l\\7_>\\gy~yqL=u6.\\nB`k\ÖOZ\ռ~V4qY7[ӂ9\P]axoq\:7XL+\I˛gqTD>y\&=%L%/7T&r\\\r,YIq]\Ne%\vy\\\wMZl\E(\d\s\\]\\)(JJ\"|AS\\\.723OWzAaê\ʹrtF\\4\=!M\n>[-/A\wY.m\0\m\e7\c\k\"Kћ~Ͱ\\\\'\4P\rr\\nC6\O~:\\'s\bG`Kd_V.̄R`K/eؚnCW)\P\\ũ~%a\Rf\\xӇԑ挡,sS1&\P+-\\\\\	OdiCL/L\\ ѻ\r\~}\װ>y#\\W\}| &MD\\Ȏ\(qz X2Д:֙1ݕgz5\վ\\юf;T\\"kͣuR\,]%\;n9EWQ1[\\\nwmƥca\\p\\_\\-u`:(Xtm\';2vrKhs\\!\0]\\0	`\a\\=Ƕ\\Y\x\\"ڝn\7Z7{[6L[4.\\8j\B\H\R[D\y\\\\+#X\\\SZs\q(\`ɥw_AsK\'\\e*\@_p\LxDF`QS\B\_\0\1?\n\vA\0\\'\si\#E/A\wV\`\\f³92\^`;PLE`x\#\0;p\avXF\'KD6\Q\)\0D&Ѹ\\6.x۶\I\X\TMCǷc\gY\O!\\\½\1ڎ\^\ng\0|^\`{d\2\'L\`\(\\ \\GDAA`\\$\\\Z\a\\0b\\Z	V\\[\\/a2,KQ=\')\4\*\#+\G\I	\r|nL\\$<~\fV\w\\\\\\\\kz%Q+ػwϫބ\=)~X\ZP*q\\`i\sէPcA\\\\0U\\^\sqQ+\"Gܫ\r\}\1T*L0V%4gM	m\\"\\]2\'+f\U<\U8--9qCR\~qwA9Ḩ,\̄G>m\rռL\ǰ\Zʮ\\V	\3>S\?k\\X<\"(bM\ߜj*\Z̎?\lJ4R\rJ,Xk̬\Xg\/^[L&3\o8q`\Uu\rOђו\$;\\\5r^M׿\Z}9Vf!y1\\I\\d\3թ\9qa\\_?\x\\#aJ*;ؐ\	\d=$>l^b\\7ݺr\Fl\{Toz\.\c\\k]ib}\07}e\~tKƚus\p˞w\\)@\\\\)>\xծkXVW\++\5Ɩ5s\hj`NyhW\\Oɶ\%#\es\\ ܳbjJlQ\\4f9P\05\ވv\\\Z/ޱ>ܾ1ҹ=.\i<+\K@/:x\Tb\r6Pۢ\\\>oL\#\\*9tO\\\<`\0M\J&\"ӞX7t!(\\o-(\3g\0cvaoh\w@@\Wav\@\O\VD*\0\|\|\wAr;ck\\!	E>?R\0;r\p\8\'gݞ\<\0	\\,	^O\\0r.9\R*\\K02eJ5*\9\\[\[de\\1oj\ZI.7\\<:u\\n3i\\\3z5neSVa\<\ɐ\f\\&G|y,#\\\wc܋:vғisB\4fu\\;u:MoտI|T\Z(&(Ay\\@\ǝIO%i!\P]n ܘ\	\dK\^:zP{oXz<n]㦄ΔH	\}mO\Z\fLf\nYY1Aވ픰jV\&d\Xc.E[YA1\wU00\\s\0T\\/?\n\0e6\/d7ʥt\\jڣ.v\T-6,\/\Q\\RX`\T+~;Dx\*\\\BZ\mf>,\\|F8\\zV+m劢pAi^\\::\\Z^\4\M\\O\`\j\\\kH#\\\V%+ߢ\\\>\\\ηO\\nvg<\\\rwv%?j_|+\;߾|\V\[\\\E\\\oO~\Ί\5U&\rrR\\2\viGY^\c\w\0M\?X@BϨXfDG\\h\^_˺~I][\k\j\\\\yÅGw\T[\{SMT\'k}c̀=x[\ɜ\\n\w-)kw\: \I\%D*22̭9\'\\\'#\m\V\>sD\vq\8\87-\\l\Cȡ:攨\\\u\d\']̒({3].ŕO\>x{c9\Ǿ-]Oݨ\\xlZ|:I\#\0s2^\0\b,BMz2\'ΙV\S\HJEc\0vn M7,=\ԣb2\IR\?\%1Ou۪ϺN_4\ݨ\r[\f\G6~\2j2\\\C,pnraQ\Y!0R7\C|kR\\%ĥ!c\q\L_\0\WR߇[\><PV.\r\\\\hy\n?m:2	\\?\"M\u@1\_cL\>[\BI	\nB\\\[nz`\\ƳJ{3\jg\nU4\\.$Ԁ.6Һ1ֶ9ֱ9\\%2/Q\\\\6un=\G\'76{{Vk\\\I\&:)\E\/R\K\>\]ȣWO\ޏ	ί|xz\'+\\7\n\(SX\ՓOj\>}4IaT`a\Ҙ\\JR{\By/ya}n*\'\'\4\\ݣ\Bo=|Xܚ*\	\\*\7|\fwd[SOi7љ{-^3-ȝ}?Cs\!+t\K=.E[Y\QU|WG[\jʩt*+@;0n@M &\>-S\fz\ǿ\onM<ڊy}\d^0\,jA/\~Q\0Xgh\cuku7\\veQm׵>ж\\ۼD\@5&\z6\\\ӶD\0l\TGzz\7{]7Ti+VU\+,/\ٞdoy3\y9U3Y?Yvx\\^Ы&CW,y%ˋއ%<\H=XXPT\'>/9&0\Ƿ#\=s\'\\\w\\,~T>%11\\\P\\\<ڜ>՞e亥_eˆدq&}cB@\`1MQQtQ\'{6\\\\bO[\r\\\MC\\\0p\v0	\=^\K-\`ऻSM\dG\7\:v$V+ՙSs \\H\ɌL\0\\\\\\u?i#\"a&=vN\\Z2UGsDz\\\\\wgH\`w}ԈOfB\nĦ:OuNQ\,#̣Z\}e\1\k#\tJr PF\T\ɄxRD`\bgμ\wϱ\NJf\eRݧ\A\Z\05y\D\\\\ͤ\HDk],]S]\r|]Y2\|\t>E\Q98\~\[0~\_\:U\.\\\\$G\0X\0#&\0\Pe\"?^]蒚Y\*6م\ҩ<خ>q(\\EoԣKd4Qxd4\2\Öe\O\r3:־4ش:Һ3\;qHO\\>\\r\\n:\]RC\'n\uY\E9\rI1H	\#rʰcf_\02\\k8vi\\ߛ좊6-ٱ\x\\*\vnyU\0֍af\-T\\ we\8oϨskk\9E\\O9\nLH\\3\\0zZZ<ԞcKU\'	_5e\~~<9*M\\\'\\\\\7\(Uq<22.U`U\?)yT0~ẼW`\ASif<\*\'TɉPw}\Lx\u]\Ұ{e*#\\5\'\å\U\oU\\Z\Z\&:2,lj3֞1J\}2\:\'ѧiq\*-Ɋ &ѣ\T.H]~-PF[\0o\ƾL	|xA\\"\>\;s\\\HIQ76͟ʫ)\*}p\h?~cn\\\n|K;۩6\SULvF	\nu-\k{=+ᒩv\Xf\\׬3V\+ݟ2|\+\֒0\j>~&f\x	u\\4cM$E-H}ޑܑҞ\{DH\x\x*\\v\\_\\'݋tݏ{7\wO2\\=J|єڑB\饦moƏm\6\'`A^nph\$A׵ȄL\3\n2\0\P!\\GNɩCrb\\"n\Zu\rdUc:ْC\g\\\\,H633\\Aڿ^ͭ\D:\\\]h/{d1\\ZkƖ H\@mɵ\\.=(\}j\\GzG=|\9ffz\042B\0\\\<a\W.Y_6+9tOH\>c\rHډǢ:>>\0<6\&\vh␜\\\\0#\׭Ŋ\0\I?-I̊=\0:c\9(nW\\O\\[\}\k{=E\9\?6!\H\'v0*\n0vf]9\Mm=n*J_G~[\0~MBmvAWKf\.]\\\nZ\lslcO	`\WX¯bygk\ޚl-\MNl*n<80ac(i;h&co7ۣkvk\\\6<dWmH\uqyNЩ\K\\\Ω\:\gjr\\n\rteiIQq/C_>	s\5񍴧\\O\oyq$\^E\5+\GF>(Ws\e`\G\SIҞ\3\HMð\\Aw\\<_Cv:\\ӎhy~,	=\IoO\a9(CcmiYc\IQ\0&+\פ\\CHU\Cn5\\Z%\0j\f\n\1\\\\4\˧\Z\dc\\\0#Ê\0p\nA\x\0@\:Qhqn\X^\TJVz]9\GG[9aDˉ\Ѻ7\rI\\r)u)5)\DI~/--16\mpǻǀVwj\"\8a\{\Q>\t7\wDݿpӇ\A\\߆4|mKfD\\\EI\r)㭙|hZ\V&pvG\\\xHu\0;\9qOc\h\15\\Z\Mc\\)I_տ-~_4c\`׋\xO!\\B\\0C#+R26L:E\ڷg\8~k.!\ > \rG0pdd\`LfO\q\\H\h\شu\Z?\r0\\\\;\	\M\\#\0c˂.{]-\1s\)\0S\nïpM/[i>\/\\r\/nɝ3)o\\\s\\\r<*gdl\зa`^-N2%	8,64.)Yy}M/*j ŊQ\Xel\=q(\<\AlTc\'.@\ؙR\\aQDч,PP\Cc[S\PC6eCV\5\-7CF\\]5#.\r$m\I5?\'Eg\G	}\F\__>\\_>>%\\۟͜^\~\	T\A\wʢ\E?(\rEkz#1D!L\\\	W\`\\\':\4\ݭ\VF\kx\O\E+\Uo8IEAp`	03+\)X9եT.U0\\R&shV2bl#w#\n#o.e	v\r0}\n\>Z뿦\O\0YT\0\'\"R1\tYA~~\0*Lr\%\\HW\Z?pUl[iCFv\TZQ/+J\KOy^\T\\q@\XC\X㻡Dpe!\\\\X*I\Ƕ%q߆\r\\'<$>%I?<࿾\{4N;\܍\rz?0,\\\ǁdðgq\\BBai^\"i\Xk/\)))ʖ\uC-\jyopO&Gb\\\`\'\)\]\9\YKzwyq`\\y2&?s.}_-A/\>AB\)Ћ\$ϐ\/lAG*r\/\qwG:Hk$엝iB0q\\r1׍9s2eǌ\>vtz`A\,\"?\O	\'x{md\\\Y񩣇.\\&_\\M\S4TڥGb\x8\4!\J	&\eV\UJpE9\83]sphBĳ\M@c\\0\mo3B?]Z6ؾ\j\g\Љ,\	L}0~C`0\`-;XbJ\\$dE\,SL\<-\9\0\\\h\'El\ԝ{.\0`\[\\$T&]r\0`\X\Ǹ\0\\p.ڡSr\Ր\r\0\^.0	{;c\0N\\Cr\~\msj3Ma\<\\\n\`L*x{k\\u`!~Bamec\r\ra\n\X\'lH\%7ܶ\ߴ`\ո4GW9o^\k\\\o{H+:\M܄/Io2\\"B_=y\Fĝ\?\'=\[O\|\\"\U\ܯ{Pa\\'1@\%pcWA	!)OE\!\ОPEeseVpOf8(\!\W\b\\Dݭ\ak\S^sIf \Xj\Y:2:ٳI~ gJ7ݕ\\\~\0\_6T\\SD\T\0ZT?5$\\\0\a`C\KkQ\k+\\\\X-M\`_I\~\0஛9T \Z_PD\\կ5ØqM\p\\P)zծ\,\F]4T.*\t겕\\\/\\(\\Ks\[f8\\'\ߍս?ܐ<\hnH\O\K3Th˒\vG\\B\\=\J|*!z\>P\^}풰\Y\n<p\'\\ݰGqA)!3ľLo֚\\ns]\hs3c듷hA[lY5խ\5mq:B\	?gݘz:\\\Ox\R]9eg\.\/\\\ I\\P\uJ\\Hs\բb|9@\c\1\LzK\0Vc\\bKV[½Tx\~5\0haGneG<8\dTG	Dƍ\J\'\\\\G\Z&ZfٙOy\\\_:Z\c{>9%sC\L\\0#[22\\)NS\\BW׈}\7H`u\\0<{h\~A6\[~\U!2q\Y\\Z`+d\,\8B{t\֞\i\\dd\\M`\\gD9l8(rٺ\Q;!\Ȏ\E\v\r0\\rN\\\\si\:L2$ޛŧ\|d\\6\o\\lz\rI\"`λ6\D;\\z䒞x\>.\ r(b+C{\8\n0j\ \\'\\u?LmK&\b\D\\E`/ۛ\S->Hj\\\\t\rwRi\\<J\Z\c\zl$sz\\uK\5%s\\\\\\\5Ҋ!\MC8&+\ˬ\Р7\\ލw3~}}\w7\?\gr_\)\rY}:>uP\ˇJ	{%~qT@ẹڸ\'M\?	SK3B{CUd)\\"\'Hc(1̓{x<|\"J\n\Ύ\EW\$[i\홳\9A\0{F5+ʆ]9\b5+\!qU\֕o\'NYᵺa.ցQ}O\ `#(\rX\`Y0բ\\\N\"E\\\n(-\0FX\\g^D}\\ƍ\\rA[C\\b\'_\^\*\r\Ђ̧+]Ж9z\n\y]~-\\~1a\\dC\X}\`sǾtS]6S_*K\)Hf\	>_އ߿%\?	舻\q0fV\\wozt?\<~<\'YA\\Qi᠗,\'RSoLÛ\fMr\\ynEMي~52\X+mB$\0CfD\Z\\̮:wHa?s(/lj\a@-\٤\gpTd\恫s_4\"^^:Od.YJ\NIȤ*LR\0+FVH\A\\'\\(\Dv\\\00`zD^\C\'\&cm;\-\\}՛C;cM39Gv\\A\\bAX	1/ d80r\\0	!_:\0\\ah9\!?s\\t\\v\\k/\r\ue\?\5\ԁMwL\\fH+1~>A3gE0*\n0Z8\`:\!\0j\Wsoav\U%hgJx`\fi1\\X\\0Y`uݻ3\q\s?\ۻ\U\\ڿ{2\n4E\.0\2\`dTX`\\'\<apW\\m\=Td؏?ˢ\ZYD\%c\r\\\Mn]\\Ud\f)Sy_>6d-M\"5ib\\W\\܎k̝_^޽\/o~!cA7Z~4AEꗏk_={\\\Z%:0*tԼ	lLxҖ\Oy!\x\&\\'\Z\,ϵ\\ E\c@\wW qjHϧP}I\@M\xS\7}#\\˙d\2ffğB]y\\0ov\0c\\/,`(\P`9؆\I~\7\2lmn͂\\nE\E\.\b\O\aj\03#\0gM]\ȫ)\n\O^a\\%ٚf\\LսԿ?R.\XN\Veh+ҕ%$	8ǈ\\\CI!\\\_\\Fߪ~\\A{t#\\\\G1<Jz,3*\ehջ\\q]\Q\yѺ\xs{sؑk\*twT%˺uS\Flqj0+8eB0SK\uiY^ \\i \֮/so\J\\o9{fC޽ٲ-ٖe[,Y,yytﹿ\Y)\\{\ΉOTJRa>eee-u_\y:a}\\0\u:~텴S\a\(\\U#:!qXd\r%\"\\ (=Qn\Z4\)_@˦\kM繢\cb>,\\"\$}\IT=S} (=/ܟ)9U\\/T-g˝(W -\0C]n\\\ag\a(uﭒ.\0}[\r\"ޣ؇4h\뛑\b\r\ \#K\ra%ð\\˃P\=dqq\\R\\A\tl7~qbBO 9z=+0:	|\WD\;\0\P`TǾ\ED\əagr\u\0qQ\|\$\SuQiaJݡ&c}FBF\\/e(Z\m\Z\Z!`\\d\9YMuU0o\'c\nc\3B\\\\=3\\l\m\,\M^\\ŏn/|]\\?\Xd\"\uQyeYQyYIqqyuM]SmG`\h\D\d \q<ٮ/Ѫ+֢-¬9Ԥ1\McqSykUg\`\d2l&\nS\\+r~\Sd-I,\d-\\n~)	\ ӣnCpI5f(0az\\@\ \U5R9\\5Z3^CF\`Gٛ澛\\\[,\z\o9}6\\\G\M\\\\\XȔyh$=8&D\n҄X?U}8S}4\9>$\C\T\\\w%oǋvFw6s6\{3׻\7ړ\ZW\\r1\05\'\CDese3e\#\qqy1=\\i>\r\n\N!vMapmsik\O\\\Z~aO&\\L-\\\3}ʂ\\k\"<\Zb[{\<r|Ũ\4&i[3ֺswƊ&\+x\2h\mv[kU\'钠\\v_/\+}w\=ךE\\ZO\\\$K\\\\\\>W\_Y\:h\\rR<1B!=\^\.飅\Q\vl$ρu\\in{o\ (d\akdd\ݑ(YPeFxFm\Zk5_\PA`\\ʖUۥ\\\bnV\\I7R\+\\n\\'\3yñw\"ۯ\oW\o\\D!\\ruv\\\\.!v\Zi\\V׊\\r$\i*0\S\m>xȐ\\#=顱;y\y9)\\E^rv<p\QAH	\\AAg kѵR3\\+P\"oپ\\ 	Q\~JZ\|hS?;\k;\k\PӉG\n\eW\0\o!\1 oT!q+!p\"su<w k<]DEJ\\\n\"\nh/@#߂fe\ji\\\\{Y\\\\\0FF^%Y]_~Aޢw:t\w\9Su+;\\-gcIÑ\-TZ\dHU\d\Z1>\յayk\P̖36F\Pk\Ieуy\]\A\r	%\Y.	V^F^\\{W\{\\ #J\&\մ\ì\۴\\$\\,\\4\\4\\4\\r3-,	j\vHtMuHsJw\pMJ\O썵\6\0k7k\JJw\-	r\"u\ʆEY}4D)\ZysD::-JКjKWgh\\d9K]ً]ٚ\LM\a\	?e1y>i8];816P1T5R=ZW>\\[]}\^lw` ?\R\\M\\NPC{j\#\uʨz\nY\\\)\\4\\ZTLTwce{\(#osw7{27:\6ڒ7Zb\\\KuQ\ZN\"X,TX3]#((-*\ˉ\ʌhI\rjr\rw\;և\5\\ +q׋*lM46\\c#\7\\`0o\\-\]lH\aK]kC[sG{\`\Dq\\u>\\]A\t\,\X\=6\\\\ZM\\K%6_uu>t\j\\J\\RǕӅ\\Cq\\ysإ=\1~X\{\#J\EeF\\-\)\/\򎳅\T\\'ui/\\\Z\37,(\rޭ>\#\\\\J-Omt\\[b)@%c+yPIՆb$\L5i,{7Ur0S~4Wu2\9.dWJ޵v\a\\Z~E\\j\j\"_!\[\ݴ#\"ՖWznubC\a\^;\$\nK\0\\\J\A\j}H|\={lH\\n\Ī\\\"ÝU\n8\n!]I\a\nj\'c\\NF:z\*oM7\nµ靪\^݊\N\z@KF=Y\I/mC^\\Gc\\R?By;\\\\\Z\\k#\\'\\\_\X8\"W] 04=\\r\H\¡KU\\WC\n&\\\\\\(au䊘l9P\"q\w\:Suƌ\z*o9%#\\G\"҃	\4\2tQp1S\r\åd&\\@;Gޒ*\\OUDe\\ze8E:\\x:~\\'Ǘ?8\Տ\\n2\8\\8\ٸ\ì\˼\ۨ\ۤ\јEiiYyE?ܾ#ֱ7\n8\~\"\q*\Qi?a7n7j7d;`\k\g՟d;\n\|D%Ҋ\'\\ɍRtȹa@Y\Z\Y\	,T`_L\\"6Ȍ43j\\;2\zHZ\ɥ0qX|C0S3S3͉7:\}g1#Z\n	HCcȬvǫv\E~k/` 0=\L\D2|[C\^\^U\ۑ3;ݛݕх+u9i\̋\ֆ9aEE,TR9S7U7Y\Z7^?Rןݝْ\\\S\Q\\	s\\6Z,L]̷!\pL~v66v56676sIp\w)qwkvoO\I+T-\^Od\L\,\h\D\B\7\\L\(	\݃d\n\\\\|j7I\	b\)3F\0}i7\\T](i\Ƃ9	`A\(+dCNإJ\uB͝4\\\0iC3\\r#\eK\\0\ZYl	Sy#d>ިZh\'\:\x\h۟.{7]t ,9+;W\j/\r\\Λ^򏨼C`kDNW\g^Q|k\(yic\YKz\"0\Q`HǼg5Jj\0\\4\\\\\CCz\{\0Alƴ\"\ĔЋ)0ģ!4깖7\\J\d\r7\n\#\k9qrSъ+qc\\\8\\\|9\H\6QŹD\0}e46֡*v8|\.ȻN\\re+a\"\r{],Kz&\@\'\L\~\"k=A*k p戥u[4b}E/6q(Z\(l)t%K4$\n9QaA]AM\A51E!\)nvV^\\.o^8\o\~\\\7\F31\e\DWNor]WŞF%d\\\/s\\v7\w\\8֨a\\R\'2grf2N\cic\Y\"0oQ,PZ,	Ն\	ׅ*y\\"WX\\b\J&S[STz4\i\0	Es0ږHz$r\f\b1,0C!CB\T`\c\_`h\^=8\4PGYtd\0ء`\\❡\"џٛޑ֚֒\OX\Ů\Ei\B\5ʪ`yE2DV.T\\nl07+=91ޟ\	ws`\"01\\e\%Ya\Oc#3\@[\(gTw\<\`\p%ֳ;\w0;p,l6Jٔԙї&\T\;a\\\r¯ӅE`1\U¹\ӹy޹\"ryhƔT]\AoA\B\,\t\+]Z\w\4a\\\((BȋKk%\b7\\iU34p\"k\0\fz2:\8\\#*ݛ*d\fˎ%5\n\r.$\"<\'0)t{],u!)\u\?&\\^\nG+\P{\o\\ZX\%܋\&V`7\\u+\L\)\\*[G\f\7\\ \\lq<|\?6\ן\7\\.4\p\r\x`z\	`Sm?ym}a\$4~\jcXL>^h\v,%\Ǝ\uqƐ\3Q&S鱸C\:\!}\Z\Ց%!]YM)q\\>)^\aN6>&p\\\a?\\\\\\_}\\>\\2rǋ\\^xZ^z庘\9y\[qC-m{FҜ	sEn|׹|7Q0\c:\\\{\@`%@\\A5,p5pf(0ȉEy.\Z\!Tc\0?$YStE\ZCC>v\O\0\"^gS<\'0\h\\GU\rc(0K\#J̞F`\0:\"\4\ZW\jGjK\\n?n̍^\D.UUA 2@Te2JR+JL,K\Z.\ɌhIl\E\\\\rH~\"0\ծ?\ac\\\\\c3OS3?D7l_\\ \p^/_^Yc!ª0iC=i\'ck\0\\nL\\\haR]\Q\\՞\֞\ԜLלk\E\kI㍬\r钀\S@BZR\Faƌ2\'LQf\$%s3\*\\2R~1{0}#:$4_H\e:.\Z=\s.k<\\\rGL\\r4W~4[~8[v(,۟.ٛ*~+(|;Yn\p|{\_h!㮫҄\\8\\'M\d\\Ȁi~:W\>\60yhL7\JCZ>I\r\&ؓ&D M\%`o\`ˤe\\ld%I=/?k/|֒^X\\'끺t\ol;ᵒxjմ]\\"\H\&ҺiݙsP{)\^\\o-\\[8L\rǌK\\"\~g	>QL06;=u6~:a^}r\"&\9Vu\"3ѠG_\r\"\XPؙ@g\\}mKǹy|\D\q\Y$\[\7\\r$pt屐땁KuN`d\Zf_itD<\QuC\ĖrT]\\\Z\n7x\al\'ruG%I\\+\DNEfuqJ=,}\\~_[}Wﾲon/\\ ì~J6\\\\WnF9nFn\\\W\g\\˼\ߜb\\Z\ԟ\<\0\2_\))/7$$\^\\"\B$E(*S\\A\EM(\\\WQ]j\"1e鷀\\\hLPA)YՔirl&c\\</݉jVT\n|1ӭq\\X4\0P\oKvlN\\3l%\te%,ĭ4D/\"5\\\0my<t8\\UQ\1\x!\'a0W2[6U:Zؗٚȏjqkqivjq\6 Z\\%N?\o\\\W#WS?sk\8g4O\ PϚH\\\XT\ AY6\\\ܕޗ=XՆ\\4/k\r&\rH\?4\g8\h36De\\~iBSg\\eX<J+TQ^\=qg\׍Ok\A\NѴ]*/ȻW&JP*\"-\0cf\y.A\EG5P!0=\\nb\\\3ŧsyݕn#!\{U\D(oisO5H\\*ڮU\\s8h4v Fr]\Ď\r\bFd\$P|\#N)oXQЅȉ0w(\C\\\0\1ӳvp#3d 0u\'0\ɂhJ\piV\4kP\\k\:y\\\U}2_q*:_\\\Hkq*BZ\~B\z<>Հhֿ|\.\\0왇\ۥeLB=`ڀƈ<.asX\"u|9ވ~\<&m\H㈓C}>ac\Ջ%\3֙\"\N\md		pw$&O1\uނ	ZS0\\N\=6[\gF\\Qv\Z$\rqsт\\@^bPYwNkm\k\7?\\?2毖\~m\ߝ^\ͷ\f\G=\1\\\ח\n]_\q5\VYԇ\wF;\r\'8L\\I\<\\nWE\SV\.-rÔ$\n]\n\\Dsޔ\"_I<HQBD=\\@Nj1[k2C\b\8e}1b~^\t1/	\@\1Z>R1\\F_\ʆ,\j΄\(9=\0@2S~Q{!\sͱ\Er+L^(\rR*d\\eA\\piU&FT?[8[,\&\s\\jөs;RCZ}[\=\\\;\\\\]:\aV5~Fn3\_\Z\n446q52v76l\R=~yVGx\EAm	n\qA3߆hM[\jO\z&V!#\oBw\PT\MW2\_h@P\y7]?SMS\n+5\(\((\P\O\\\Ze\\԰\d[!\\E	؁ơKwUM-gB``\0$\|\#\"l2Ӝ((ޟ\\'(8.=<Y\\\*Hi˼\P\r56؍)[5Sa\E?@\\\L/uܮbo|\y\%)d_Q\?{\S{aγ ?\(vO\\u\>7\\אB\[z\Zl\^H9gSq\\l鱨LR#ӏ[O\6*3E\'qN\8\at\n%w\[\ڮSMT`GʎSM7rR\Q\\n\1b)\a43\@B,gq\\Gz,\ο%I6S,\$=f\*T`\"28\\"c\D\-$\3$\GC{؋a\7{\a\}ٚM{)IR+\vf6&TG{\&{9;ZZ\Z9\\o-\ƾ\kb-I.\\\\E\\亓AQqiUsm_\h\T\l\MV\.tSV+K=\X\\n.|\'q\l0ϓe[\\\\') \L\\\U\0Z\L|\0\|&J\8I}1	C\\#-i\E_>DU	,G\\\\\\o\`PUyV`{cD`\\ڝ\r{\'\Z\\\Puu4P^(\nPKJe2N+\&\r\)\"P6S2Q4\\ߗ&$@?\qNm\\^/s\$ؾ	6713u16s1245tMps\s-\Dz\Fy\G{c\;\}&Kp`\8m{\JwjO\ZE\qhwtwA\o	\BQN\\fkt\MU|Pj>\4k\ۊ\EK?\\F\DN.ķp\rӢE*a\OPĠ\\&\&M߭J\u!kCH&\fl}!-CP>\"9\0}:\ }ApBQi%/S\r\[>}k9[l\|\a\y=lagb?Ʈf\/:\x\I$w¨\mI$V\H\c\u\\\>2\Q\l$͆\èNd\pإmpܸ_\'}\\뵑\kX\3Y˹ۗbz\\qF\S\P`HPƢrc\1\ZrH,S\\\\y\"=}\\n+BH\k\\\ձ\"\n\w\\n	\*\Wh6M0Z[\\_\#\K\,wk㕼(Yu4|4?73-5*\//\3\\)\\\\\\\k\~;\ofͿ\u\\C^%\\\dd\\D\R\\Ӹ\Ӥ\Ǽ>3\| \z,\^\0\()q c{-8\^3\.S\nA\tl46Q0Y\Z8U<SʆY\0t0,Ti_ p\"\"\ŋ\{\f\\ \0\ZlJ=SM\\Z\)_.[*[(\E\H\F%o\'?v\'Ka\,\\n\\\n0X\X3a\\I\\0av`gxgpgLV_\zw\r[\bS\/:DU,+HgCEe\X	\'~.QT4W2W<W$ITƏE\Du$5\7\zEuE;uEشXp<^$9\{:1s56wKv\t-	rovoqoOp\Kw\\D\\c5-\\)+i\zrH6RL\iT\p\\ \0(2X{Dʿ7\񎅵S>3\]A\\.4*	pyU|빬\d$n`ލB^r(i<ZE\\\\&آ\\r\\\\=ʝ\\6\'1}\ǔFF]B\^SI\|#\G\Ӻ\BA\9iWl:6/P>\6HE\Z/Ĥ\54D\WgҺGd\'C\`;䝠dv$*?\ު\ R\]\"*w(\I/y+ye7M\\br\{\7+evZ\FN[\zX\\~\T\m\\\Su\\rܶ9y9x=ޯHc>txeuȠ\v\vJ\z&m<B\@z6ʚ\<<\<\r=lR]k\~u\\u\Uu;i&EE\zꯕ<LIZ3։\h+9)=Ζ\s\\.dslR^jR6ɛ\dKe獦~\\\\\\\\bϙT\~\8\t׿nאaE\m\rbs\KP\\"C9B\y>p\\\\\Z\th\b\5N\\\\\\%\\\;(\ԩ\ӊ\| i\rf98QO\Z\ǘW\\/_hzNGvLOU]x	{iQDdn\rD`u\p\Os\\n*U3pLV莤u\*\f\Zd\G5tlkefJr_+9+٫Y\wmq*>Q4U=ZћҘP\\\aio\gf\G\\a\7\\\߾zlv~eM?\;*t]\\˨\۸\ۤԋX\k\h\a\g;l?\0\,*v.! \<G!\<\2\4\$Hs\p\v\u,NKDʐ\P1b\02lyS=az\g\"(\\pqU:R\\\\'\n>E\/OX\\0?Y֔Xl\.z\\0H(\\dD]C>o?\S5J۝(cȨ5\m:\FGvv73\Z\W\5ڪuE<PZP<_:]\Z=S3[?W NU\'\U\'\r`\\\ތ\\_~Ocgksg]Gy?b\\n\",\x\Zy10\rsvH\w*qpvms\L\K\,U-\Fɸ1\Z~\rk\~HÆލM\ C }!\\5\pj\'*+\֢&x\"n<[hzD\?!g\"\|=\\S98\o`\\\\\Sz\n҂g\qK\\\\!B2R\\|\o,\"<\k\ryW\ D\Tmp\I/Jh\D\=.\gL4p\Fp\\\s*k8Z\\E^{\0!z8_Qr\4\=\\"Kd<\G:2@Zb\z\\a>!{m\\|o-m\\\n\ᇕa\\Q&\\0\\/u#Hxُ\ [y6Ǜ4q\q\An%\ZJ\\\\\!v\"хKҔGޤ|.\\F#\$6|\ҋ\\ 3iVe_\\+\u\V\xh.Xݙ{\p\`VXδ%V2\U_\jn\\\\t)oQ3C{>\\p0i#u_ꁁn ~\D\~)\I\QBƿѶ߯v߭\i\r;\aҹ<.\]#k\\"\e6\KFQ\\A\Z\nXv\'~\'>\bb2{(ȣ\6\ヹR\\rZh1\܃wp!i!˜\Hڟ\XBo\'2\!`?\\\\Z-X\^\O]\MY\K]L_\\0kd=I\x!/~:j(%͟\U\R\g\fig\kˋom~\\\?}\\j_lW\\oM)\E\\b\\\&\f\>&\Ǥ\׸\ߨ%ļ3ʶ/\~(\a,\I\\"\w+pHsY\\L\tǩTT\4G|\r\zL\y\x\\.\"!TT:g<t *#\+\(Ȇ !\D\\Ĉ\\ļ17^\K6$=\n\rK\\"\p\a\,h^`%\\aݗѕ֒\Ƌ\\\VGh*#eUa\\0Qi\tY,CV$P\"\J#3}ےZ\<#\\]\ZB6M\\\o2t\ю/,0\K\ƞ\f~Vav\nN\N!.\u\	\ɞ\\#\>~3AU\\\h/[lN\6\ZR1b}y;C\a89P0\S!:\\U␱\\Fy\G)!C1b>\\^b(-\_\O;\\;\\r\!YM\ cuӑ\ź\\~ǌ\npA)\D\Zw\\Z`yމ\/\&\3RӁб\gE);TY\Gԅ>,~\\\\Zn`/*[[9u\Q.>i\l\\6\6B\rܯ\;}:\ F\Z`\Ĉ6sQ.Q춒Z1\1\	pb\=Pieji\҃ڋΡ_\钹\ky= Z\\\RK&0<lGnUA`JQw\^(\r\T\0\a\\\;u߭VE\\n\\d/\OA3{G<ʹh6lr\'U\S]k{(C#\"!|!0\ނ\\'/\gn2\p3D`\`\'2\a\0<\\EV)}1PjтSzd\(6û\n\igps$we m7 6A%k{I\\^\hExgv@Sw]{es]UI\+w\?}g\\_\o/o/˿\\?{uѷ?\\P\\ͨ\35\\\L[\,;\"cmmS\\'s\\s\\gr\\\\!\00\	Lf	rܧ<\s\ĥ\\",*aUQ:\\\\ @%\Djc\jc\FoD\ɂ(\!l7s3m9!vX\\H9C+De1\e	\\H\H~X_n@oGWsKcccccccmC\۴\\MQQ\k_\?/=LI\\r\X$/\P׊Hwn?ѧ#ի7\g4\op\"eu1mS2P3\\\.\\\\\\\\/q\\r\0VlB\6bb/Hkwb\({S\:#ܜH\\-I\N\CaJot\M\\\8F]U\\\\v\1\"#ҧ\롙܃Y\_\}\s\re=ʸŎK-i]@΂D\cv\rp\a0^\^\C1Jp(jQ@_+\Z\CH>-QL\!CF\t\Zd/\#C	T`\l)\ex[BK:\Q\\[l}	\VZX\Z˩\Z\0!mD\N\`ocj31Tq\0== rbj\^t\BJ\!T\\5%0ڡ\njO^{Tbepb.dm\\nl#!T\#e۩Һo\\KwVjhY<>L$#w\P<Hv\ZZuw*\\4r$7\2cR\\\n	.l(\\\\\":\\htԗQa\\n20hzS)M	\\\L(\0\@\L$7\{sӗ6?}g\7?\xi\\\^|\\\&_eX#\\\\W\?Wy33\F5wDY\[%ێُ9;Lf:OeCc\\<Q|\\\Fæ\&\\ᰩ\\Fϖ\\`3\<]0U\?SWOWF\05$\Z\n\ncYѿjŠ\7F\f\\Z%Ai\&=F1HZ#ml\7\SqKM	*n6AR?_?W/,,K/I)ʏ\ύ\\\\\HlOA\\\\ʏvhm\\Myޯ9n˜\d\G[t6\\\G\W?~\m*yUC^Ku{m?5ŧ\'\s \{WP\Z0[&\DHꢥXyC<d3 3NMGӕԛ:z\D\t5\\\SQ8\OU\\r\\va;m\}ao\\x\.\yЛ\eF\1q\I\!O6b!-D`[\\\\\kMϕREޡH\F[\r)&P@`	\\aWKW\ךAy0|o\46_Ԡ }=#!	\\a\\\Sq%S\6\\\Z2\"m\/\\a\kD\\\\\T\.\3\ݏ\ L\r\i(\hkһy@\#ۙ=2!\y(QV\?RL\0\	(\\T\\K.Rs\\rQձ#b/\.:US6D`\\s\g\\<W.d5\\sy͙DRs4аB\r\"<=\.\"#\\\\ZN\I\\\n E\|\"\9\jphU\A56\!\%Z:\NkҒW\\\Z\0ν/$uHIp.7 0H\uf/V`Lhv,%\\V`\r\zBo\e*^b\.\n\dG-\ne]\\h\\H\pP\JRo\R_\\\0\EX\GFW`7]՞,,\kM\E\EV9dy\$لٙz\\7\\\z\\\׋?7_Oo\ס/cM폹N?|_\C\O~k\@]y]	7ĸ1¬%Ʋ3ަ7Ѯ?\~ \a8\y$\u<\c2\c:\"	sݦܦ2].\\.\.W\\-$D\**\n\rH\͉3ނ($]2]\Z:]6S.D\V!7(\C=+0\"-\m\"zb/rHӟ_\L,_D]#Ed\䥖DmSO\TIrn<_4\IH\'%\'\\\Fud5&\\z7B<QMNMMM6MAV\r>o8?8ȵ{oad\\\\'G]_65\nR\l\\\y\hD\,<\b?AElM.JRK\d*\\'(\ԧ\T\\L\\^\Z\]$KNVOUi \e\\\#VO\n\\`\\HŻ\ʃ\\	cUv\L8aC\"0c1j/\y\\3̇\\{/~B\\\~dpa}\p\n\\\#^~	\b\0z\R:t11jD]\\W0\rB,A\Q1|Nif\jd1\I\r\?؞;[K\\ӗ*N\-\si;\ɼ BFTt2#7hit\B#\w\	Z\'o=\0+s\(\n\\)@ь1\ZQ\ĩ\Zꢭ\\\u۱s0-s\!=Uɪ\d5ǒ\Q\!֟+HA=CYOv\0\͛\.j0\PBۙp\ZhM\d	\\aS\\̧\"ch\n:IĿ!0>\\rǚ@]4fB\tGV\G\!˗6{Kv*v\\tsk\0LCٵe\X\\X\\hp\p\P\\\0[gf,v\	s\\Q=\1X\H,_DW#o\c_\/~\_\\\\{\v\\8}_\C>-\'Ȫ:ȴ:u]q}?Ң9Ҳ5ں-ƶ+ޡ7\y \m(\c2\}*\}:\c&\s2ur](909q-U&#`\rY}!\	)	e͕G<//\GU\nµE`\B~yI\JOJg\bs\nUa\\u)\\ٺAe\DypI\"\ՙN\ō\DU:q\B\Ba/\H{!\\Mɖ\M^\\No~p6z\f\\\8\\:\:\Ӯ4ȑ\\\\\ӓ\۟\?\7V\?U$ļ?\\@\p2x9\qgh/\\\J&\\\XP{4Yq\(y\\\\=\\4!2\\"O\\^v+0j,\n̐\\\(Ң/t\[c\\n\pC\\f9=Jt0*\P\Jht])\P\.pƵ\\\NF\"\(?gT`P\\t\T\y\dk鮠\3v\|CI\H@\Puo\\v\kD5k\0\xHK@\4E\v\"&g\"31*L\\n<)\ϑ\n\ds8_y4\9]\\\\0\@\"\y.F\k=MhwKU3\Jl 4f\mÐ\F\F^>pN`EEa\|\\:DNl\\\\zzuГCUaQt9P5\x\\[\z\(8.j5\0 C/w[%u3ùaݩmq\^k][qK}Uv?o\WF_\\\\\߯\\\_^}lo\\\u\\UIiyeIeל`#n?̪)ܺ9¦%Ҷ-ھ3Ω;e8\u<~\\b1\xDQ\)(-TKTfEn\Z>+\\\\\C\\uk,\l\~D\\0H\\Z%q\Sh_DB\:x۱\c	e{\/z\n\\lmO+EݖnW5\*\c\(y]\B}\"Mҧk\\'+\\\S\s\"S\}\(evUv\\˱5ک%ڑjS\o\6)r5J{k&\=^\n\+/3 \\'\lO\\"gNk}[WOo\`FhN\xQ\Ty\,\'l1ύFoɛQ`ھ,\r\o\a\\\\#\\\\+m)+mI:ړ!:\Z/\iw<U{$`6N;;oXh\ו%/\D@2a\3H<\u켐>\Z(\\o7*\,l4E҈M\T`2\"3\"j\\\w\uB{\U\s5/O\n꘮B`cQ5\+)	\ *x\@`\\'S?vîd|\R\]*;tHR\n\ٞ\TnNVmU\roV\dDcӼ=a\\Y\\l\<#!N\MX\@cyޣD5T`d\'P\\2&\:a\\kBtaAk \'\^d\\rQD0\\P`#\"\#\t!3X\rLZs*%A\"0\"QI=6[o1\@\$\QŒ%<ƍlqj3j\'\X\03\\J\D5ZbQ1[=ta\Z\3\+< ELĳ;U q(\\\\qf\\vRLFoHRb[\&D*}7\r/F]\#\\4\\Uև27FmwR-eA\J_\Jo\**\\4yc6q4z4??ͧ#\̋ts)\nt\Kv	25rz߼\W?\O?^/\7\/.?%\#̾N6\<<^zTp-냬\ZBlꃭ\Cav\ݱN#nYY\$\3\8\D4\>\3\K5J\\`\\8\'F0\[	\\0Aa\da@0U\ 0:	*06x\#\S6ul>(FYcP\)\l\Ss)Y{ӖS퉚\US!N\\\j\d5	܌yn.s6S\\\d\n\\\Rz[bx\>5\U!`phXG\i\jShU\e\&\U\\0㟡`3\+\8{47|_\0/^OK_g`\p8v+	a\*2b%i]\\ɚ\-Ҧxys5Iٞ\HUwkz2(}Y\9C;\X\[r+ow0g/c3e-n=v#a+i;u?s\dt\bE?@a\rv\)pQȕ\\n(\n\\;4tI+#\Ů;\\D\\\B43OJߢXgb/\">\\r\\b\\bV\\\02zǎ\\!oךkU3\n+%׆3	:U{ɒR4\s(^Iȅ\P\Zy(\\nCI\\\wP-\ߩZ?h;>h>.~Z\\^\n`Uk2\_۽ܩ\\\0\(7IGYy\Muǹ\X\x \\\\l&\x4%+En@\dP\\\ݙڷºY.<ܕdS6\xw(F#1\\\cQ\(!>o\;|g\Sq\\d^Ǚ\bdkQ1=ΙπTAZp\\0j/_o\'\0$06$2JLx\\ݩk\/\cs\\K\+5\XT{#8\9=_Q6?h\k\\4d?jq@lG\\]b\\\Zh8L\L\\n}\\Z\']O\\r1bv\nҘC\P\TI附Uڛ*;U?\H\q\^]Y^\)OV\r\\:,\<\q\	\U.\\\n\\nJ\Mba\\N\L\N\\h\h\\h\\H\p\\P6\69\\`6\ܗ22(\=Y]ԅDQM\"r0p0˻+Ž5޵6ڽ\"Ե\ukhW\;+/c\/LǛ~O_\/\o\\_\\'_#\\\t\o\sy	{RB3-\n	rjkq@(֟\ٟ\2\6\>\1\\\\F\݆2=3=GFs\Hﶩ AIDY\te\,\'z&f&F8\3\3ӥ!S%\I\"LAIK(\&D\0Lٙ=Y2\և6FwƋ3=A\L[\OY\I\\\_jg\r㕼xY-\/Iդ\sYļڬ괩񒴡ȶ䐦߶8\D\\\\4\\tבTdX\02_\"L\4gW\l\"\0\p\X߮ܰᢈ\HC\'kHP4%\[+ug*Pu`\N=8SVP\\"\3V7^?^r8V?n8k?mO\VO\VoN_\ہ\̷cG\\\\n:j8@ۉ=\^&Э\\\/\r_ұ\ü\N\|-GarA\\nx\B\Ey\OyX\c\D^i 0vo\%kT4B`\\\Y\Z\\\F\MC\Z\b矈H\\NslzдBZ{>-uXl\\b&3/\_+X\;m+]=\"W)+ng2柈\Qߟy+\-\A]\rջ\"T\𑼾nje\,gW?Gxn&#\q\F(\%ldky=}xi\IxĀo\Vو);\g\\\Ḡè\N\lf 0\R7*\\鎏#\\lv	\\Lu\j\0	|\|dݝ@_n\n㋍\\׻+=[mW\Hvm}=Dl8\8+\%\\E#L繇\Su\\yS\\\ȅv\\\}&X٦K}\h\`z؝*ۛ.&oHг7U;3V\0\o\^6C\l\\\\\syly\Zl sA]9\\}9K}9\tEk/\\N\r\{55\p\"<+ݳ\S\=L^9\\\,\W2˿[g\\W\?=\wQ&\&Y-\?\:(p{M\s\2\MqiYMcEM]]SS{{GS_\H\H\h\'\\d$\dTi\C^#\>\y\\XY\DE*b%\TEћa\&KB&Y2^D\	Ц?C{͑bҫ\	_,{\\тB\\h\\H&ek([\MZ\NXnO`:n$\\uqDy]6m!ER#\e3\X\\'}<y(v /\'++#;3t(\'x:χ\g\g\[X\=\=\ޞ\\m\aS\P\̍hmI\H\\	,\\\\\Zcik=e#u3\rjo\Ro&\\`.b\)2Ǌ\\\LW\TLWMUL\gd\\r&J9\8\9,T\\\	\.EQE.\	\"x4ݏzV`\UK](JP\k\\\\[\B>h{>.}\\\<+40u\8\n⨡آE6\nSTҬ\\ďEg\\7\n5QB̨pVoې@dp\\\?=\`\e;cһwUՇ\L\pjT\,hRGd`x\\\Q\-\\/\Z\\Z\LC\\\|LFN$\Zh4\\^BNf\zX\\/VJy؊/v`6\iFp\0\\[\0*0$PY\'\0~Evy\rwӵ\J!\|\zZ~+M=\Y\E\=TQ\\\+×K\\se:Z\r8\a\\a	\1\0L\0Ô=om!,\O\ь\N:(\1MkÅ\+C\K=Y\4Ms\/v:eXaHWv@k??ɗ\S\]\\\c\fb\\\'W\;7o\\_\\\z]f\&[=\lǟA]EF%^&^or=^帿\v}\b\b\fY\aW\k]h[\\\\\ܛ\>\=\\\nHre\=\\\т\\`*\9nDca\\U`0\o	\Y{18H\\0-ڊH_6rGC	cwh\\ގeSh֗uᣚS4$uc!]ݐl\W\7\Z0\7d3DAeDyT\\U\ȫC!\ZV\+jUAe~y^C\\!ceS\Ĉx$e[AU+qku\\nswG\ȓj\\QD\\\QڟF\\@ڮ.8\]\\]\.egSg\2&2O&sɜ\\έWユ q䓲)\Z\UP\ǥ\O\U\\}\Wz\J\7\nq\H0\o{Pw~@\\\/k:ޓ3uܓǿ\?\=\ZFlA\q-\+Q\J@l(\n\|:\\Zԅ\ߢ}4qS\\\Z*\OK]`/ӈP\2Q5\\ւ\\Y\@\E@\hdnQ,#kN\M\\sL\AY4!(=ם+xK\4\,\\\oQē	&\\"BF(\(P#NOP.`{k\\\|u\"y->bc\nҘIT\HƥH\<\0i\"&\#E4Vq,$\\I؋\\q0c\N%\WS! |\\KV90Q\a\\abV\{:\>$\Z{CŻ\4\\/򯵍$m]j]\\hdR\Sk%\#r\\-NTfpm;~\\P`}\\Hj\8\p<H9%2\g\"3\Zaic,bCm>	d\D\x\x\86hpE\D\d\Tl}tcdch/o+[Ӛ*\\'\\gcGJ\CBzsC:rZ2|\Z\ѮyAi.QF\/#,_D[1\\T\hU\cV\k^`Ub[f[b]d]\o]\cY\eY\m[\\\\h\	vlpm\J\O\M\bI\)\(\^Y\#9\0Py\de8¯ٺX\\yha%B0\ndce\\}]f]$`2\n3\\`>U\\\0\jڟ6\`\_\_$\\\\	6\ۉ}A.ˁ ?u\0hlc uN\rW\R\'\\\\\\\\"Mgt\i:\\~!e>EҐ*mJW,ŭtĭuǮwŬG/5Gi\Z#\n^\Zb$M\\\\dmw\RoJ\\h\\X\\xa\'i+؛*z7SL#ձ҃L\<8řgkN\Q&e-!AݖC\nyJ\B\\v.*-.8\\\_J\˯kYͭ{\=h\k	\Z>1\u\/+=~\\\f\E\~<,ݣ,V7ީoQ2\Z&K\6}\\\\M\\Z߯\:>v\X\\\aE\r\?\a\a,6;-\n+\ne(R	\zϝ>)I~Ze΍ɻ\4~Xj\q\\rɚMӽ\Z{A\^\̞\ӈ\U3X {u{m\\Ə\5XIJvXǴT\\\0xT\æ\bjw@˿\b\Zp\t\@6ܩ\\Ե7\kPu.8V\"q%Ʀo5u\\^AɹU\P\P\"QK2<\:_xf~HBB0R^VJ\\$\\ؖ\\*=\6*\\:59\\DS6ܫ\Z88d\\!@{\\\>h\﵈\\Zq|/t\8.\\\Z+8\\j\Z2\6$rc\0]+\\9ȲSD\K\+]\K\WK]\\P[\\\n\W\s\xg\\	\h\@TIcg\Ŏk%t\\wSLVȔ\V5 \­\-Aюtg|wro材v=W5[!\l\n\+6K\=Y\\4yk8.Fȉ-E;` /7=ۏ\U\V\R\Pd[\o]\gQ\o\\\o\\\o\\\oZh		\\7F96Ÿ4Ż4\;\\8sk8aΜPךPpnkSW[o\PvD^\d^i\K\`\#CI8U\6\[\D3\ZHxѢڈ9N\lu:t4*BcjI`\[\[g\o	\6m\]$\rh\rׇ3\r>\U,\T\téʻ\\8lw44\'oe\\\\\\\alV^\jRO3Sݙ\r/>5H\Z\'w\2\\F\w\7\6z\7z3)kkCY\̽V\\L%s\G⊓*\\B\\hP]\P\^(*d7녒Yٝ^Qoݩ\Ph.?,5ࣞm(Y\u\ZՎ_VZ)QӢ\X\Z\^\@i\k]\CuÀծ:u>,>,7\/Q\h\oT(\t`e\cg\z\k)ښ[u[Mխ\Zz탶\Ul2\V\\\\f\\4~]>\+\)Jރ潪\\"僖{x8(\\T\nZ.V\a\(4|ga\ZYI\=\-QU\g1\[\\\\\\)X/~˯\)k\\\ʝ\z\\n	Ã0=1y؋\{\#d\\%?\uGo㡶q2_y$9.#fz\\ז!!9VK*q\\2M\\ۍS\;3Ż\\꽹}`H\z iy+i\7lx;º\\\\ʥ|m\'\_oKC@jNVD\p7r6j&z5V9T\[ښ\ے\՜\ޜ\ڜ\Ԛ\Ԟ\ԙ\ҕ\ҝ\ٛ\ݗ\ӗ\ӓ\ӝ\ә\۞\Ӟ\ۖ\ךВ\ۚ\יԓ6\\4V<]\Z:[\\6#a(T1-4\\Sq\h\B}\\\D52<+m94>7<5Hom\0\H\/@\E4\?]J\h&Xc\xr \G\\\M\\\l\l\r\\\\\\팔l3\2g\MSq{pk\3V3^;Y7Qn-:.<)\PPt0Q|0Qr0\\t\l<l\Rg2ι\RYw\"1@\)\+M_\<\nʩM{e\E\{U\{5)1u%/r\r3\cq1\~]kަcU\$\\iQ3\Ws\\6(nt}\\Ǖ\-,\W\?\+f8aqG̥;\~s	\ƣ<(\jr8,ֱ|\\{\4HɎ9G\`X>\QS>~I/\\`Kk0\p>a\\\+@\7Ojb,\n4)v\\'-ñ\\ga/\b\nn\ZCP\\n-p~_.`y88lTiͅ\\n=id m\ra\_*jq\\a\*&w\n)\'jC\~G͖\\\\\Ʉ)T\z.\:Qt\[\I{=!oo\gctmpu8oe g/k7s;}+M\nOP&)ZmT1?u>Y(QJ&E~bAy\0\d?(\Z+\Z)\r)\Z.**((*\r)T\ĜHimXg*\\K\žEќl(b\L\%\\/pĆ\+#\@B\0\r\0\\UxkBbo0\r\!\^\\Z\\\t\r\`&{m\c\\9;PW޻ixK\L\`\0ޢ[s:fNg)p\!<7\0\n&ގ\\}A9\33ezU)>`@h\dl\\Ty1_q>_y>_}>\9s(Ҫyՙ\\Ss%C*aݝ\r\\jx0\R\{A\\gXl0\\\+:>,q?.\|\\|\"\\%\\%\\MЯkV\ɂB\r3\n\_Zu\D4~XD\!\*b\\hG~\0`UHBo\\\\i\\\#V߯ k|o7ص\"\wx\\e\\Q 0\zP\؋qfb\\O\-d\'/l5\rNU^]Q\X\B\T#A<\\>h;ie\Z\\Q\j5\\8\1Һcb/\I\R㶧<\c~F\:ģ{Ɲρ\^\5\c\\^\*\0\aJ\KnU\\f9$8.$`%9퍢؋\\kJ8\\rX³`!,X2BSƹ\"n\\\\k\\!,3֍\\\3)i\<\P\\\Qq\ny\\tO8U<\Jx\\Ff ӎKeϩ\PѺ/kyд/\\\5\\M\\LoMol\m\l\rfodngdj{34\\lUW6Į!Z!v>\\\s\\pi\#\01/d>T\>\\E\rÁ6RX5]9]5ÍrEᒆEc#oHz!Q̋Hx҆D\Bc)YޒlKWg0ePh\)\DUk%Ȍ%K\\IF*3>M[e%\#\\#Ek\}y\=k]\+\iݙ[\;#y;#o\\n\Nf93<\?\3ؙP\\#\'\DXp,,8\n=\\L1C\\L鱐p2[z:[v,,!SQt\\\Rq!RZu-\\\\\NYw\\\\"Q\cz\q\\h\n\\E\*ںZ\EPǂ=\,/k|O\\rOe\UH\eMǧeާ%\\']\\cݧE\\',Oք\25s\r*\6\\\B\\gOX\\Ba\J\_:\ \/K|ʧƏ\r|XjEϯ+\r\\\+V\\n\s\1`w1{\\?-\ā##\\<^\\S\ꃦX԰|X\pWUrUT\\+ne;E@[A]K9\\0!\Z,\R\ǥK\\kA-?J\\?䋟\Y7%\_@bב4\\\{ݨeW#hӥt\{u탺\ޫ8wJ\C~\O.\/gS\\P\\*9\\[\F^u [$G\FVy-\Sy%<T^\Ԍ)\\\2ʙ\x\D\\|žs(\-4˚mPי\T\s\<JZ\-\}\\TŞ-؛\0o\\x\X鸏i\\H\\P\\`\\@Z_\RWҲn\= y+Q\\Wwī\u(\m@\J:Z㔭\xM[5\)\$%\ u%;R4ZЕ\ԱؙؙB\v&k;\\Dcdes)Q\sc\OF\-H\\\Ű9Z1V6BzsF\\\\ͮux-y9a%δ\<\-~AR\[\\C=F`\\Pt2?}\\\\)\t q1_~)8_.\̫WҪ9\N\\$uj.\D$\5<H\\\1||6ub8*\'|\7`9(X\\e\?̧0&{\<\b=\\%\\\~\\}\?Wʣs{	+\_jk|Z\|\V?Q\OAe=\A\UR\\r=HW\\ˮe\ҒY\B7W?\;x\\ \?$?k\\lT\K+\c\\w#\<#;ej,\*ʝ\[yō)W\r!FQ\\)\\\cQ\SD\Շ\c2B4P\r쀽NT\Gʎ#i\!\5\| \\\ԿpIRv\d\@\\d.\ۉ=\F\\\\d\̠Џ\\L\0қBY\I]\?\rOڳ\\.18L۵ے-2~1v!\yQXv+zV:2W\3VZ4hL\WZ\\SV{\7rߎ\LdMf\<r(\>\Ao>\'Ӆ\EO9<\nLR\n\\\2\g\cg꒺5\=,O\B\B2\2\b\b_=募\AHAh8YGl~FOu\\\Z\n\\i\m\{MS\e*?h*X>j|\\e{UɝX\%7+iᕴ\ZVx\ͼW>˿X\\j+z>,V\\Vg#`Oߦ\r\3|\=\9WW\qbE\F\\v7WW|\-\\?/˵\!](\\/^JJr>_\>\=\W\gc\?8̖\UjIOd-\.\Cy\oOXVٝ\+\+\0p\/w<\Auz1=\\h\H\p\\ \od} kRLX\\x\th:l;};c3jv-[e\S`K*0j\աf4¥\\T-?Aŋ\FJk\e\nn\ZKX\H^\N\\\~;?\r8c\c\\X\3\'\0,Yz&r\s\'@ɼ#A>8\"N	.\J.\\\\\.%\\\\Ysy\ZZ:\>\>\a.\g\0HI[c\\ܧm~(4;߰\On\4dр\\\BC>\/ښ_kB~\"Oj\/\_\n\yY\B)|Te◥J\r寘\3)\і=b89>hP\)y\q(SRT\\e1>R>Kuh>\\\"Q\\d\\Ew[y4\JndYx+\_=\ObdJ\(u\m\"W\Ih\\Y\˟\l:PWxs>b\W\#\<\i\ncu{\?I\{e\Sw\\n\@AAkI1\F\\|;_D/R.Ds:\fNϑ\r\"\>\q:c\\0a\ \I\#a\HJd}i\\\\\[2c\\D\H\\`\`\\p\H\\H\\x6\-ˢ\f\\Rގ\\\3v$\nem\Z`8ߐ\fmdR626a/}7u;y3i;m+}>4ؑmO~F`O[p} o/w7g3sWK\RC.VR!*+͖+\u1q\M	m)\]\{Iz\\r<df_\\\\]|\LdL!y&0?\\T\㑌ÑьS0}6s1w9Sp>\J\\r#)\\*\+UH\|\QT\[zgW|T~T\Y>\\rG\\̏ʲ\R\\d,g_\\'O)*+J)eTS~U\\'\#d%:\%<O)Od/\\\n聾\d\\dy\\Uş\%9,Eʢ_:>)t3\ʃ,^\'ͻ[Ƚ\n>{i!,,|(С,.bH\'/\)Xڍ8z>r%ʼM?az9q)wi\\nGw\\\u(\n>?\Z5j\0\:\\<R񋆥\s<f0\lOt+	\9>)\n?\u|4\4?CGiS\\{Yѝ90_Ǎ$\Zc>\f6\z&[O֕\\\sAS\&\XN\'S:Τ\\dAEAm~<`\i\\l\\\\\|\\|ջw\\ɒ­;\\\\$4\T)o\(%\;ɻ)f䭾$\6@0s\'q\&9\2\r@\d\nYT\3l&n$uŭvĮv&v&P:>e/zWl?\r\\Y\\fZӗ\Zյ3\y\>\^#Y^H\\*Cp-7z1n#\)\\뭑k-`9&(oi FEmuDow\\vǽ\{	ɇ)\x8\t4\t,Du6s>w!̻Ϳ9\s(7\\kQ8~!AZ𯀜ϝ$G@-\AAOy?\r^x\l<r\rax7s%̼ɸII긞NIM˸˼e݉s$Z\{{Iq\\|q{q\popIt\\C\˙ԋifR/0j6\Z~;y/\~X_g\\~/\\!\\W!?&9J9J>$\nN&\\G\0=H8L$3\'\I\)X\(k}\\y1\.=\	2xxb~=壢&~\<|\)0:2y\$)D2\WT\\oq9\r!\\1~)H\\LO<\l<t,\)\',Gc\s<D9\ZO:ד@(\@~\"\j\C)\9\y\&\'\n&J\\nv&v\'ߎ\!v\\K_\J]oOZ\]댦w\\OY\][=,\..\YVۣ\:\\C\p,tQX\J[\J{\J{e-\=g\{\\߮,\^\\rk\bS.NZ>S<\ӗ\֝\\\\\Н\ԟB^h6[\P\ixOQs~\Z_9\ \Q\?\\\kxK\\\0(m5VJ\\\H\SGӏ\2&3OOs~|LRRL>MϤ?^\||\<ςENR~+j͌X\\,ds\Jfa;q\r\\\Ǟ\8e\c\	\IWS)\jS\\N&?\"Hѓ|a\!\&u\\r\\E\ZC\G\1\X\R)\T4VO\\Laڭ0\f:\r+OVLGgc	X\Ƚa:\#0`0\hV\t,\b\"	5XsZϦQ. ڙʵ0f6r=\Z\f>\\Z8\)y\"\S\3/E\	ng\F,Wө\%v&\\4*:Of^\\8\"\I{\n\\\"e5c\"\xI\ҧ\\yʻ\?\`0\]_\w\񔽮(\vG\VWvw\no\N_\\@\f_\Fozo\ZOzW\FG\J[\Rs\2A?lB\6,6Gh\"Dh!\Yj	}\˰\\Z,\I|-~4\P4MєGw\^[HnǼV{󖺲:2xiR\\rҪ٢\,$H\\0\j?j \\\DL\<oal\\L)\\"\\\\\;Lu\:N\9	\\f\f\\g \:L:a:[\2W\*)Vzɫ}?%\G]\\,\Cכ\6Z\"6\\"j;z\\\\\'H\L ͂vX\Y#)4\\;v0\\peo(=Ct\D\c=Cq\\\\r\\(X>V\KX\ہ\\\>\\noAO\\\s\F=҃\|\\\n\\$lulom6n5m7lVm\:\u\DFEr\\{}Q:ȷ,\w=\X^W\i\l	\h\h\h5d\o\-`+x;7/\q\y4y<u<}\p:c(&>9\Z>\<\ `Mz\"\\v\vnm4V\Z}뽗\0]i^\:4on\u\;\\?Fb9\?\p \\`4e0`$r8w<g8t$r<VO&O\'S(\tyBB\G:#A\\d\\DDx<|O9	\'q75ÏL\C\'ÉcG\t\&d\~\gUv\";\\N]\\\r}`\\\\\ill\h\j\\\LYmZnXiYk\n_mXnXj\6Fh\ô\m]bm&@\	\p\H+k_\'\"%\_H}d5,Z?\\0y.\0(_d\(\IP\\\r!\Z\Ji1D\h@c\J1@\\rs\qCuC\E\H6\\=X5P\_\W\[ڝԙԖԒ\O\4xI\xQY\xoogKsMmEI\\Ǘ9o\^\4G\t\9$;899\R\\@WYOE_K\`\pH\H-e(\z0EGM\ i;i7\0\8\<k?\P\\"/uWy(+\U>j\G\\\,rC\0Βզ\ZsZSeJ󀥆`M\W\O\[lXj	\\i\@%\)\́KM妀f\ڪc\Y\jKZk\z[F{,ְlR֚\N\\\?%r=.\\ \"C\!+\\®,5,\\n?\U\\zk\4\\Zu\U]\.\T\i+헪W8Nku<5\Z}\0X\\l5\\n\tU\!zbzuXa\r\\\\\z/\x.Vkܰ&rgU̎.\V:.s\\Vj>ۍ\\|\-\v\NnKN\ns\\\w-:Z᝖M\F\F\:քٜU\\:\E\SU\,w9\J	Rge\]\\\\z7zo6n5m5o7cA([\n[\\`\^GȻ\P\ۮݮp\n4\My\\\g\,>\"Eo\rA+|D	\]O\\}˰\\\:)m\\'	!t#eG\vg\v7\ͮͮp\FG\#Ά7^.H\n(\\ԃYy>O\rX8\\\ϰ\aY\]YY^\\\Tx\=5Y嫭\T|>rOY\MZ\*)t\n\\\E\b\\"Q\l0\C0)\,sE,b7\\\\\\;eR2oq!\nߧ̗{\)ZVJe\rN&	\GG7\#,T⏼\\n?Qe\n\n\r?\"06\(%۰W_\Fo\Zw>X\\Yl\ZlJ\6PW\'*\ZLhv\r+H7|a}\?-Ms.\\R/j_ n?Ԣ9̢1Ĉ\l\|Mx\\o#h\b\f\a\iǌ%ʼ9ʢ5\:bLbM\\\,F\\\-\'S\l\\sYNs\N\\<gQ+\KG܇\"+xQJ<%\r\/v/q\K\\$en\\nwY\oDZ\P\B\\*J7<T\ޚ\Z_m\Ze7E\5GG\bSte\\n\E\\\LAz\ke*=\J\Ǿr_(u[(wg/qK]\:\\nO\n\S\,\I\\\8\0k7e;i.\4dKs,\yV\u\b)\*hY8j*qm{`ݞ\\C化eΊR\byQg/εe\\eY\e\M),sY\"d)],sX*wX*s\\pZrYr%Jjuۆu+4T\X\-NRu	T\uV\K\\E\\\	ys9vs\:D\<ǅg)u9(˝ԕ.*Wub\')k|8ϰ\\\R\IY\z|(k\r>+z7S^m}\n\\Yo6\0QlK k\c\0Z\nM\įq.r=x^,\:?ͼ\]\,qt\.6h\hQ9cP\\\B5b\\KKb\y=y\\g\;\\)\B:G\<b,9yNB\\Cc?e+̴\@\f)HL\Mۃ1\\SlFu$ٳ#\a3h#\j,\VG\XL\Hh\x\DD#o^6\g9N\8	r]\\ܦ\B\\B|l\Sf\n]󑟀O\\\\\y\l\,G\Zl\Jg.9]ՐBյP3_9[6\ۓ\\\fW\k\d\Zo:\\ߟ\ӟ}_%\\oVH1\\E˫B\e+=_Wx\\\\\'JpR\\eT\c\7004\ZL(\ 3nY}YcYC\K~\\7\F}&f\1#Vc6c#I6\v\\N\\#a\"\\R\R\\R\\\pL\LX\H\Tf;n?nv\/\ͤ\\H{\#ʴ\\!\vyL\2^\(réϠ.uJ\\G#\ZBxeB*ENs\<;\L-#*t\;\ʡEN\<{a\L#a͎e&\I\0a?f#\f:\j:\t&\\l\\\|$\BiȱZP\SP\ˊ](\0$NX7l\\|I{=H;R\ \Ae7i;n=j)H6H2\Oű\ě\&R,\&3e*\Rgͷ^*|\\\\\"\b%v\kU\ŗȷU\+\(e+̲ΰJGу2Ȋe*\z&\v6(\%\-#\\rS\MQ\\UQ\DQ;ЖR\\\P׸ij\)*45OA\fPq\\rZDgƋ\\n\/e	Iݞ\UV\,tE\"tC\\\nR󢰲JOi\#j/=\:T\\(\7Qp!PpO\\P\'3	=S)fSIOZPf\,\ҭX`t \L9\̙4\YFW`:\j2\|<\t,\ǽa3\3\5\1\2\|#\\G:BM(aݑ(˾X+Jouo\r;\\[\'\\'\\Z`ӧ?\v@OO\}	vIIv)m(Ł2j;nM\D7l3lM\M\I\\Нh\oom?\\\nY{-gk[3a/%?U\MWD^tώX\\btG\X\k\;\\6\\T2\\sgC1\c\O?:\\\\ø\ˬ\ǲ\Ǵ\ۨ\\\r\L)f5\u~\\\:y?7l	|\h\`\\twt\8FY\X\\\\a\`3\m\m\\'Ҫ/Ғz\"͇#\(CᦘFYE[ǘL<b>ch\1m9\|A\tt\L0\Vl7\ JOg\J2\%v,\'i#e!qy\"\\n\!\\\\L..Tl۩,A5/\s\u\AWӹS\V\D\sedD\8kl\x\d\Tt\L\l(\Rj\n5M<<G\|\\|X\Yȶ0Lg\\d\SN:g\Nj=l9d>`6c*6>\a\0\0%IDATLF\ZOE\Ě\\[\\'\ZIRҌe&T3e*\\\f&\Reɱr,e\f\,\Ra-NO˰6(PqLH6#%XDˉ$\dDȌ\ͤc\粝E9.N\\ γH\nǅ2Gi܉h\"-sYxy\HK\\t2yJ	\RWMWM\R\r\[\@5P\M\,g\IR\)؀B\"R5z9KHۀč\P\F#ן\\"\9ۅN`؍e\0-Ga\_8@\L\L\4TT\$D\D\DЧ\F\'<2\Zk<kDy=\Zc<\xěD3 \loI~|7H$[	R&,\\b>o:k2k<c</U_x\i\a\=\UK\  3J+TY{0ˎp+BuG\r=²=Ң#ʲ3ڪ+ƚuDYv pG¬\#:\";l+ڪ;ƺ;R\c\c\k\ktFvDuDӶ\~81̼!Ԕl6[\+X\%͆\%O\%Hc%\fB\sS\ P\R_l\'\$\7a&?\\\Sџ\LGv\f\Q8\\\B\\Bg/\.txY\\\Mi9\ے\e\xC6\Qj\\Ϝ\k^\3/\N`\mF~oZ|^!\;Q\@Ĳ;²\'Ҫ\'Һ;|\\r\	\\fςXM)YQF\"DXP\-\\\r>9\\l\"\b2\Jo=`3\rmg\ɶ)6s \v.ՎE\Hy\yΔ|\dJ\w\9Sfr\ \NiK\\n:\a&A\0Ἣ \X\\a\\8f;\\r\ZKwOsHqHrHt\\	b-q\S\	\$+l\Z\z	\krS\tr ב2C\o!\LL\\, \n\"\f,\j\Z\nGU \\\&\\\"FL0F\Dcq$,$\R1Ke2Ú\"ϰ\\H7]H3X̧X\&[\&[\&\\"\L,!\'ǒh$\t$\LG\H\h<a<\z<\z`3l+HA\J6A\\~&n#3\Q\mE9<\\0DWj!\\G\n\rqa,䓜\BWU\e\}\Se\rN\\t\r\%IBa{9R\N\`Ct\\~&簓0׉H\\\'0N]!>\|f幈r)\8\\[XY)HHJE\\A\U\gX1\q1362%0H&4\t@\P䛡\O2\Z6113ǚb>e3Lc,F\\\\l\jS\#M{Í{C^w\Zi	z\WK\gYYRZ,\[B,[C\\[=H\"Y%m\-\\!fz,%\jl5EGtDbJi	3i\n6\#Cxɭ\ߴ\τ\k\\\cT\\q4z@\ԓܝڕG\i\P5ay\\Z]\\\\ita06\\\\n\,v3ͱ3|e]\ߣ\MI>\\\\\n\\~*uY\\ÈRO\\R\宯*\\TyqL\Zo\\Z/\Z׵\o\|\Z\\Z\)!ESEKUsQK\ FF=f{uu\a\ePwGDY\cWYWYoYOiwIWqg\S0/Ȩ\\0F`#\\}F,Q&DS\"\\L)} \\Gb(\W*\p-\LT\\4;a0]\cA\0\H\\\"*p\\\ns2b\f=z抽0\w\s\`zLP<(Bd\\OeMeMΤ̤\Ϥ\\msY(Μ\\D\>Еe@O>\Q\N]\"\vdЭd\Of\aoO\"aofmv`6ɄeN(\Tjf)ͰeXcJYȰd3,\Ӭ\Ra/`3d7M$\w4\|W\hx3\1d\@\Z9p&\"e&\z6˖c:\V\; \f\g\:\\\QĹ\|gC\B<ߙx\\)pVI)wV`@Z\..F\\D\e\R\\3iV!S)v$[Adۉt{A*NSYNHOfj\$\A\Gm*Q_џ\3\$Mwk!,{=\\0\Z\L@#C\\C\I\\3ô7Ĥ7Ԥ/Ԕ4\\/\e \\`k\Pě\H\x4\Z3 ODa1c5k=\Z\ =\r=2i7̤;Ĩ3Ը=Ը-Ĩ%\!F?9\*a\j\J\"\'\\A\\ZKA`SA=f͡&-&a-M\ZL\y~F\r|MM*=@Ǜrן=F\\\Y\\a\ņ_\iM<\"0qE,\\\"AX]S\ײ\\\"\\(\E9N?幽,t}U\\ݨ\\r\\ml\c\h\߬Ϩ1)д9Ȭ)Ȍh\\o\\o-ǎ\\^c\۶Xx\\Ddǁd\AR\!\I\x\c,\\(C	6\k9c1e9eA,A4\g=4i6\Hx\`2deDx`I\\T	@Y(z\Q\\9\nfH\mН2W\61\nݟ2_\.),x\\|(\Ro\HAOBfE\_Z@U\nq\"E\\\\"	\*\sg9s\JQ\\\\{\k\M\UR\&PTy8>\\Z_\@!ݖHk\*y/E\bOi\3`>\pqQ{\3\|>pb\ZN9,,k=6l[i<\A<ۅI80`\LLQ3\CĀ򔖰P\T\T:9BrW,\N\ BU=l\rg<\#\\\\^0a\|\"g`K\ǑO\	\EQDiEΊRwe\SQ\EWx\aWX%]r_G(\m.\U\<\4\@;Г鎂\L\\t\'At\l.aQc\2}5\)\c]-\,\Q_1#ѶC6\Va}!\\Z0?u\K\n\I\	:\)#\f(PA]\	vc\d,TiTc=\]f\\,]&,ݑ\"L;\,\N\#pHˎH+\[C:l1e5H\3\&\ZÔus)KcYY\ה\c\R\k\164\0\\\n\E\؝\\ִg-ej[a4US\"o oaY[WG\WFΖM\ez%:uF۵\4XUUB\@S^iTl\nފm\c\co\\\X\8\c\m\e\e\c\o?\8\4\8\@\P\D\L \M\*\r\t\OsHuOLudHw 5qI\0׆\D \~2Ŏj\'Hב\n\(\i\\Gm\nU\'0\\\v<\'A.L\\;CvccvH`>\"	a\l\\\|\k\G\\K*\)J*\cT\E5\jB(\\Pm]ESf!ϔ0kTX	P\⣆\\\G\")\(Mc>BU\F*xQ\hU}!\\\i[(xMs,E\hR6Gʆ/L\rUց\0׏t\6-6/7j\\z#t,E\h\#(\0\}JR,\Z%[l\\EJ\\Z\r \p|\\>*ou\'Д{\0\\H3*\\\\\\n\9\/y\K\\%/(Ȋܥn|q\B\B#ER`ǲP\\\")t\TEz\`\\"\"wBI!\CarQJ\H͠\\"!.at\[QC\\Qz\K\d9b(J\^$\n\n\n;\\H\EWޭ5Z?\WQ\#KߔB\[GS\.\ue\e\f9qaf\"̂\\\y\sHJ$%\b\k	THqT\r]\\8\!L\l8\UZ\i΢\r.X0E-ʄ$ǱD\x8\\X\hHpp3\d\C:F>s5k6È`<\\M\ZIMOF\(Hs:O:Q&P8%\#\H\p\P`Ue_,\V,ͳ\[PPc}$ֆ\k\g\oӓ`\c\gO\2;ޡ;\03t\'8舷툱툶inҁ-ʺ5²9ܢ9̼)\47\0S	\ϘR\oQ\gY\kQ\mV\ciN`\(\^Lu{-MݒjNQ5\'+䍉x)/n+oF\TN\y\r{%v\9EٶDڴFٶ\\w\:Ў($HJuIs\Z\p\t\\1\i<0\#iv\iv\\.\<\\\\,,\\ޚ+\*C$e\\\0Q/+4MJ\F?\ dAd\׆\Ie\]Z\AY 5w_S<E\n6T\Jt̗J\0\|5;PrU0MJ\(\\"!_a9VO\Z[\z\ڣY\;b(+K\\նuv3(B֤\\δTL736{2WYȢglPֻ\`0mC\zg\fW\fO\Vo<e/~?19cD}	]q::c\-\"\IYo\г\ޞh\\'m	m\@5:@%4/\-󂖸^u@K#py+\rA\SK\\LkWjt,q}h<55\O\G\\@\0	U\S㫮c\\cY\j\V\rK!m}ΟŢ8~\źź@$J\Z,ٸ\:\%l;?d{\7vnRԵ\S\f	\noik\M\<؄MZ\#+W+P\nT\9D\rj]$\q\\:p\.+*\tߘCH.\"rEsn3.\9\S\NTL3\\\\FSmƓ\'\\-F\\\\-\t\\,S\63\4Ҳ\B@ \~\gW\9\\\\a0\k6\{f<r<\\l7=NlG\0\D\&2ҩ*ݙe4͉2\`O0ffQ\]\\\(HFLOJG_soSwCwCO2y&]	v\61V-і9\\?̌fiS\p;nm]umUMUM\\^OP)\YC<X\Ŋj\"+B&J&ǲ}3R\`\#\Y\\G.\rT\b?L)H\\\":|\K}(s\^3\\\"o|PNFV\iHZs6Rˍ^Ŕ3e\r7BULQsC0ϔ\\"\GJIYQz\\\XjX懢Xl\r\f-$26<\\;6RS{\k\\\y̷ɔ\D\W;C\\Y\Лӗv wo0\?)<+ڝ\v\\D\\X.e$\`wC#釣G\GYɬ}n2?S\4\n\n \AS\v \3۽	,d\؝\m2\B\VkV[$e=j3摎X\N{\Vke%j)\\j}`5~\JC\M\\\0\\\\\ȹ\݆ՎH\\\ݩ\!F\r5\\Z4\Z_\\\0$\l24t\'a%b\#N\rT\@N\\En(eʏZmb^m^i^\G4F\[\9\\)\\m\L\\\+,\}ﻻ;;=\\\\\63f\"\AbCk+i^LO\\{ϩS\\n]\C\\(\X6Yozf{\,Yk?-\\]f9-\Y\'n\\LN9YA)O-Yc~[YkzY6\o|\0\!\@sˍ/\\R\\L\/&d2o>~$l-lyMM\\r2\Lտ\>\\\x+FkQG\/ko\B[\s/\\rK<\!-#ɐaK\\\҅\s\Yӻ7\XG\2\~\md\\\d}\-%\ƃjsܯ<\|\\و\\ɠ(\\)J9\P8\tTΊ\\t(1\ԩAؐsgQ\Q&JbeU:\\	\}ž>1Yu\I\S)-z&h)\"T	UBE\/\\E\Ss:hjȄ\Ӎ7ᦛY{zA4_-l\~;g%7\\\\݄kog\\\Mâ܉cw[2\\n\cs\â麫\Z\A#Ǣѯ\xu	mfBHr\k%IyT\\zB-Ҥ=[t)IjLv*H\)tHJ9%܅S\!6QybLh@*\n=\\\n^=\\?$=*\bRPoPcClw=\ޑG;YԣJ8;\\ep.\"\:-a	@\\xT8In\\)9\_q23\0`tPz6,?s(?D\\.\\n\\gϢ\'6AO\*N (}	\'=\+\ʷB\ɗ?TW\\r/6_n\\\;v[\D\\0FBc>\at|b[I\Gvԧr<Dct\÷mu\̷e\&\rVQ\k\d|,i\\\ed_jiz`+)4\v\f̯Bu/r,\W>/?Od\\\Q\?+\\ \v`<\"\G\\rF\j[\jK\Js鲽t\\\\m\m7څ_\~<\\\\\\It@\\'%}ފhO9\u\	w\v{`P\ZDب?\c\J87\\\1ˀX:|\	\\.\1\`\\\\\n<	=4G\6qP\\\'	O*Qeܣunml\\s\\\\&>MN\ɥϐW9dW3\rW\\6ӀM\p:l5\\[sv\\"vxH2\ri.Cm\sMW9\B\\b\\J;w\A\V\\\~\.b5\/\~_Yi\eMn![\7skvrj\KMK6v1H\킕\@Do\\ڊa;\\͚\u\3\PM6Pk}\W2~w\70d|O{uI-\x4WnA\Za\s+2r\ݪKNn0nd<_{1.ElLN(\১W\+y/ԩLfMXZ_dА\/6T\ =`\r\|(y1mnȄp~\Ndf\S\d:L$\3\ߘT\\\_\Z\@;ל9gN\\n+#rQ:uk>3ڳ	\>w\66>w\XszΝ#bđ\؁c\Xnd9<$\\'ò\!\|9}e=i,\v\\\p\Ώ]yݥG=eG\؊\n\"ceeN_\\'\\\azČ7<R\rk>94\',q­>\ZF wA^\r\\\D$=,\D{}2A<|_*R\t\\\%\\UlB|[Vh[\-w\\J쑯w\ֻ\N\Z\V\Z\k*\\ޱH3^\\V(P\[|\׉\gg\J(\0ƈž\W\K4\\Nl[\\(\roI#\Q\w(ȞC;,#\!\\_z\\'\Ghu~\\_=$At:c\On\\!\m\&\'\$\u\b|h4OμF\U\\Wr#\WD\W\	qQ\WDf.\3\\/ n;YT&bU\@u\_W_kӡ5nJ\d\\Ws\\/3ka\Q\\|\S\l`ѳ\\cl\\ܶ\H\\R\j\z\Stk`\jޯ\e\\V\n\7~\\\q\~\v\\\,\(dZb\{gx\\92e|\	`M\PU:`d!\ףt`\ȆԄZ0JM*	\I\\U3T[y\RvXlK\D\ՒxPH,\S䴑\Dq&dw>d+\\0Ce*\Z0\\\\\\%3g#\\\pCrƒ6\'\S%֢1e\"K\ar1YsGJ2Y[.\\'\dB{:;b\FL,{3\tT|\*3O\{v\\l\r(N%\'J\~1p;ш\0P\[\2L\ᠷ]\|`\HCL0\r\)\ވ\\TG.\ȥ\4HFGNwSL\\a`D?8UɈzwD\ވ˝!\րjڐ[АՁ|\\n*7sy\\"M\)]\\RӇHc\Bûy\[H2\n^\_xk%Bf\0\"ȣ\:p\Z	\!TQ\Hv{\|\'k\b\h\nDF\\`(\r!c}oP3,EtƯ\˪`\r2+FjC4v4TvyXD]2h\"\0\\2\FtH\\r\FૹW\5ɐp`M%3kK\\I\1\й=3\ jB>]l!\曯\[O2H\6\l\\C\\2\O\l#,֚,:~_\\S\a\~[JT\yV\fDZz\lĖk\0\\`\b\uH\YΥ|ؤU\+\n\\x9\XLͅ;=z10)u,\\E4\X\vВ#	\\r.=k\\7\̚F\?\'\>]\nvW\F	7&C\h~/\n\b__^^\N7\'\rtɄ\X\W\GVq|\G4&+h1}\ўҧxHa=0\rb\$6F\"K\\G\ѸF\R\	<11>j\\:&:\"\=}a\CB#n}XO6}\H>l+\\땯Ȗ$db|l\q\\'\LÛ)\\\ \H\0\sTV!`H/_p\\ZԹaXrl\85\YG.AGq\Q%9t(y&c$#2\0ÒR\n\w<FABh$\tQ䴅$p8IҐJHhADȚ\'nc\\R\K\<cK\s8r\p\rB\Qht\V2\`(,ÂFt&\O̜W\\;\'̅	\\̃H%\XB\Ḥ\ANxQμ\+L>\n-BCaaFw<bF+epn\\0\br\m`\ZĜ\\0;D\Н`Dc\أn(\<l\a\m \\05颣Ƨ\*\\r\0-1\gD5\֬\r\UX\Rce\AM\.\(Ȑds\\L\\\\\1\\G𧯰\0\0\0\0IENDB`','png','2022-05-01 21:47:50','2022-05-01 21:47:50',NULL);
/*!40000 ALTER TABLE `anuncios_media` ENABLE KEYS */;
UNLOCK TABLES;

--
-- Table structure for table `anuncios_views`
--

DROP TABLE IF EXISTS `anuncios_views`;
/*!40101 SET @saved_cs_client     = @@character_set_client */;
/*!50503 SET character_set_client = utf8mb4 */;
CREATE TABLE `anuncios_views` (
  `id_anuncio` int NOT NULL,
  `viewed_at` timestamp NULL DEFAULT CURRENT_TIMESTAMP,
  KEY `fk_anuncios_views_1_idx` (`id_anuncio`),
  CONSTRAINT `fk_anuncios_views_1` FOREIGN KEY (`id_anuncio`) REFERENCES `anuncios` (`id`)
) ENGINE=InnoDB DEFAULT CHARSET=utf8mb4 COLLATE=utf8mb4_0900_ai_ci;
/*!40101 SET character_set_client = @saved_cs_client */;

--
-- Dumping data for table `anuncios_views`
--

LOCK TABLES `anuncios_views` WRITE;
/*!40000 ALTER TABLE `anuncios_views` DISABLE KEYS */;
/*!40000 ALTER TABLE `anuncios_views` ENABLE KEYS */;
UNLOCK TABLES;

--
-- Table structure for table `cargos`
--

DROP TABLE IF EXISTS `cargos`;
/*!40101 SET @saved_cs_client     = @@character_set_client */;
/*!50503 SET character_set_client = utf8mb4 */;
CREATE TABLE `cargos` (
  `id` int NOT NULL AUTO_INCREMENT,
  `descricao` varchar(512) NOT NULL,
  `created_at` timestamp NULL DEFAULT CURRENT_TIMESTAMP,
  `updated_at` timestamp NULL DEFAULT CURRENT_TIMESTAMP ON UPDATE CURRENT_TIMESTAMP,
  `deleted_at` timestamp NULL DEFAULT NULL,
  PRIMARY KEY (`id`)
) ENGINE=InnoDB AUTO_INCREMENT=11 DEFAULT CHARSET=utf8mb4 COLLATE=utf8mb4_0900_ai_ci;
/*!40101 SET character_set_client = @saved_cs_client */;

--
-- Dumping data for table `cargos`
--

LOCK TABLES `cargos` WRITE;
/*!40000 ALTER TABLE `cargos` DISABLE KEYS */;
INSERT INTO `cargos` VALUES (1,'Diretor-Geral Editorial','2021-01-01 00:00:00','2021-01-01 00:00:00',NULL),(2,'Diretora','2021-01-01 00:00:00','2021-01-01 00:00:00',NULL),(3,'Diretores-adjuntos','2021-01-01 00:00:00','2021-01-01 00:00:00',NULL),(4,'Diretor de Arte','2021-01-01 00:00:00','2021-01-01 00:00:00',NULL),(5,'Diretor-adjunto de Arte','2021-01-01 00:00:00','2021-01-01 00:00:00',NULL),(6,'Chefe de Redação','2021-01-01 00:00:00','2021-01-01 00:00:00',NULL),(7,'Editor-executivo','2021-01-01 00:00:00','2021-01-01 00:00:00',NULL),(8,'Editor-executivo-adjunto','2021-01-01 00:00:00','2021-01-01 00:00:00',NULL),(9,'Jornalista','2021-01-01 00:00:00','2021-01-01 00:00:00',NULL),(10,'Moderador','2021-01-01 00:00:00','2021-01-01 00:00:00',NULL);
/*!40000 ALTER TABLE `cargos` ENABLE KEYS */;
UNLOCK TABLES;

--
-- Table structure for table `categoria`
--

DROP TABLE IF EXISTS `categoria`;
/*!40101 SET @saved_cs_client     = @@character_set_client */;
/*!50503 SET character_set_client = utf8mb4 */;
CREATE TABLE `categoria` (
  `id` int NOT NULL AUTO_INCREMENT,
  `descricao` text NOT NULL,
  `created_at` timestamp NULL DEFAULT CURRENT_TIMESTAMP,
  `updated_at` timestamp NULL DEFAULT CURRENT_TIMESTAMP ON UPDATE CURRENT_TIMESTAMP,
  `deleted_at` timestamp NULL DEFAULT NULL,
  PRIMARY KEY (`id`)
) ENGINE=InnoDB AUTO_INCREMENT=16 DEFAULT CHARSET=utf8mb4 COLLATE=utf8mb4_0900_ai_ci;
/*!40101 SET character_set_client = @saved_cs_client */;

--
-- Dumping data for table `categoria`
--

LOCK TABLES `categoria` WRITE;
/*!40000 ALTER TABLE `categoria` DISABLE KEYS */;
INSERT INTO `categoria` VALUES (1,'Nacional','2022-01-01 00:00:00','2022-05-01 22:28:06',NULL),(2,'Economia','2022-01-01 00:00:00','2022-05-01 22:28:06',NULL),(3,'Justiça','2022-01-01 00:00:00','2022-05-01 22:28:06',NULL),(4,'Desporto','2022-01-01 00:00:00','2022-05-01 22:28:06',NULL),(5,'Cultura','2022-01-01 00:00:00','2022-05-01 22:28:06',NULL),(6,'Pessoas','2022-01-01 00:00:00','2022-05-01 22:28:06',NULL),(7,'Online','2022-01-01 00:00:00','2022-05-01 22:28:06',NULL),(8,'Global','2022-01-01 00:00:00','2022-05-01 22:28:06',NULL),(9,'Arte','2022-01-01 00:00:00','2022-05-01 22:28:06',NULL);
/*!40000 ALTER TABLE `categoria` ENABLE KEYS */;
UNLOCK TABLES;

--
-- Table structure for table `corpo_editorial_cargos`
--

DROP TABLE IF EXISTS `corpo_editorial_cargos`;
/*!40101 SET @saved_cs_client     = @@character_set_client */;
/*!50503 SET character_set_client = utf8mb4 */;
CREATE TABLE `corpo_editorial_cargos` (
  `id` int NOT NULL AUTO_INCREMENT,
  `descricao` text NOT NULL,
  `created_at` timestamp NULL DEFAULT CURRENT_TIMESTAMP,
  `updated_at` timestamp NULL DEFAULT CURRENT_TIMESTAMP ON UPDATE CURRENT_TIMESTAMP,
  `deleted_at` timestamp NULL DEFAULT NULL,
  PRIMARY KEY (`id`)
) ENGINE=InnoDB AUTO_INCREMENT=4 DEFAULT CHARSET=utf8mb4 COLLATE=utf8mb4_0900_ai_ci;
/*!40101 SET character_set_client = @saved_cs_client */;

--
-- Dumping data for table `corpo_editorial_cargos`
--

LOCK TABLES `corpo_editorial_cargos` WRITE;
/*!40000 ALTER TABLE `corpo_editorial_cargos` DISABLE KEYS */;
INSERT INTO `corpo_editorial_cargos` VALUES (1,'Editor','2022-01-01 00:00:00','2022-01-01 00:00:00',NULL),(2,'Editor-adjunto','2022-01-01 00:00:00','2022-01-01 00:00:00',NULL),(3,'Jornalista','2022-01-01 00:00:00','2022-01-01 00:00:00',NULL);
/*!40000 ALTER TABLE `corpo_editorial_cargos` ENABLE KEYS */;
UNLOCK TABLES;

--
-- Table structure for table `corpo_editorial_staff`
--

DROP TABLE IF EXISTS `corpo_editorial_staff`;
/*!40101 SET @saved_cs_client     = @@character_set_client */;
/*!50503 SET character_set_client = utf8mb4 */;
CREATE TABLE `corpo_editorial_staff` (
  `id` int NOT NULL AUTO_INCREMENT,
  `id_staff` int NOT NULL,
  `id_categoria` int NOT NULL,
  `id_corpo_editorial_cargo` int NOT NULL,
  `created_at` timestamp NULL DEFAULT CURRENT_TIMESTAMP,
  `updated_at` timestamp NULL DEFAULT CURRENT_TIMESTAMP ON UPDATE CURRENT_TIMESTAMP,
  `deleted_at` timestamp NULL DEFAULT NULL,
  PRIMARY KEY (`id`),
  KEY `fk_corpo_editorial_staff_1_idx` (`id_staff`),
  KEY `fk_corpo_editorial_staff_2_idx` (`id_corpo_editorial_cargo`),
  KEY `fk_corpo_editorial_staff_3_idx` (`id_categoria`),
  CONSTRAINT `fk_corpo_editorial_staff_1` FOREIGN KEY (`id_staff`) REFERENCES `staff` (`id_staff`),
  CONSTRAINT `fk_corpo_editorial_staff_2` FOREIGN KEY (`id_corpo_editorial_cargo`) REFERENCES `corpo_editorial_cargos` (`id`),
  CONSTRAINT `fk_corpo_editorial_staff_3` FOREIGN KEY (`id_categoria`) REFERENCES `categoria` (`id`)
) ENGINE=InnoDB AUTO_INCREMENT=64 DEFAULT CHARSET=utf8mb4 COLLATE=utf8mb4_0900_ai_ci;
/*!40101 SET character_set_client = @saved_cs_client */;

--
-- Dumping data for table `corpo_editorial_staff`
--

LOCK TABLES `corpo_editorial_staff` WRITE;
/*!40000 ALTER TABLE `corpo_editorial_staff` DISABLE KEYS */;
INSERT INTO `corpo_editorial_staff` VALUES (43,1,1,1,'2022-04-01 00:00:00','2022-04-01 00:00:00',NULL),(44,1,2,1,'2022-04-01 00:00:00','2022-04-01 00:00:00',NULL),(45,1,3,1,'2022-04-01 00:00:00','2022-04-01 00:00:00',NULL),(46,4,4,1,'2022-04-01 00:00:00','2022-04-01 00:00:00',NULL),(47,4,2,2,'2022-04-01 00:00:00','2022-04-01 00:00:00',NULL),(48,4,3,1,'2022-04-01 00:00:00','2022-04-01 00:00:00',NULL),(49,5,3,3,'2022-04-01 00:00:00','2022-04-01 00:00:00',NULL),(50,8,7,1,'2022-04-01 00:00:00','2022-04-01 00:00:00',NULL),(51,8,5,1,'2022-04-01 00:00:00','2022-04-01 00:00:00',NULL),(52,10,9,1,'2022-04-01 00:00:00','2022-04-01 00:00:00',NULL),(53,10,8,2,'2022-04-01 00:00:00','2022-04-01 00:00:00',NULL),(54,6,7,1,'2022-04-01 00:00:00','2022-04-01 00:00:00',NULL),(55,6,2,3,'2022-04-01 00:00:00','2022-04-01 00:00:00',NULL),(56,6,1,3,'2022-04-01 00:00:00','2022-04-01 00:00:00',NULL),(57,9,7,2,'2022-04-01 00:00:00','2022-04-01 00:00:00',NULL),(58,9,9,3,'2022-04-01 00:00:00','2022-04-01 00:00:00',NULL),(59,4,7,3,'2022-04-01 00:00:00','2022-04-01 00:00:00',NULL),(60,4,1,3,'2022-04-01 00:00:00','2022-04-01 00:00:00',NULL),(61,2,7,3,'2022-04-01 00:00:00','2022-04-01 00:00:00',NULL),(62,2,2,2,'2022-04-01 00:00:00','2022-04-01 00:00:00',NULL),(63,2,4,1,'2022-04-01 00:00:00','2022-04-01 00:00:00',NULL);
/*!40000 ALTER TABLE `corpo_editorial_staff` ENABLE KEYS */;
UNLOCK TABLES;

--
-- Table structure for table `leitores`
--

DROP TABLE IF EXISTS `leitores`;
/*!40101 SET @saved_cs_client     = @@character_set_client */;
/*!50503 SET character_set_client = utf8mb4 */;
CREATE TABLE `leitores` (
  `id_leitor` int NOT NULL AUTO_INCREMENT,
  `nome` varchar(512) NOT NULL,
  `email` varchar(250) NOT NULL,
  `password` text NOT NULL,
  `genero` char(1) NOT NULL,
  `morada` varchar(250) DEFAULT NULL,
  `created_at` timestamp NULL DEFAULT CURRENT_TIMESTAMP,
  `updated_at` timestamp NULL DEFAULT CURRENT_TIMESTAMP ON UPDATE CURRENT_TIMESTAMP,
  `deleted_at` timestamp NULL DEFAULT NULL,
  `subscribe` tinyint DEFAULT NULL,
  PRIMARY KEY (`id_leitor`),
  UNIQUE KEY `email` (`email`),
  CONSTRAINT `leitores_chk_1` CHECK ((`genero` in (_utf8mb4'M',_utf8mb4'F')))
) ENGINE=InnoDB AUTO_INCREMENT=7 DEFAULT CHARSET=utf8mb4 COLLATE=utf8mb4_0900_ai_ci;
/*!40101 SET character_set_client = @saved_cs_client */;

--
-- Dumping data for table `leitores`
--

LOCK TABLES `leitores` WRITE;
/*!40000 ALTER TABLE `leitores` DISABLE KEYS */;
INSERT INTO `leitores` VALUES (4,'António','antonio@email.com','oiuygfdr456yuio$%&/(876545','M',NULL,'2022-04-04 16:47:32','2022-04-04 16:47:32',NULL,NULL),(5,'Maria','maria@email.com','ojhgfdrtyujio98765tyuiea%&/','F',NULL,'2022-04-04 16:47:32','2022-04-04 16:47:32',NULL,NULL),(6,'Rui','rui@email.com','xCVGRRTYJUAAW&%&/(','M',NULL,'2022-04-04 16:47:32','2022-04-04 16:47:32',NULL,NULL);
/*!40000 ALTER TABLE `leitores` ENABLE KEYS */;
UNLOCK TABLES;

--
-- Table structure for table `leitores_contactos`
--

DROP TABLE IF EXISTS `leitores_contactos`;
/*!40101 SET @saved_cs_client     = @@character_set_client */;
/*!50503 SET character_set_client = utf8mb4 */;
CREATE TABLE `leitores_contactos` (
  `id_leitor` int NOT NULL,
  `tel_num` varchar(11) NOT NULL,
  `created_at` timestamp NULL DEFAULT CURRENT_TIMESTAMP,
  `updated_at` timestamp NULL DEFAULT CURRENT_TIMESTAMP ON UPDATE CURRENT_TIMESTAMP,
  `deleted_at` timestamp NULL DEFAULT NULL,
  KEY `fk_leitores_contactos_1` (`id_leitor`),
  CONSTRAINT `fk_leitores_contactos_1` FOREIGN KEY (`id_leitor`) REFERENCES `leitores` (`id_leitor`)
) ENGINE=InnoDB DEFAULT CHARSET=utf8mb4 COLLATE=utf8mb4_0900_ai_ci;
/*!40101 SET character_set_client = @saved_cs_client */;

--
-- Dumping data for table `leitores_contactos`
--

LOCK TABLES `leitores_contactos` WRITE;
/*!40000 ALTER TABLE `leitores_contactos` DISABLE KEYS */;
/*!40000 ALTER TABLE `leitores_contactos` ENABLE KEYS */;
UNLOCK TABLES;

--
-- Table structure for table `leitores_historico`
--

DROP TABLE IF EXISTS `leitores_historico`;
/*!40101 SET @saved_cs_client     = @@character_set_client */;
/*!50503 SET character_set_client = utf8mb4 */;
CREATE TABLE `leitores_historico` (
  `id_leitor` int NOT NULL,
  `acao` text NOT NULL,
  `created_at` timestamp NULL DEFAULT CURRENT_TIMESTAMP,
  `updated_at` timestamp NULL DEFAULT CURRENT_TIMESTAMP ON UPDATE CURRENT_TIMESTAMP,
  `deleted_at` timestamp NULL DEFAULT NULL,
  KEY `fk_leitores_historico_1` (`id_leitor`),
  CONSTRAINT `fk_leitores_historico_1` FOREIGN KEY (`id_leitor`) REFERENCES `leitores` (`id_leitor`)
) ENGINE=InnoDB DEFAULT CHARSET=utf8mb4 COLLATE=utf8mb4_0900_ai_ci;
/*!40101 SET character_set_client = @saved_cs_client */;

--
-- Dumping data for table `leitores_historico`
--

LOCK TABLES `leitores_historico` WRITE;
/*!40000 ALTER TABLE `leitores_historico` DISABLE KEYS */;
/*!40000 ALTER TABLE `leitores_historico` ENABLE KEYS */;
UNLOCK TABLES;

--
-- Table structure for table `leitores_noticias`
--

DROP TABLE IF EXISTS `leitores_noticias`;
/*!40101 SET @saved_cs_client     = @@character_set_client */;
/*!50503 SET character_set_client = utf8mb4 */;
CREATE TABLE `leitores_noticias` (
  `id_leitor` int NOT NULL,
  `id_noticia` int NOT NULL,
  `viewed_at` timestamp NULL DEFAULT CURRENT_TIMESTAMP,
  KEY `fk_leitores_noticias_2_idx` (`id_noticia`),
  KEY `fk_leitores_noticias_1` (`id_leitor`),
  CONSTRAINT `fk_leitores_noticias_1` FOREIGN KEY (`id_leitor`) REFERENCES `leitores` (`id_leitor`),
  CONSTRAINT `fk_leitores_noticias_2` FOREIGN KEY (`id_noticia`) REFERENCES `noticias` (`id_noticia`)
) ENGINE=InnoDB DEFAULT CHARSET=utf8mb4 COLLATE=utf8mb4_0900_ai_ci;
/*!40101 SET character_set_client = @saved_cs_client */;

--
-- Dumping data for table `leitores_noticias`
--

LOCK TABLES `leitores_noticias` WRITE;
/*!40000 ALTER TABLE `leitores_noticias` DISABLE KEYS */;
/*!40000 ALTER TABLE `leitores_noticias` ENABLE KEYS */;
UNLOCK TABLES;

--
-- Table structure for table `leitores_noticias_comentarios`
--

DROP TABLE IF EXISTS `leitores_noticias_comentarios`;
/*!40101 SET @saved_cs_client     = @@character_set_client */;
/*!50503 SET character_set_client = utf8mb4 */;
CREATE TABLE `leitores_noticias_comentarios` (
  `idleitor_noticias_comentarios` int NOT NULL,
  `id_noticia` int NOT NULL,
  `id_leitor` int NOT NULL,
  `idparent` int NOT NULL,
  `texto` text NOT NULL,
  `created_at` timestamp NOT NULL DEFAULT CURRENT_TIMESTAMP,
  `updated_at` timestamp NOT NULL DEFAULT CURRENT_TIMESTAMP ON UPDATE CURRENT_TIMESTAMP,
  `deleted_at` timestamp NULL DEFAULT NULL,
  PRIMARY KEY (`idleitor_noticias_comentarios`),
  KEY `idparent` (`idparent`),
  KEY `fk_leitores_noticias_comentarios_1_idx` (`id_noticia`),
  KEY `fk_leitores_noticias_comentarios_2` (`id_leitor`),
  CONSTRAINT `fk_leitores_noticias_comentarios_1` FOREIGN KEY (`id_noticia`) REFERENCES `noticias` (`id_noticia`),
  CONSTRAINT `fk_leitores_noticias_comentarios_2` FOREIGN KEY (`id_leitor`) REFERENCES `leitores` (`id_leitor`),
  CONSTRAINT `leitores_noticias_comentarios_ibfk_1` FOREIGN KEY (`idparent`) REFERENCES `leitores_noticias_comentarios` (`idleitor_noticias_comentarios`)
) ENGINE=InnoDB DEFAULT CHARSET=utf8mb4 COLLATE=utf8mb4_0900_ai_ci;
/*!40101 SET character_set_client = @saved_cs_client */;

--
-- Dumping data for table `leitores_noticias_comentarios`
--

LOCK TABLES `leitores_noticias_comentarios` WRITE;
/*!40000 ALTER TABLE `leitores_noticias_comentarios` DISABLE KEYS */;
/*!40000 ALTER TABLE `leitores_noticias_comentarios` ENABLE KEYS */;
UNLOCK TABLES;

--
-- Table structure for table `leitores_preferencia`
--

DROP TABLE IF EXISTS `leitores_preferencia`;
/*!40101 SET @saved_cs_client     = @@character_set_client */;
/*!50503 SET character_set_client = utf8mb4 */;
CREATE TABLE `leitores_preferencia` (
  `id_leitor` int NOT NULL,
  `id_categoria` int NOT NULL COMMENT '	',
  `estado` tinyint NOT NULL,
  `created_at` timestamp NULL DEFAULT CURRENT_TIMESTAMP,
  `updated_at` timestamp NULL DEFAULT CURRENT_TIMESTAMP ON UPDATE CURRENT_TIMESTAMP,
  `deleted_at` timestamp NULL DEFAULT NULL,
  KEY `fk_leitores_preferencia_1` (`id_leitor`),
  KEY `fk_leitores_preferencia_2_idx` (`id_categoria`),
  CONSTRAINT `fk_leitores_preferencia_1` FOREIGN KEY (`id_leitor`) REFERENCES `leitores` (`id_leitor`),
  CONSTRAINT `fk_leitores_preferencia_2` FOREIGN KEY (`id_categoria`) REFERENCES `categoria` (`id`)
) ENGINE=InnoDB DEFAULT CHARSET=utf8mb4 COLLATE=utf8mb4_0900_ai_ci;
/*!40101 SET character_set_client = @saved_cs_client */;

--
-- Dumping data for table `leitores_preferencia`
--

LOCK TABLES `leitores_preferencia` WRITE;
/*!40000 ALTER TABLE `leitores_preferencia` DISABLE KEYS */;
/*!40000 ALTER TABLE `leitores_preferencia` ENABLE KEYS */;
UNLOCK TABLES;

--
-- Table structure for table `media`
--

DROP TABLE IF EXISTS `media`;
/*!40101 SET @saved_cs_client     = @@character_set_client */;
/*!50503 SET character_set_client = utf8mb4 */;
CREATE TABLE `media` (
  `id` int NOT NULL AUTO_INCREMENT,
  `id_tipo` int NOT NULL,
  `nome` varchar(250) NOT NULL,
  `caption` varchar(512) NOT NULL,
  `ficheiro` blob,
  `texto` text,
  `extensao` varchar(5) NOT NULL,
  `created_at` timestamp NULL DEFAULT CURRENT_TIMESTAMP,
  `updated_at` timestamp NULL DEFAULT CURRENT_TIMESTAMP ON UPDATE CURRENT_TIMESTAMP,
  `deleted_at` timestamp NULL DEFAULT NULL,
  PRIMARY KEY (`id`)
) ENGINE=InnoDB AUTO_INCREMENT=2 DEFAULT CHARSET=utf8mb4 COLLATE=utf8mb4_0900_ai_ci;
/*!40101 SET character_set_client = @saved_cs_client */;

--
-- Dumping data for table `media`
--

LOCK TABLES `media` WRITE;
/*!40000 ALTER TABLE `media` DISABLE KEYS */;
INSERT INTO `media` VALUES (1,1,'ami.png','Pedro Neto, presidente da Amnistia Internacional em Portugal',_binary '\\\0JFIF\0\0H\0H\0\0\\Exif\0\0MM\0*\0\0\0\0\0\0\0\0\0\0\0\\0\0\0\0\0\0\0\\0\0\0\0\0\0\0\Z\0\0\0\0\0\0\0\\0\0\0\0\0\0\0\(\0\0\0\0\0\0\01\0\0\0\0 \0\0\0\2\0\0\0\0\0\0i\0\0\0\0\0\00\0\0\0\0\0\0\02\0\0\0\0\0\01\0\0\0\0\r\0\0ؤ2\0\0\0\0\0\0\4\0\0\0\0\0\05\0\0\0\0\0\0\0\0$Canon\0Canon EOS-1D X\0\0\0\0\0H\0\0\0\0\0\0H\0\0\0Adobe Photoshop CS6 (Macintosh)\02018:12:04 23:26:59\0\0\0\0\0\0\0\0f\0\0\0\0\0\0n\"\0\0\0\0\0\0\0\'\0\0\0\0\0\0\0\0\0\0\00230\0\0\0\0\0\0v\0\0\0\0\0\0\0\n\0\0\0\0\0\0\0\0\0\0\0\0\n\0\0\0\0\0\0\0\0\0\0\0\0\0\0\0\0\0\0	\0\0\0\0\0	\0\0\n\0\0\0\0\0\0\0\0\0\050\0\0\0\0\0\050\0\0\0\0\0\050\0\0\0\0\0\0\0\0\0\0\0\0\0\0\0\0\0\0\0\0U\0\0\0\0\0\0Ƣ\0\0\0\0\0\0΢\0\0\0\0\0\0\0\0\0\0\0\0\0\0\0\0\0\0\0\0\0\0\0\0\0\0\0\0\0\0\0\0\0\0\0\0\0\0\0\0\0\0\0\0\0\0\0\0\0\0\0\0\0\02018:12:04 19:08:26\02018:12:04 19:08:26\0\0A\0B@\0F\\0B@\0\0\0\0\0\0\0\0\0\0\0\0\0\0\0\02\0\0\0\\0\0\0\0\0\\0\0\0\0\0\0\0273011000018\0\0\0\0\02\0\0\0\0\0\02\0\0\0\0\0\0\0\0\0\0\0\0\0\0\0\0\0\0\0EF50mm f/1.4 USM\0\00000000000\0\0\0\0\0\0\0\0\0\0\Z\0\0\0\0\0\0r\0\0\0\0\0\0z(\0\0\0\0\0\0\0\0\0\0\0\0\0\0\0\0\0\0\0T\0\0\0\0\0\0\0H\0\0\0\0\0\0H\0\0\0\\\0Adobe_CM\0\\0Adobe\0d\0\0\0\\0\0			\n\r\r\r\0\0k\0\"\0\\0\0\n\?\0\0\0\0\0\0\0\0\0\0	\n\0\0\0\0\0\0\0\0\0	\n\03\0!1AQa\"q2B#$Rb34r\C%S\cs5&DTdE£t6\U\e\\u\F\'\\\\\\Vfv\\\7GWgw\\\\05\0!1AQaq\"2B#R\3$b\rCScs4%&5\\DTdEU6te\\\u\F\\\\\\Vfv\\\\'7GWgw\\\0\0\0?\0aFcrmc\\\\\=\\\0wm\0\\J\u{\6[\c\`i}nx\}\\[\\\Ov.J1\\ZN -\k\\"5%\\f\Y\_\o\\Ym$ٰzh3n\g\ٿ\!\.17\\0\+\c\'|\\Uo\eu\\\Zִn{в:G\בQT\1-{\a\\\{]Kwٖ\\]$\\U\9s6?ԱWv\X\]\i\3\"Q\{&\|ӽ:\k\Z\5$.yֱ\n\\\ն\\\{H\.{]쮯F\\gO\8\tM\mk~eya\ϧcr\Z\\Z?s[\zl\0&\(\ױwWS[\\r\s~\m/\S\'ŧ=\\\{^Y}o0[ak\{,;5\(՟kl}w{\\;~\\\0i:\rx[EW^\u\mah`\\\\F\o~& \\\5`K\\ƍ\zʙV\\{9\(-T\Az\zR,\\\,u\K}7\^\͏\M\\\\w\q4=\0A5k\\m\0iЬ\\p\'i\,,\\\uz\\\o\0N\\Z~\\Xpsj%>\V\V\W!\\"\\+\ލ\#\y\F\<\,sKj\0{=o\+\t*p\/\\r\\\kv\7o\W\ZX8\NG{\}Z\hA\Q%X\+Nj5SU\C,V\\"dR_\\۪V\Ǻ\\jms\0kj.\T&hs\\\$F\5\K\\Z^΃\3-s\"V\1Z>?C\e\s\\0\{t\"3u\Z\\G\K\1\,`\l\};z\}/k}\	04G\;ܠ\Z\7kX,v\nͩ\c\\,%1ᎤW\G	Y\=@\;հ\܇Zv\Ǳ9\k7\o~\\0C~\2uv\`qk[h~̯ZǱ\\\rN70i6\K\r\>\kݘ*\'\빻\Ym/6>\rq\[?\d[e\\{F$.x;W\}a]V?k_m{}\\\{,-\\g\\\vkN5\n#q\A\\\0P\\\M\\AoT\&fo\\ezO\_5nhk\\mv\\;\ŷV\\\\H\zͫps\ͻ]\}\e\+Ei\\΍\Iv\"-\c\\Z\z\r\\k\ݍ\g_v\d:\-\p#ݸ\r\Z\k\}o.\0=2Y\XX\\_\0\\q\\=\m~/\\}\0\r\3#3YsuU\jOk[ogӡ\0ً/I\\0\5\uv(1>^kb\S!\utPw\w~˿\Z{GչR\^X\jٱ\cB\R:]+\'U\l\k}x\e\\t7YcH?>\N\ O\w\\P\ ƥ\\K\7>5<\YXt2\\\\t8A{\0\\un\XT\0\7\mL\X=\En/c02\\OFŪjXy\صfbX-ǽHW{\{B\\\'5XpBpLS]\r\V\\2	\لF\p\\&c\\64$\\Z+O\Y4G\Z\"\\0D-d	:^\0Nĥ	\'O\nY8@I0>\E\]\c\{r\\\AmuRv6gGn\0_RŷѺKLLr60$~ŷt22_s~ϑ}q܍\0\n\o\+_Fœf]9o6b\\;@\ry\rٹ\0\]k\<?\QՌ\Ή[b\Y`{\'M]M\dW\?C+\=3o=BxR\ItY[\?\zMgsz#\iwZ#W\IL\\J9%\3М_\\\\)\pggIZ;Ujʰ§ǰAU\-Atv\:\v֨P\HX C{\\\ 窫\p^\7õ;\\\\\\\0V\"	\iӪgfN\\Y \^\ڗm\\jL\X\{+X\ƃ}۽ޫ7\\[b\\\\\w\l\0Vq:.]\c,p{6\\}QWf\\\0©([~,\Cw-c\]\s7\NEw1dÁ\"G\\\/\7&\quM}}m{\繯m\"JTJrbu\V7/Ȧ;@,cA\9Ɇ]S\uOw\\\*k\\Ӻ_\=\\0Ƭ݇Sr,Y]W+\\{\\ѹ\c\>\R\.\Ev=žYS:_g\=\0\~t\\rS;\\\qO-\m5>\\\\`Q/ղ\=K\}M,I9Jޛɩ[9\[a{\\\e4ౝ9\$ho\W_Ӿtewz>ϑOfΦ\݋;幘dI@H%_zF¨\\X7\\(T\\\\.((/*)\ٝQPgTF۬*\إZ(\ZVvwO\\\11\ac\Zl}C\07\m\\\0\0W\\@Uʖn#zn`\?C\\p\\\\\0KS?\+\,*ۮ¯\ZǷi\;s\\\0\oE|\+x\\(uG\\9\\`sc׸\\ͻe_\\0I\h8*QȻ\n\q\\>}\\#ąȈϤ*\j_oJ\\9v7Cc\\0ڪlv\S \lk[E`\0\ry\t~Ia\\d{e\\\\\~\\s\D\+a=\0H\G%\!?\\Nr$\j\\\\r@\"aMjкi\\8\w?ɝ\rzgT\N\Zwj䲐ퟛ\\$\no\@lxŠ\0\\\G\.ޣ\9\k\\K\\dͳܥ\VFC{\\\0\E\ҭ\u.\ʰ\~	he\Ɨч+n\0G鮉\^}.x\yӍ/\\.\E\|B\\\DP5*6b\ ɛd+;#(\\.RkKRkb趘\z\\5\\zal%\\"ʓ,Gk԰\h!\nyAOJ$煁S\\}G\"[[\A\\0~>\+]en}?\֞}9F\[X\\iۋ^Xۈc荠pV\$\>\0\\0r\<.\E\=//\r9u8\0,50ϲ}~qyO\ݐ˙[1\$xc\\u\X\=5\iUz\M`\c \ge\"\\\\0z/\_X>\\gf\\n˽Yv\<\mmM\'\\\JF\5}\\.s\ּ\)\n\0Ski\V\WcmsH\ݭq\6\\g\\JG%\b\\Z=kw\Z1+\/\v\0mS!{L\\Y\0h\_\\R\Ǹ\X߉J_\S\΢G!͡*%\0>\3͊\\х^Ky\\u۵\G\\7\ϓ d}?܏[@쐽D;U\\r*\?ո\\yRj\4t\\r\f\I\rB\AQ\-jq`U\\H|ӇkC;;iu\9K\\\0E˄\?Q~\\)>;z]\G\\\=\\N;\\\09\0pǓ\ӏ\=_uދ2ƛA5\:Γ\2j\\ ǒ\\Z\0\ZUw\^?\z\9\\ZX\\\\+\Mv\z|\\7\\\'\\rهOi\\0K_\ͩ\\f\\r\rd\sOZ\\G\,LO?2\fl@\\=_\\0UYcl86fLHQ\r5eu`mfb\\Z,\я?MSa[\nͿ\Z_S\'\ٟ\5\ߦ\\\?\\0\~s\8nzo_q\m|QUY\8\r\\GvwPw=\\\\0C\0\n\r(\Z1#%(:3=<9387@H\\N@DWE78PmQW_bghg>Mqypdx\\egc\\0C/\Z\Z/cB8Bcccccccccccccccccccccccccccccccccccccccccccccccccc\0\\\0\\0\0\0\0\0\0\0\0\0\0\0\0\0\\0I\0	\0\0!1A\"Qa2qB#6Rbr\\$%345s&c\CSDt\\0\Z\0\0\0\0\0\0\0\0\0\0\\02\0\0\0\0!1A23Qq\"Ba4C#DR\\0\0\0?\00~y\X P\n \!PA PR@\8HAB\0 8(pQ\0XE\nAT\\0@@8,X ,\0\n `\0\0@\0\0\0\0\0\0\0X\0 \0\0\00@\r0#    2H@dH\0)(@e* @J\r  \\"\0R\0pP\\0PD `\0XE \0`\0X\0\0,\0`\0X\0\0`	`\0\0\0\0Ă\0\0\00J\\:\" `	H@$\n(P\n(\\"#$\n(@@R(@J PCm%­Ztc\Va9<Kn\5\tj¢\\e\XX]^[\\㸫\Zi\R\Y\cd\\\?g\\><,&\0`\0@\0DD\0A\0\0\0\0L@\0\0\0\0\0 8pQ` HQ\0(\nH P2H\$Q]J8#.Id[\7Q(@\Vލ\(Tթ\ǫ50\\g\\2\\\ZÊ\ϑ߇g2߳[<=\\\Ei,(N3Y%\KdA\w{og+,f\,H\卞k{f\\.Xe\	ek\5k]=֔庄VYx\n\M\\O1\\Z&|ya\n\n箥w^\\'VTTw\\p\\iZ\\n[W\Պo\\\\Ǫ]-\-GUll)F|fN\\x\\\-\cjR\(®2K\ŏG^zQ\NiχS\8\aיmޣn[P\K[9Ʋ[?L\vL\0oz\Z.mZ;[S(x\\&<\\s+7ttx\\Vd\07Q\\/ɡBzr\+T*O=9_\\2u^\\\\j:|9ӆ\\s\\<q\Os\M\:Uk\VUZ8\'3L8ww^}h\vShW._Yߓypo?,Muvl\ik*\Su-xVORz~Vc{^v\7yBʮ \8)\|3\y$\pi`\0\0@X\0\00A`\0@\0\0 0P\0@\0\0\0\0p\*\0\@D	g\0piָuˇ9\OO7\gS84\!(eg\ S,\Qo\rsZ4^jK\\fYp\]г\\\TT\\ˎgu-\絛\\\\\Ƥ]N7G\9s\\c޿\hi\UK=\#\\\\˒\\R4i\\pR\\eF\Mpe\I=So\n\e\y\\\\t)\0\o\<8cn\OsP\jX鴫T\#\\\93^\ۨ\X\\FsY\\\'_Ǟ7\\\<{C\\Zz\^X\3\\-ܼE\\gӾ_O{ZlT\+\v\Y\k9K5{}GF\\3j?\U\Gn\\[Uj5mZ\4\*ՍgFo\y\\\sZbΛ\\\Z\\\֜\M棏]\zy\+<N;H+\\\$\6\9\\s\YN\1\\{\'&5ޛGЕ\5;cɗGF3:\yUKyR\\4%/#$\p)]u)\M\K8\?-<RrqO%\v4\63\l\[\i\pϮ~\毝\I?\z>,OU\0W\~\\\C9+\\\\\\#\3\w\\\\:\+\\RJ;>tǑ\.N9\p\d\o\4\\F\N7[\81\\19x\\\x\Eէy)[\\Â\\lqy\юn\\[\Zm\Z\\\.\)\/\z\\tg\\S:ǆ/{ld\?üLn8/=\/=Wˊc\;~\^|%\bOםMgWd:v=r1]\U\M:YNB)$\.W/OmO\\\X\\\~NĪIg_?3ˆ9\>&-[<WeNz_hU*tsO\\\`Y\\\gvgl耀\n @\0@\0@@\0\0@\0@D\n@\0\0@\0 \0pPyj\WiBXVj<},g\/\ޭFz\䭭1JXQ\\S<WQ\g	S\Zr\l\\e\\\ѩ\*\4\w\\K0t\\\\2\L5MJvJ#.Xߡ	ɽ\	Vi\E\(\\H\KO\K4\Sm\.Mj*js<\'g\\x92\_W#R̖V75\\vB\#mޡB\\Q<Gg&xr\OeH\\QmsB\'*\k\\\rr\\U\[\ں3\|~a״j醛Uk^\ќVRl\7\&xݘ\m\jzƧV\ZsGi<d\X̹/zV\\]R5\̵\\߬$d\aSR^\\4iSo	{\5q\\\I\f;\_\\\TK\/?\\\:\\\թM,E680Li\|ޝ+M\\&ܶy=\su\+&\:v\T{Jr^k\\Y\Z\BҍZJ]\.)\Yr7\r\\/&RM:KVM=\9\-\9\>˟\[CX\{P\\X\\\\+Şﱔ\hk:NUaMqpEe|zѕP:յ\r~\杕z0ᔥxǪ]\[\\#\\\SN\\3b\f\N_=7\0	Z7gr.k+\K_fe\\,\i\⇧ry\kPo:6vx\	\qa.\\2\\_\\\TӸεjN\wÓj3f}J\\\Q\\'#G?\jtqk_eSQqC\5\\׮\\\O\msp\;ER\\0\/\r6\T\[\\c\\\\tvnKȹK8&\=\ZKں}\5{9cŗO^+\7\\\5K\v\s\\L\c>q\\V#oV*JiG<;g,:\]ZݣM\v\Z\\$gtqL/ǽڻ\t~w\Ѫ\y\0\\\]Յ\vݧ{V;\SF\Yx\\"gӇD\I7v٨KS\\'so(\Oh\0^fxXt\ڭ\iu[U\Q\8#y3\a8$\cR\UV\+uw\\}e猙\j\\Ӣi\g^\\\׮\y.9&Z\q橣\\\խ\B\2\nsa2rO	\w\\4YJz;ۊ$s\\\\\'h\9\K[\ATyxO+<\\\\'GNX\.=\mSu\\v\\2,:,Y۵-(ԜNV\\c.>\qi\-\Z\\ks\^N|&c#\ţ\0 \0 \0 X\0\0\0\0 \0\0 \0\0@@\0@p\ʌa=\5\鷕cM֟]\Ǎ\8cnۻIRp\,p\+\\Ǣ\v{\UI\\\ԩ\')J9m?\I%\??\=>~\هhy\~/\~\ڭkjtm\}\ކ81\\Sz\\ܑ\{kRʮ5!K\\\s\N\5FCTSc\\\W9\\\;[\\J߸\\\\\\\ZPf\\JUIߡs\\gwoFR4\\'\\8\-\~NSM_\\uuS>\|\\Y\mJD\K?yY\eϥ?\3\0W\ϞORG|fk^\0n_U\x\0N\~\'1]}_\}\}g֫\\ڕ\[\>\C?˭4+Ig`\\\0\0i\\\\vk~(}ƽ7\\LF\ӯ\\\\3\<\3]i&\-in\3k4.u\5P\Z3\\u̼Xe{\4ٮIZk7S\\"\\"pN,Le+WP\\Ұݤ#\ٙˆq\?>\2\\\<;oo\_S:\WS\qe۞[\۵kF\\\ޓ冀S|xs\9x)l\EJZulٻje\\'\'͛^SV\\\i\WSfQ\prc\^*\-\qj..]*s̩\eXq\2\&\]:ƓsuyB\άiդ\\r\q\7)q\vh7U\\/UJ䜓\>H\ZLn8\\OT\!JXՕ\Zڑ1\\p\\-c\Ѵ\j\\\nSRj=\\\\\WwN⢚\a3<\\5R\\l\\U\\Z*#>o&Vj\Qޛi{%+1\d\<j\_--)wvN>QD\\\݂G\rnJS\'JQ\[L\\J̝\݄#\Ey%\\\0,`\0X\00 ,\0\0\0`\0\0@`\0\0 \0\0\n\0 \\"\^ey\tKJ5X\Ni\6W&S0\Z\\⢩Zg$rǛ<&d\\F!I\\wU\޳_w\\?f=__k\x\355\B{X\0\~\j\\}|ׯ{N>/7|<}!S\?yr\0n9èm\[e\\N/2[;A\\\4\!$\_>y\\ٍ{}\iѪ\'d\s\\\QW\n\TōqOl\}^\\[V]*RT0\̙\\/rK\k\\S\.}%J\I\S\\<X^$\^\\MiN\7I~vm4r<\\n\cw$4mR\m-)+ZL\}GVg7qJ\(X\ӷʂ\\\&y\LU54\wkNڥ\n0\&9\\2ꋭy;3\\n\j\iƜ#ӗ\\RK}\\N\0LSN9q%&\\wxdY\\%I\8x\aXoܲVW\\\;JqO+=	yaw\dE=2ΚmMw^\\\ny]\55(ӭ\Z\\%2\ª4)Q\r*qwo\0X\0pQ`\"\0P\\0XBA\0@X\0\0\0 \0\0\0\0@\0@E\0@\0\0\0D\0*\0\n@$~~P\| z7?\˿\X\\k\T[Pw^\Q\?S\\\5f{;\/\]w\~9|98\\Z\\wl\Ajn\\n<<={\Z\;]>\jrs,\͖x\o1\RjS&,4r˸0F{\\tܺ\\֛}\ZN\\#\-l\﹦n%E5\љjPKH$E\n,\nE$H@d\0$\"(:KOU\\G:a\s޽\;j$@@@@@in6m5\]6_f+կaRuN\fO=\\r\gZjT\T3\H\%l%$Zih\^\\J5\Ӧ\%\'p\/-\R\nt\ɧ\e \0\0\0\0@`\0\0\0\0\0 \n`\0\0\0\0\0\0)\@\0 $	BB`@)\"Q	BJ<\cTB>Ip\9\\^.?ur\N\Z\\\wT*ނ|e$\YwJ2|\0\\\_\U}j9K0\莙\nc2_wsbm$aO55*B\MB+\,\Z\mT+Ө\5dYU[\zFX¥Ov/\7\rƊz֟V\\\\.k?\\\M\:\n\Z\{mN\osuOL\ӃQ\h\ӭ~w\.Q0\ˤN5\({l(TN\#R{g\GOzw+=]\;OkO\0sF<de\==[Rlpԛ\|\ǋ\t^\UHBW\\K\{<5\BkJe<>%cg\u:СSFM%\r.]Nxq\z|Զ\\NQvBQ\\rxS\rÏ>So\6\e}\'O;υr\\gW[\\tlp\㖼\\n]WqZ \	Ք:µm2\n\SKOW\'$kv۫\\kOf\؎~\\\<94{\nzʸ\7>9y/\1\]=8TNYznџS%/\\\-+\TEғQsxY\/\T\\fkwoJӞJt\gRb\	\\\ztN  \0\0\0\0\0\0\0\0 \0\0\0 \0\0\0\0A\qTP\0  	FH+\e_\"i֥RMB$\4M\\ljWaUSXf6ͦ\U-NίysMk2ߑ\g5\ꌬu+K5mUMÞ|y\DvG5q\jt/aZTTE\+3\\\ro\%\Z\[\PM\rgŖtԙnmҾ(՝X\\\\*\;_M\2\N\۪꒰N5y\G..>\0r\\u:Wvt)\U\\ܺn^>99[\[ډ^\xARUr\z=7GN_v3\ކ\j\P˚VW\\Æ{5:,Z\7R;iCj1{&\\x\\\\\d\j\\\\{^\\}\\u\n\vn\¾uΧ\rLG\qόǧS\fjԫe{*\'64q}D)a\á\\\l\\ꪣ\Z\\:r|<L\\\\ӌʊH:>w!=J\\\|\T\\\\pKӖS\yq֕\rr\zT\.7x:I\˭;o_\n\J\%^k\'>gV.^ZKx\u(Єi\\nQ\{+\Y\6\\O\Zj\u\u\'\"\\v}cMOG\Ɍ\=\03a\\8<de\{OoO\0sC\\e\չw\<2\x^o(_fl/\uNiֶ\\\KIo\K2ݫMiї54\0Ԟ\~v\G\\'^뿣v\0qx~̾WF\o\0?<[[{>u\\7Ԧ>\\_\q|r\ѿFe?7\\0qZ{5q\\05\~0{\0\\0wC\|\\\_f\0\u\<\0Qb;r5\'mR=?y?\'\xgdɏfn\VZ޳rt$y\\\5\p̧{6\0  \0 \0 \0\0\0\0\0\0\0\0 \0\0@rZDR\"H1\~Hn\\Uoo\II}7\r\\n\j\\+d\}7\0\;\Vҝˊ\ZI\Kgqpr[ǌ\\Svk7UsigFp\*H\\\\<\WvGFJ\U\\T\\f\\\\W\\E]Z{y8\FoXQ\L\\ĝ]\\jvwvthBb\]\W\\\Ï+\<z-,5*v7o~\2ϓ+\?jLZ\\vΕD\73\\Õ\\\g\l\Mt\-d*1T..\Z\0\$\ti\K)\B*+	lr\x0q\\o\\MG\}ǳ\\#*\念~\q\NK>EtK=a7i\\\\r+VbNmf/ȼs|wKտ\b\\\\>\\ٗhմ?8>/.\,\i⇧\\\g\\_\!\~\\\ݢF3o\\jO=^\?0]_\\Q\\u\\0/z~\r\0N??x}	\iZ\:u;CƼS%\\zyi\:k-:\SҕZ*Qǃ~g93\FcM\y%\I4\\\Y\Yߴzb}\\d_>\MS\t\J/8\{Goy}Z\RrYX\\\x^<2\$w\f\\pY/1էN\\\In\"z|_u\9nuj\nT\JY<\QpǊ[\n\\\E\n\B\5>QY\c\\1\ڹM\̻Am^\IN)ԟ[VÖ8\L\};\\\V0J^ir&\\Y*Z\Ք4\Ɯ\"\7\.Gi9u\5;h\\R3͖]V֤ҼWVuh7.9&7\YcjTq\nv\?sv\#ӟ/Rwfc^T\\\F\')xycnIɖ\X\8^yoZ\\\Nqi\~>9I׎\O\\i:d4\e\Ro3X\˓]&5=մn{ъ:c\;k)\r3MPt\)I\S|\9rr^Ki\aPЀ\0\0\0\0 \0\0\0\0\0\0\0\0\0 \0\0\0\0@\0s`\\B*\0/.>Q7\\qG\\s\\y~/\NĿ#\\\0C\}\/K\?\j*5*(VK4\{\\˗W);{Fw^,/d\\T\\\\d\\\0\r\V\\ZYE\\j/iyxs\0G,LWPV\ƕ)wRk^K3\\ߥr\o-m2T6[~l\y\\ɖIdI{\қNx\y\J\\0?$\iK=\u\`cWе\g\h+Jw\ӍIWI8ӌr\\\\t\\\\㳳\\Wv]TS\\vkr__T\\iY:ڤ\\\\es\\ͷ)wh\\nJ4䢲\0^,w\\q\\y\rCP\4YJ(O8\dy\"\x\,e\K-\+	P\\ZU8\䲎|Y\\_xKlg\;JT\(\Ryx\pg0\urz\\\8\$qi\Y\\¥sNiJIfXg.\\2\nws\Z\\4mT\M~&9y>%ZkZF=>ҽU\Y7\\\wMM6\\g\iQ\{\)qg\'&w\O@¸-.\R\RN1^\Z7yaw\|igZ.uj\uZ>\\	}{WU\"\Z^\\\FfYId]\Z\\\i\է\V,+&ʥjVeV\'\	l\\ vI\:lNreQm-\GRa;ǹ\ZQԍ()rQY3\\7\\?`(P\\0\0\0 \0\0\0@\0\0@\0\0@\0\0\0\0\0\0\0\0\0) *\0?5\aOJN\\\n^^O\xg,Xt{%a9b|<\Fx\?ō9\\ZáJ7oAV\,wx\z\\\\եqm[Kh\\\\\\\)W,wݖYVqUׯ[iɮCSqәf\.\'E=\e\St\\Z\*S₥\8\ǋ>;lj\+\nRUTܷo\\K-\Rc#Z}\cw(7Z\nY\S<=;캛\8\[\\\*kk}p^zw\׻:V)VhRjOޒ[n٫U\Z\oJ3s8KKvQ0QXI%\TRy\p\0`BP@ @8(@`( \"\n   \0 \0 \0\0\0\0\0\0\0 \00\0A\0\0\0\0\0\0\y\	pA\\	G\`\\NyQs\̜6]ZLf\v$hdb2H\"P\ %BP\0\#֥*jE\\\\躺\\P\0DJ \"7\JY\nm7M\+\~^ZD)K8\ߩ\d\L<AVuY\\I\\\vg//\\oG\m\[\yyrWL<=CD\"( \0   \0\0  \0\0\0\0\0\0 \0\0\0\0 \0\0\0\0 9;@\nE\"%̨\ (uIZ\vj\\Vg۫\\ݭV#ogʯ\'N=\ۼBZx҄e%\osivѭ\U\*ZF+T\\.9Lk-0\\\a).IZUjӣMά\.nOIoM\օD\cq\r\\jmSկ8ӄi\\O\z7.,db]ZtV\QsV\9\><Vv\\kZn]\+\\,\r]ckѺkN3U({ͭX\\d\\\\.\[\\*5Z\P˛7\\o\Jw\(Z\w1xTb\ϡ:|\\\ӣk\Z\5isy3\\ѫ\\\\Z\K]2\\%KߓxIX\2\\\o\ug*KI\QOc<}\Z\ܦ7nZz\mB\\\\\'I%9X\fVM\t٢jw76чyK|\c\\\\u\\\\\\\j,4\u$\\p\:KmmF\Z}>\Ui\sc\3\e\i^S\+\\\{-:\&jLp\ef\\\ѥ(UENX_\G.N\\~\H\O?[\\U\Z\n\n_GN-\+9xyteu?z\_=\\=	\m}PJ\iA\VnIx\7m\oh兤l\\\\-ߛ\y\\\rj:L \0&@e>@@@@@@@\0@\0D\0\0\0\0\0@\0\0\0\0\0\0\0s\\(H 2@(\"(QB2HP^ԫ\wm#^c\\<s\\\c+gh.exCF\H\\M\K\9\ST\ԩq\ҲS]ç\㎧)7?}է-k\JqckV*<Khzq\)Inv^\IУ\\n>S\yy<jnG\+\VNnj5!7\L.<\\ӯ]\ghN7b\:G>	:s.^c0zWRy\vۑ\\rYS\N\v/K\amm99q7\\\:\\MGP\mmn\Z5\"\&\\㗄\I\\ډ7Ռiǚy3v\m\\(pCݗ\\y\&c\9\\R\\\Vgǉgcӕ1>j\GaڍF0R\%4NK,I\\I5O\^O\\T#\b@_\ڣ\\\lr<W4vsU\0&)t\S//\\\\t\^ѳi\n7я\Vwﾣ\\MG\y,\\\Ϯt\\\xG(Ծ\C\bOS\\X\\\~\B~O\ݫ\s\t\._S<\\N-\\:-Q\4g\Z\\I\k\\\/E\\\\\\q\Z}=FVs\o\q,۪8ӧ\ZpXV1\ʹo-A^\JU\̶_k\z}S{u	D\0@\rͤyY\FXN\(FYf_d\͏j\&׳\\R\u\0ܔKQ\\Tcİ,\\OO\ۢ=\Iy<\\V.\Z\\M5$f|B\\fhO\K\\nE @\0@@@\0\0\0\0@\0\0\0\0\0@\0\0\0\0h<\\0 HH$HQFH@%;\0\_\\c/-W~\\8\~hʧ\/\0^O\l\0Lo?\_\\c\'\OlAr\d_K\;3\siR\$\,\nL1\\ym\\Zߤ\0\	g2i\0\\\~(p|~\}_\_EYeM_=jZeS˕X\y\=7lޝ\ե%B\\g\\nMx~l\9YՏ\<WeKWiUG+z\p\xN޾.\d\Z\y|\[\=Y5ZO\VP\\b\6]\\\X\R{9u\\Xܸ\,vv\U\"R\),>~D\\c\\\0\\0\'/Ɋ\\\\0j\0&)t~Lr\x=*\R\Or\\oӓ2\\$uj֩NR\Zkl\\c\ӌƮ>knF5\Fs8\M\Ť]	ɔc!\'ztz\\YҜi\<2kg\3\^<dY;֚/j嵫]n\L\xLr\j˸\Ѭ\\ԯiS\Z}WrgL\\]CVԫWRg/w\cx\LX\6hmݼ/.n1ڌ_x\\\'W^OPoQjS\\\|I\C<Go\\\\     \0 1\9NJ1K-W\Z\jQvd\9c\GVm|K>$=\-l\:	g{ۢsOs\\7FuU\\c]q\\$I|.\J\x\8\\\ŕVq|3]\ڛ{h\ު\\盛\:̟cNjqRN/Of#    * \0\0\0 \0\0\0\0\0\0\0\<\   $\\Z\n(\\0(\(P\n(@Ccu^͜\Px[\z891ǫV2^\\\W0\O~\58\\}Λ\[ӫ\\\ܪ\\ɏ>G\_l\\\\\8u!{%䗎a$\NCR	I\1\\ǝ\.m\Q\\+\\PzӠF8\:\i%c1\\ߨ\~\sk[\yqc<G<3\}\\ݝ_IQe9Sc(/%㻅1ҩ\JV73e\\̝ve\;.i\iٻz\Vj\r5\76YMxIކ[\4U;\Zxi\,\lN\m4\ʥ\U$\9e\reOD¹\X[һs\niV\K<\[lաeoF\w\F5j{\\\\7l\\'\N\\\'oNU]\r\\[5!oFIT8Fs\\A(ӧ\'(Se.m,d4\\a\60$CA\Y\@J ,`h%ЀJ\0\0\\갷\Sy\E\0,\ծӧ4\\\\'\},qӕm\\\G^cE\\*\0\q\7Yp\R\\8^\\`uCN\\2\rim\Ma\\P\f\+SjS\\:\\FuQU$\SOҵ\pN	QR|2~U\\\φ\[}<d(\\5\\\0 \0ŀ@\0\0\0\0\0 \0\0A\h\02FJQEFH$,8\n @8P\0@@@ EDP@@@@@@@@@\0y梴\\'8\՟z\o\ʧowmCmwV\\\Y/kJ1\~\)Kw]\1~RhD\<\\\\9~lfNc|\\%n\\Z\)\\q\V1/\\\}HҪ\\_OU\\\\\\3V]>ڕHU\Z\	,\KGϲ˪\\\0\0\0\0 \0\0\0\0\0\0\0\0\0\0\rQ\0\"$PC$PBQFH\n$P @ EBQ\0X            \0>;uRॖ,pO5+\\m%ߥR-Bם蚉\}Ž(ҊV8\\\MyVx.ccR	Edi\Q)UR\G:\;P\z(\\|K}\\vѝj*2[m\\\O#\;}*\YՖ\\<qu?3\\\\k\Zty[@AT\0\0@\0\0\0@\0\0\0\0\0\0\0\0\yZ\0@ HE 2FQFH\"(@QDP (@P@H\"(>MKUKňz	.\AB5%ճ|\\oD\\\}v5\%w`cQ\\%2\y\Zn1ouų=d\q.(geM0\7\rV\re\\\D\0\0A\0\0\0\0\0\0\0\0\0\0\0\\JP($QEFE\n @E	BBQ\0H@EDQ\0\0d>\f:\l\ԏo\ˣQrs\\^O\\F\\\JzI?\nRR7-2N\%Zv\_\uXJe\\Ս3[<}lj<\=W\O\ڕ\\\'\N2\ES|\ж3\N\\\ټ_d#d\"\n\0\"\n\0\"\0\0\0\0\0\0d\0\0\0A\m@%	BHdTd\%\n$P  EDP @@((DQ\0\0\0t\"S\e5%Z=ƿ2tZεkF\8\\'зU\v+\̮\\+-\\\,f\\uRuS\5H?Q\Q\\\Zv\\ҧ\jԝ\1jiԊȅpYԾڅzK\0\k\ZB5ub|,䝗\\8\$r\i^h\wU\R+\nyO\t\gE$-ζ\\>ϲj\\\y\%\|\Q|G\\_P;H\"\0\0\"\0\0\0L\0\0`\0@\0\0i<l@ Hd,	B3EFH	(@@QDP\"@                 \}[S{S);n\N43B+1\}t%SjJRq\g;㞼F.cGDRQj\>kӯl\4t6V5\7,˓\&p\\Z\&>f\\2\\\\\\\gMw]HQ+	N\\\ÿGb\\\\-;e	9\o1\ۊ\^7V}\8O\&^m\i\xGt8\|\ZnJ2\\F^d\\'C]:x\m\\>O/|sD\0@\0\0 \0\0\0\0\0\0\\(Q(QFH$X(P	B$P$@E\n(   \" Jz\*Ki|#\\\Ohӌᆲ\ĭ֛YP~܉\\*zd[\iÎ\:\U\?\\\\kLJ*]͵\x6\\4\\y˗g\*i\^v+\Z\8\NԾ6i\Zu唛+:gmg	\\\\':ss\\\\\yyzP\0D@\0@\0\0\0\0\0\0\0Q\0B2E\n$\"Q(P\n(J\"\"(   (          \" @\\\缏\\a/i]_\\.\\ÓM9.\(\-\&2nG\rh\\\ze\]^\ڝ%sn\\X*ᒔdh\i\A\\5GqUpU6\\V\\qkHf\(Fi8al,O\\\7\Rg}ݺN \0\"\0\0\0`L\0\0`\0\0 \r9<͠E	FE\n(\(JBP\nE	B@@E(J     \"\"   \" \0 >wT\\\ZN53ׇ\\\Ҫ|</:Dz}\Qӕ\y\\\kz|\l\\ni.5=۞e\ɦk\\h*T\\$\Z\Qq\hcsYF;@<\\.,,K8Y3Sn:H4\c3\oNT\i\y\<\rH\\?{\gw\0\0\0\0\0@0\0\0\0@\0\0򶀊 %\"dQEFH@($PQ (@	D@      \"\0\" \0  \"+[\(Je\e\m<[Z\4块%,5\hۚ~MI\]~eO,<*n\04\RKl\go\	\,C|/6]\r2EʝH\s\]06δ\\\Iɾ\k&\+\yjKg\E\+Ui\'߼Kw\\i{*\>8IӔiE/yc,\\\5\=SȀ\0\0\0\0\0\0 \0\0\0 \0\0\ZO+hQ2E\n(\(\\n(P\n(@QB@J$ @E\nEE\0\0A\0iZ\(<|K.7\2j8ʛn]Q\\\U\˃\o痢\NS\J-\\Z=#\9\\\rxO.\ZJ\ŽZ{\+\d\bƺ6rJG}}F\\]M\n0\21|4$\w\t\⨱._f\\\hd Y\B\0\0\0A\0\0\0\0\0@\0\0\0\\(2E\n$X2EBP2E\nE  +ڗ\mBUKSr,\Zյ=\J\\xTp@\⚷XԃSq,^\sgJ3()K\iէV98\.y)MBRi$\x]\RB\`*T(9Ԝa\O0g(IJ/O)J!\IG\\0N\\2Qy@ҬV\\\x\ZУ^\ʔjԏ8,ХqFU)UjK\\_Ⱥ\jԨCHSq<	\eFqRR\4x8Yk;\\rU\\j\n\rXxy\*\m\U>\'\$Y-\4R:ϔWʴ\\\աR輧\{T\'ZTaZǜW\j6\E@@@@\0@D\0H\0>OU\uI\E:s\\p\=9oe\(\?q\[\\\q\^iMʕYf\\\r4.j\EVO՚N\n\\\\Y̟7l\r]\J\y\\ms(IxK\\Tk:o\nM9gϗ\΍=_S\i(\NY_R\\'\X\\Y<-!\E \"\0\0\0 \0\0\0\0\0\0\0\\* hdHE\"@dH@H\0>\%,,\+-kWXV?!Òg٪5{pT|\\<^F%躶[NN^XR\8D\\\l\\G٪\\\uSh\lOe\\ONڞIU\\\N\\\\Ȼ꧲ol[<eB-G+}\\.L\٫I\0eu*e\}~r\\R772vJ|.1ms\\o!_*RQ7\ҎO^d^ĩ\FT\<\\KO*<.^\7\WT⤒O\JԡerS\O1>\Sb:3V2X\\E8[ףiuIF7\'F\Ww\4\\q\'\\\Sos_\(\\\MIV\\齒O\m$ݝ7O\\T\a.y\|L\t\>\5(p֨Sʏ\g\:أѨZR~/$=\\rgEfW0u>\\Z\\0\{:\*7\*\A\\\E,\9\]W1\4e_أ۶\R\\](G\\?\KvӞ֥H^jU\0{\[u\\{N4t6\"\JO-ۗ?,\0g{3%..G\s\^;\\\\/)IE\0\0\\-=\U\[w\sk:qgӐusS~\Ќ\\\\\ASria?~l։]796̲+vT\\"hm\\\ά{\\'\'\\2\qq\8;:w%Mp\'\[ٚ*ka\6ϝ\ox\\<,J%J  \"\0\0\0\0\0\0\0\0d\0\0\0\Z+hH@dQEFHE\n$;j.\\[ΜeN2SMy|\rK5eM2\\*[\3Nr%M</Gm\Z^ġ\Ui\%?\\\Zz}*5V\$,M\kmx\\\H7*j0M(\Ϩ\m\r\'Ztե589-\LK6\FS\E)O}إ\EasoZWTm\Opq4\\b\5\ڥkwIT\e,s\-\#*\\\n\K^y\\j\J^\S-/u\c\E߄ѣm^w\\*nU,\g߮\ojeu*\\9ӷd\\~[h\Y\Vj\n7o]\曔T?BK\'}3kq\qm*~*jS;$\Ē\=\4\i\[ʝI\Ԕ\7ۺI\Z[\u\Z:T\\Zc\^\esf\Yҷ\U9Sk>Qk	uvh\\SWJn2*\~kp֩ݡ\\h\٫y\U-[xўSO.e\ݻ4\mgY]\\ֹ9*x`\ן2[\HH\F\\+zI\\\J.9\=\\"\;ؚL\H\\0\0 DP ??\\\\4*O/#\eՌvi=FJ\\\\`\#;nW0jU8[7\Kj>,qg*\\7.ԔhJ{\\\r&\T\g9\\_h\\R/^X\4m٧[ʤIE\9\Tc6}\nV|K8>g^\@Q	DQ@D\0\0\0\0\0\0\0\0\0\\0 \0\rgQE	`QFHBQ	FH( %\n(@QD\0@@ @E\n( \0 \0 \"\0\0\0\"\\rgw)p\)\0\\{8/doe8I=\7;\\\0t\:c\'5$\L\Qp7-SJF[\\\"vN\+7\\fnML^\\#\\\t\kW\\%\\֞$(\\\\DP	D\0\0\0\0@0\0\0\0\0Q\m\0R$PB\(@P\n(\\0\0H@@AJ\0  D@\0\0@\0D@2EY \Z\ٵ^\6q)$X\^\"n<{\rW5\Si\'\.rKf<w\qN\',u,yl\[[Vt\Z\\g\i6S\\%\\%٧gX}\\ӧmr\\ec]\z\\Z~owI|.\\\,\\\ԍN/\<\\\T7Rr\\~\\s\I+mzF+g\Z73u(\\n_\z^M3\^_UF:\J3\|\e\2*(J%\0\0\0\0\0\0\0@\0\0\0@j<̀\"!E\"d\n(\\nE \"Ekj\\"\\C9\mM\2{3/}+Z\\PeSU-7)\ѽխln)P\\UTc\R\\[#d\n\nvRmV(m&7\w7T\Իm.N{m.6ISmtu[J\3UhA)IcnK\\nkmvz\\IS9)\.\\2M\\\\n)Z?F\0\?\0͛d\\jVӺlڴȮN}7[]R\\ꝵj5jcpa\sðʐ 5ի\n4R\!)<$$\h<j\j/-aiC\\T_\o\\0\Y߻ی5D\0$\0\0\0\0\0E\0@\eXǸӮ\\?\\\\Yxc,X[N6\7mO\\\\W\ҥXӥ\c/<\\\&\n\\M\\t\5[\<\Qt\e,\l\Z\\i\̺F\'1.RyxW\x*)-\\0nq\v/%x:\%9\RR{5=\>6[\\~d\\qv\ydq\$ɯP7\\\\ˎqf2\Yl{\]ѻ^?\\\\\-/\o\j/\{?\Şcs)]5Y\@ d$\0\0\0\0\0\0\0\0\0A6 (\(HEFH( %(\\\\إ\=C\\X7\\\=Y|sڶkmm\Z\Oq_ѯ\\05I\TХ?;5vB\C(\\_xu\7\\\w\U5\RqySi4r\\\Y\\Kj]\n+q\\\|e1\\fM\\j\ \+Ã\8e2\x\\w-HG\0X\\\1ǳ=o/\?reA.J\\"}?sZ}\o%IA<\8\\\o_[NJt\5\I3\\Ȣ\\-9Vvڷ_\\'^+\\L\\\{i-B杜WwenԪ\n\'\+\\\9t\o\[,#\r  \"\0\0\0\0\\\(\mN8\\\"\r \2\a%%\Ie]{6\sVe\\!<\6\\Q\\\\\Vz\봲qݯכ\#]K\*\kw\\\\d{m\\gy\nNx\\sK2\sKZ{\V\\\\03$\\\\q\\r^<\\.I嚘\\\Kzts\naY\\\qڗ\\\Up\\yW:䒩]\gxG¾X71,\\'\\\,\\p{SJO\ǫ\0IG>,t\\^}@i\̹\\E(\s ڢ=\\o\*U0\\36lzv\\\\{?\\\jgcշ׭*\Z\T%[L.x\\\=4\I}Q\֛9\A \ EY\0\0 \0\0\0\0\053\\\0(@PBh($P2E\n(\\0dP@%ڕogӮ*\\\X\\\"^\򓵿\\*\\\VBia\/\\z\<\\dZ5q\}\'ce\\^\\ҕ>\\\mս}pr\\_f}׭\\L\f2q\^8sԧB\SQ*iCL=ELlL}\tKiW)\q\\\\/90r\\b\S\-[	\Rj \'{\f^\\\\/\(Vg/\p\/Kf_<GQ\*\R+k\ߋo#\\/\ݕ\%n\0H\4\c͜\V7<;\\nN\\\\v\u\V<I$\\j\Y\\RzN\\\\U:\r4\&\/\\\n \FjE<f/+\'-Y\ \"\0\0\0\0\\ut(To>*Ô^\\^\-x|)>&\3\\NM\\\q^xx\nsJY~\\M\'\(\; 0\\YO0x1\\0J{e?X@kSRĜ\\QR\k|a,lp\s\\\\\	f~\#>\\y<mOk7\@3\c\\rԡ.[\w\\9V\\M\9\W,\p:hc\9x\ʎp4%p߫]\n\j\\g8GrO\r\\(קqJ5h\N\\\\u]wy 2P\0dL$T\0@\0\0\0\0k<̀\"\n(QBȡE Q(BQ\n(@J Q\Qt$8,x	#]X\NU\8%\	rKK7;ó\]7\p<Iqat\Z-::E񤤱\\_\ͱ{Z\\Lpw\;?{jukՄ!\\0Im\\ʍF8\Kw/%\\}\SMvZ]G;Z\\/\<$\\\W\u,^D\ֽ^\V6Ҽ\pqq}\uc^\\\\\\\Ї\r\'\1r]\ZggkJ\\4(\'\Zq\\m\\iEŬ.%MԔҦa?7t\\rgMPc^KD\?%\-rQv\cکo\~o╜OKJ5U\鬦\\61\\0\0U\zv\eVaknWP#kwnPR\i~_5\ϣ\\*US̷o\zdeo+?yF\y[m\\\u\\_5헜g\I<?y[rAN;\W%\IJ>&q`c)\4Ɲ5)fI\o{JK\'\M\/\'\\	\pg;\?88M,@hR|Ot\\\\n)8KxT\-(\<+[r\5\2ߝ\0\I\\\\\0\r4]VZ}|O{iMyz\\\9\'o-cf(\\S]Qd\0\0IVH \0\0\0\0 5VDT(dP\"dJ\0(P	Gs\Fe\\j\ڙnUJX\-z:q\O\7\zRO\ԻeZ\[$_z\Q\e&\i\ZoM4\Ent\0\~\5\::KٕJƛ\\k-\,\~\\\\Wԧ\'\TFy\\e+:Vk.\ZaZ6\J)\\-ntU\*u\;Z\2,}Fw\-xxsZB#o*q\uΫ_M\ݚ\ۿ\N\\EkF;ok.-\𸿨͞-\\k]=#RRrE\\-q\'\\0+\(OW\pmz%SUg\\\\ZR\\-U\\|\\zo\:[XQE\\\I%\0\W\B\1R:Q\V\7\bn\A\0\0\0\0|h5q]PJ\_#\n.\}\\+\\z\j\0\V=\x\\\\\7(p\\G9\\̨\$yKD\Ǘ\\gvǫMa\\P\c:,$k\rk\o\\'p-@Ͷ\0b{\Rrm\M\0\1$@1\s\'\u\\NYFt<Q\M%ͮ\r=\<c*1\L8締z\/\+\0K/^Ps&\2\==\\NO3~]\p\\w\\/gy@\0@@\0\0 $ȧ$\\(@QP4HE\"\( P@ H\rWV𺷝\n\\\-piЯ\Z\|_$\\\Y\4\\ \*\̸ST\\\0\m\Zr\IJ\V:N*1RǇ;m\j\m\kiМ\KUjBX\\pg\є\6ۅJ꼠\i|:\P=!Cڷs(UZxj<K\rc\u\~\QҡFT1Qҥ:m5[+vi:i=\B1~~on{M)iu)\Qf~;4\Z8SN\j\2I=\v~%ܷѴztn\'Ns[fic\b\\[\p\\8\'Ѣ\Z궗O\\'B*jXNjKsGL{\qfc\\_SF\2i\bK.e\ݳضWJҕ8AIw)\K\ri\0\0\\7kK٨\T[cY\]Wc+\T\qcґɭN2qi%\2\?<yh-\{\0O\\\0\"}7\\\\R|[^\|Qp\P\N>_ 5q\j^oG\\\\\\\Q\]\Z\Z\\\C\\'\\:7ϐO*X^Ƕ۷\\0We_\\rs{,\5gV\ġ\ceoB8.me%Ɲ$\\0]\0\\\с\9X\\0p\\^0Au\+א\f{G\\\9|\\8o\r\\\Oꀀ\0\0ȧ$\0\0\\(PA\"dPd QB\nE	BBQ @EDAvg59҄\'\0\0\aF\\xcm\us\W5.*\y\\\8c1\H\nܓ\\2/#-Q|5\0ks\\I\\nEP\n9l/you>G\r\7`Rŵ\^	\;eſ(	\\ĳx_XRqox\\IJQM\\_ æ~\0M8g?00JNO*_wYR\\`2ے\\%Kn穕6\\\\\0\06S1&\'\j$\r\\`_,q4u\7@d\N_v\~cT{\\+8\Y 鲪\WS\=Lg7,X\\\0\0\0,dRA 6\n DQ(QFH@($XQP	BJD\0@\00<.\^*V\I~\q\o.3ϐ\y4}(\m㙤i\\\H\tsd\rҜ`)<\0)I\\.~X~)Ez|Tx\\uܽ@\>0 0J)\Q1\[\8 \\\7\\>x\00i\W\\߉xw\E&@`\\q,qa_\ M嵜u]\0O*1\\\\Z#R\\\Q{r|}@[\\M.\\)ma`]v\\n<K\\M\כ\\=@\-\\\\\rߓ\\i>΄S\\\ec\eV@\0\0Ad\0&@@05vB 4H\S$PBJ\0B\\0 \0\\\u\[^^Ux\$_dp\\\}܎\\GϡQO-@eE9I\lsYأ<ǉ\\</N.X? Q7\\?\r\y\e\e\Mu\8M\X\XD\\'r\m(-$,m\2Y\%L\rk-<I\\02g[@\\Sr\ߵa6\v\\C\nizY^\gןɀҌr\\\\\\0a]1\yc)g(oG\~_\\	\\\\yǘ\r6𺧿\Mbi\\h}nZMy\6|yJ폇iŤ\0\0@\0\0d$E$\0vD\((E\"(@\\n(JQDQ @@@E@\0  \0<n\\\\\\0\\Gn:\u!F\:\Z8{tȚFt\'aa<\U\|*Rig()E\,\"\n^Mo$<Z\\=>\0Qn^8\K<h\nX\,r_Q-\\\\\ب\)ϓl(Ƥyk=?\U\\\09\yÅ^k{w\%\\k\\ZibYQK~/\\\\<\0\Z&Y`d\$\<c;\\\\_\Z\)I\;x-\\\m\v\ρ\+̣X/.]\Z9FP\\o	Ec?I\\Rk>׳\\R>_\xzG@\0\0\0\0dLL*\\'\0P($Q(S\"@ %\n(@@J  \"\"@ @EQ@@\0@@@\'\\Z\<\q\*\QPXX\{x{\\6୤N\\Z\o\K\O\\69M8\tgYw\\\<tV\)x瞈\\㷅\N\,JXyߗ\Yve5Yiv2\o\m~^lm\.YmةІѥMz\J\\\S 5[|\@j\ a:oqJ8\-%l\r\\RMF\ds\5\2\\9hF\roJ/\(jv7/(喗\'*uqϚh]5,)asM0Zp\\'\$\Oq\\00=\.\е\\y\o\\	<\\~a\\D<00T\0᭦\K2kX}jU)Ki\"+=\\S4}\r\"e\'c\\qi@\0\0@\0@\0\0D\"* ;@\0D\nɠ2E\n(QB2@($\\BP	DP@@ @@\0@@@@@kZ4Me;q\\\\G-[^Jj\m\C<W\\\RuƤZ\9\s}\;\<\\7^i\ibk>R\\ѩlœ.գDJ\j\yu&:\\O\1\\i,K\f\WU\\\\n,ܓ{c㒃9\cº07t\\\rqysǅ/e&\\\%@\\q<k迏01rK\\\cRۓ(\NʕkqKe\kYx\`\3\\0<\b\܈0El\0m>kUX*\q\\\\td߽\n_\M$\5\J?C\\QK\>&wyZ\<6PA\0\0\0\0\0@)9\"\\\0(Q@rB2\B\dL*2@)  %\n  \"\0@\q%*M)\mH\яXUN5\\.q3M;(EJ	f焭u\8\w:Iu.\hW+G~ԃ\(ԍX:ULdٳ^/lO/k;cv\:sm`ӛl$P\M0..\'.Te 0i{ۿP3sqK|Yce\rUg1yP\p5\\h\%u>M\U7\J\ek\0R\oR[%ɮx\'Fɮ /\bIx܃EF\NkL\r\˧Z_w⻀\0 ,\0\0\0@\0Dd\r \0  @dS(QB2E @  %\n(@@J   \"\\n\0 $A\\IP\\01Ň-U=}W\mU\\포\n\\5sq\\0u7gJc$\5\/4ˎK-,̪\	q$Ѩ\c$E	\R\i\\:|N3jvb\\\\\Y\\X\\\#\ݒ{K\vn7\\휬K\\gсFM\Åx\rڷcc%\O+%\nV}\%ދ)K,¤\\rJ\\:\\(\O RFU!nI\RR\\\\s2g4eF\\0-\ 0\%\\(Ë;Ko_00\\'\\\m\\b{/W\a;\0\0\0\0\0\0 Q\Z\0@@ @$	BJ\d&PT  ((@PC, *\0,\umVq\7\R%&0rY\NYMy\}LN<k7K\Ӭ\gOdE]Òmn0\M\=K[a	e<iMX\;#4Ʋ\2ʙG.mYӒOɗz\\ұ(\\\Ny\aiJ>G/\9u:ԭ\(ч\ܹ <\\\ņ\^Y@cJ\\yŀq.Ϣ\;?f\\%?>}\чhgK)}tԮ*Ut\\\%[<c^}\f\\0\՜=\ZRF\%c\\\}`0e\|/\N\\EfMrï>\\\f\\x(f\rpi\0\5^l\e\9I\ 5\M|}\Zܗ\\}A\s\s\oP5\p5\\0F\r\\Xg;=\hZr\V\\_.H^-篳\l6\P\0\0@Y\0\\0E\'DAde\n`9(QFH$\J 9L ((\0&\Yo	u\u}boC\M=\\_\^\~\\+{qJJ1==\rU\zs\,\\r\쭩\\Ef8r!p\'.GT\ܗ\\Eo\\\^9F\\F\\H%9aR2e\c\\5\ZÌ>8c\u\nե\p\\;d\\;\\繩\kGÎ@iz\\VNX\#̖aTbuK\14;zimpwu\eѱ(4j\\\"\\rn[l\\\\iQuR4iqo.1[7\w\\ϟ\$\ZaY\ܾl^7˚_hA*q4\y\nY\\<dVwpP*աJ.o\yLed}#\ZT\N>\K\|+\\ѭ,d (\02AD\0@H)84\n   	`S(\2((rPP\0\0\\@\0\0Ax-)))z>9ws\<5q5%\}%$Le\yo gǅYA\')c\\rͥȨ8\S6r\=\0\8is\\0Tb\\	`|\^\\r̗_\Zd\\\9\\NO){rYN\4\\\Q\I|,\\ٺ-82\Ëm ֽ\4\|Ѷ9\o$W\\\M:f\\#>|\ZO<>#L*Ny<\ZsRK\XEo 2\ߚ\}`Ro\\A\vߎ$4\Y?\k\g̕Չ%@\\0D\0$H-\0   $@PH(QBS(\!(P\n(@@J\"( \0\0>w\\\(\.R>ϵ\\9\>)\l8<l\5Sļ\(T\g6Ƥ\\^\\\\\\[ 3^\\0&\xNJ6eŖ\\\rƃo\nH\ri\9i8\\,2ӌ\Oe:4\漮\%\\K\|t\&3m5	\b\D\ĶSxO`]\#E\=˨\\;{IJw\d\L\\]>\\X][Gw\\\uUHf8C\{\\\?P\Zv\\y=&\\Tf\\dI8g\~\'%F3Q2jQ&iJ@@E\0\0\0\0A\0+#H P	@r\d(SEd(!E\n@ %@@J      \0  \0<\\P\G7ms\\8\\}\ҎC\T	\nOȣ(ㅿ@%j9y\0ƻY[ p\0	\ow\U!8tZ(ٌ\9l\^k^D)o_\2\n5eU\a%.Y\Z\_C\Pk˅\gƺ̶K=V\qX\̴cZUQwjCe\M.\T%Ʀ^G\r\j2nu0E\$\+\\n8M\?\$\\Ғ,\'f\\R\0x\7)l<\\n;koi\n^\'?W\ц\\}<\H\ǈ2Xh%DQd\0\0\0\\0+3@ @HY4\"LE 0)\0@@9\D\0@]\p[yg\\w\w\7)u=lא).	\(6c\\}@7\\\\p{3\\\Ea<۸\\M4_o+\_-ɶ\|\W\0üqi\lD*Гrp\8%Bޤ\j~q\'N%\L(\p㶧\nr\EkJ9d\Z\Rq{4<6XF`0orogP\Ө-\_\7\^:.fmX-`\I>/\\ɯ\',PT%\n(\0 @2$M\" $\n @P	 \\n,	Bȡ\JS*S(ȁ\D ,Y\@\0\0.\gO\'ޗ\\,\\'\\yd\P2|(#4\0V\\ .}\0W \Z?j\>\">K\ 5\@鷵D\Q\zH(\Y\\rQ[JK.\&ǎ,\rXϐ\\res_hj5\w[xr\0@\\</\rR\0\ \ecg,Q`х5\Q>w+]\h\$U` +\PE\0D@d\0`@DM\H@ 2@)%\n` dBB\0J   Y\@\0\\qYr8~kO\\69g;<.g͏\khIÐ7E0\\F[e>[HEKEg;rս\I\ q97\\rhzr|0\\#;Eñ\\\^S܊\\>n\ZL}sd\\rn.-c(P\\e5y%\oϐ\Z\4ר\Zs1X\ӴT\\. 1\5l.@Y(,Z@@@0\0@El0\\0*\") @S @PHH0A@(\\09P\rQd2 Y\D@\0y͓8\0>>_3\'\\~\\7UʝIBqq^^\fYf\?2U\[j\@=k\LW\S\N@b\\E\Z\\g\\Z\IrX6S\?7F9|]#סUJ)&\\\1YůE\Ze)\\p6Jq\\rq$\}\0\FP\Pa~$\Z\\Qz\r@a-Xߨ77((CN8\\K\p\\֣\Ke\r>\2d\вI($P\Y4@@\0D@\0\@\0@d\"AJ @QQP	B)T9\\ne@$J d\0\8nk\Ө\xg\SR%\\0\5\0\'{Dhgt{>%\039vb\0\~1L\{\\n9\Yv/\03\0\O|S\_\J\\?q\0c\0\|*\\\_\\\__\~/\6\CT\,\\=|\\>9\\K8#\\@@)\\\dd+F<r}Qv\Eg\\7\)\kt`z\Ԏ\Zr\\\0eN/Nlr\\qA\\dj\\rea\e\Z\s_h\Z\1]v\35[4g\갗тm}G\]qV|%\d Y\!@9 S(J\'EEFEY \0 El0@D	\0(BP\0@\C\@r Y\\0e\Z\ 0\*fL( \xo*O\\}\\wxI\\ӏ\\\g&,lm\0x%\d\0)4`uB\<3\\AP\\`w\4o әrT-\%̃(\q\ mh\\\\Mz<F*k\r	U\^N\;=3W\.w\xǩ\\\	\\	  @E\!(Ǩ\n \02\n \̴\0  \n@Q2@H\\n`)P\2\@S(B,\\0\@\\@r\0\\r`\"\юLɐ6PdrQ\)\\~~\\j.&d\\e\n-EU%$\Ze\\K4-`\e\Z.(?N\|2~|\\ZuRq*9c\\\\VPR\r3IG9bS\\2Ogˠ\Z\\\,\Z\ϕq\rЧ\^\\'\\9pO+hf@(\n\0\\0\0(S \a%@D\n @@@r%J,\;\0\ 9*\"\@\" F̨\\|h\\)k\'<\}&B2\\7BL\2Pir\kc\Z\珨\r3p44J8dV$]V\\p\j%\`lQ`c;\2y\`hsMW|\ mψ\\̛\Z\\l\'\\Q\vӥj,|\\xox^\>cD\n$@(\D\0\0\0\\0,\','Foto: Pedro Rocha / Global Imagens','jpg','2022-01-01 00:00:00','2022-01-01 00:00:00',NULL);
/*!40000 ALTER TABLE `media` ENABLE KEYS */;
UNLOCK TABLES;

--
-- Table structure for table `noticias`
--

DROP TABLE IF EXISTS `noticias`;
/*!40101 SET @saved_cs_client     = @@character_set_client */;
/*!50503 SET character_set_client = utf8mb4 */;
CREATE TABLE `noticias` (
  `id_noticia` int NOT NULL AUTO_INCREMENT,
  `id_categoria` int NOT NULL,
  `id_responsavel` int NOT NULL,
  `tituto` varchar(250) NOT NULL,
  `subtitulo` varchar(512) NOT NULL,
  `corpo` text NOT NULL,
  `estado` char(1) NOT NULL,
  `premium` tinyint DEFAULT NULL,
  `preco` tinyint DEFAULT NULL,
  `created_at` timestamp NULL DEFAULT CURRENT_TIMESTAMP,
  `updated_at` timestamp NULL DEFAULT CURRENT_TIMESTAMP ON UPDATE CURRENT_TIMESTAMP,
  `deleted_at` timestamp NULL DEFAULT NULL,
  PRIMARY KEY (`id_noticia`),
  KEY `fk_noticias_1_idx` (`id_categoria`),
  KEY `fk_noticias_2_idx` (`id_responsavel`),
  CONSTRAINT `fk_noticias_1` FOREIGN KEY (`id_categoria`) REFERENCES `categoria` (`id`),
  CONSTRAINT `fk_noticias_2` FOREIGN KEY (`id_responsavel`) REFERENCES `staff` (`id_staff`)
) ENGINE=InnoDB AUTO_INCREMENT=3 DEFAULT CHARSET=utf8mb4 COLLATE=utf8mb4_0900_ai_ci;
/*!40101 SET character_set_client = @saved_cs_client */;

--
-- Dumping data for table `noticias`
--

LOCK TABLES `noticias` WRITE;
/*!40000 ALTER TABLE `noticias` DISABLE KEYS */;
INSERT INTO `noticias` VALUES (1,1,1,'Amnistia Internacional pede investigação a munícipios que acolhem refugiados ucranianos','A Amnistia Internacional defendeu, este sábado, a realização de um inquérito a todos os municípios envolvidos no acolhimento de refugiados ucranianos que fogem à invasão Russa. A organização não-governamental (ONG) acredita que o que caso de Setúbal não é único e insta o Governo e o Alto Comissariando para as Migrações a abrir um inquérito para apurar responsabilidades.','O alerta da ONG vem no seguimento da notícia do Expresso, que dá conta de refugiados ucranianos que foram recebidos por cidadãos russos residentes em Portugal com posições próximas da Rússia. Pedro Neto, diretor executivo da Amnistia Internacional, acredita que o que sucedeu em Setúbal pode estar a acontecer em mais autarquias, e alerta para a facilidade da \"inteligência russa [em] imiscuir-se nos trabalhos da administração pública\", disse em declarações à RTP.','P',1,4,'2022-04-01 00:00:00','2020-04-01 00:00:00',NULL),(2,1,1,'Quase todas as taxas moderadoras acabam em junho e outras notícias em 60 segundos','','','P',0,NULL,'2022-04-01 00:00:00','2022-05-01 22:36:17',NULL);
/*!40000 ALTER TABLE `noticias` ENABLE KEYS */;
UNLOCK TABLES;

--
-- Table structure for table `noticias_media`
--

DROP TABLE IF EXISTS `noticias_media`;
/*!40101 SET @saved_cs_client     = @@character_set_client */;
/*!50503 SET character_set_client = utf8mb4 */;
CREATE TABLE `noticias_media` (
  `id` int NOT NULL AUTO_INCREMENT,
  `id_noticia` int NOT NULL,
  `id_media` int NOT NULL,
  `created_at` timestamp NULL DEFAULT CURRENT_TIMESTAMP,
  `updated_at` timestamp NULL DEFAULT CURRENT_TIMESTAMP ON UPDATE CURRENT_TIMESTAMP,
  `deleted_at` timestamp NULL DEFAULT NULL,
  PRIMARY KEY (`id`),
  KEY `fk_noticias_media_1_idx` (`id_noticia`),
  KEY `fk_noticias_media_2_idx` (`id_media`),
  CONSTRAINT `fk_noticias_media_1` FOREIGN KEY (`id_noticia`) REFERENCES `noticias` (`id_noticia`),
  CONSTRAINT `fk_noticias_media_2` FOREIGN KEY (`id_media`) REFERENCES `media` (`id`)
) ENGINE=InnoDB AUTO_INCREMENT=2 DEFAULT CHARSET=utf8mb4 COLLATE=utf8mb4_0900_ai_ci;
/*!40101 SET character_set_client = @saved_cs_client */;

--
-- Dumping data for table `noticias_media`
--

LOCK TABLES `noticias_media` WRITE;
/*!40000 ALTER TABLE `noticias_media` DISABLE KEYS */;
INSERT INTO `noticias_media` VALUES (1,1,1,'2022-04-01 00:00:00','2022-04-01 00:00:00',NULL);
/*!40000 ALTER TABLE `noticias_media` ENABLE KEYS */;
UNLOCK TABLES;

--
-- Table structure for table `staff`
--

DROP TABLE IF EXISTS `staff`;
/*!40101 SET @saved_cs_client     = @@character_set_client */;
/*!50503 SET character_set_client = utf8mb4 */;
CREATE TABLE `staff` (
  `id_staff` int NOT NULL AUTO_INCREMENT,
  `id_cargo` int NOT NULL,
  `nome` varchar(512) NOT NULL,
  `email` varchar(512) NOT NULL,
  `password` text NOT NULL,
  `created_at` timestamp NULL DEFAULT CURRENT_TIMESTAMP,
  `updated_at` timestamp NULL DEFAULT CURRENT_TIMESTAMP ON UPDATE CURRENT_TIMESTAMP,
  `deleted_at` timestamp NULL DEFAULT NULL,
  PRIMARY KEY (`id_staff`),
  KEY `fk_staff_1_idx` (`id_cargo`),
  CONSTRAINT `fk_staff_1` FOREIGN KEY (`id_cargo`) REFERENCES `cargos` (`id`)
) ENGINE=InnoDB AUTO_INCREMENT=15 DEFAULT CHARSET=utf8mb4 COLLATE=utf8mb4_0900_ai_ci;
/*!40101 SET character_set_client = @saved_cs_client */;

--
-- Dumping data for table `staff`
--

LOCK TABLES `staff` WRITE;
/*!40000 ALTER TABLE `staff` DISABLE KEYS */;
INSERT INTO `staff` VALUES (1,1,'Jorge de Andrade','jandrade@email.com','eyJhbGciOiJIUzI1NiIsInR5cCI6IkpXVCJ9.eyJzdWIiOiIxMjM0NTY3ODkwIiwibmFtZSI6IkpvaG4gRG9lIiwiaWF0IjoxNTE2MjM5MDIyfQ.SflKxwRJSMeKKF2QT4fwpMeJf36POk6yJV_adQssw5c','2022-03-01 00:00:00','2022-03-01 00:00:00',NULL),(2,2,'Ana Cardoso','acordoso@email.com','eyJhbGciOiJIUzI1NiIsInR5cCI6IkpXVCJ9.eyJzdWIiOiIxMjM0NTY3ODkwIiwibmFtZSI6IkpvaG4gRG9lIiwiaWF0IjoxNTE2MjM5MDIyfQ.SflKxwRJSMeKKF2QT4fwpMeJf36POk6yJV_adQssw5c','2022-03-01 00:00:00','2022-03-01 00:00:00',NULL),(3,3,'Maria Monteiro','mmonteiro@email.com','eyJhbGciOiJIUzI1NiIsInR5cCI6IkpXVCJ9.eyJzdWIiOiIxMjM0NTY3ODkwIiwibmFtZSI6IkpvaG4gRG9lIiwiaWF0IjoxNTE2MjM5MDIyfQ.SflKxwRJSMeKKF2QT4fwpMeJf36POk6yJV_adQssw5c','2022-03-01 00:00:00','2022-03-01 00:00:00',NULL),(4,3,'Rui Carvalho','rcarvalho@email.com','eyJhbGciOiJIUzI1NiIsInR5cCI6IkpXVCJ9.eyJzdWIiOiIxMjM0NTY3ODkwIiwibmFtZSI6IkpvaG4gRG9lIiwiaWF0IjoxNTE2MjM5MDIyfQ.SflKxwRJSMeKKF2QT4fwpMeJf36POk6yJV_adQssw5c','2022-03-01 00:00:00','2022-03-01 00:00:00',NULL),(5,3,'José Barbosa','jbarbosa@email.com','eyJhbGciOiJIUzI1NiIsInR5cCI6IkpXVCJ9.eyJzdWIiOiIxMjM0NTY3ODkwIiwibmFtZSI6IkpvaG4gRG9lIiwiaWF0IjoxNTE2MjM5MDIyfQ.SflKxwRJSMeKKF2QT4fwpMeJf36POk6yJV_adQssw5c','2022-03-01 00:00:00','2022-03-01 00:00:00',NULL),(6,4,'Paulo Paulista','psp@email.com','eyJhbGciOiJIUzI1NiIsInR5cCI6IkpXVCJ9.eyJzdWIiOiIxMjM0NTY3ODkwIiwibmFtZSI6IkpvaG4gRG9lIiwiaWF0IjoxNTE2MjM5MDIyfQ.SflKxwRJSMeKKF2QT4fwpMeJf36POk6yJV_adQssw5c','2022-03-01 00:00:00','2022-03-01 00:00:00',NULL),(7,5,'Pizzi Pizzidane','pizzidane@email.com','eyJhbGciOiJIUzI1NiIsInR5cCI6IkpXVCJ9.eyJzdWIiOiIxMjM0NTY3ODkwIiwibmFtZSI6IkpvaG4gRG9lIiwiaWF0IjoxNTE2MjM5MDIyfQ.SflKxwRJSMeKKF2QT4fwpMeJf36POk6yJV_adQssw5c','2022-03-01 00:00:00','2022-03-01 00:00:00',NULL),(8,6,'Big Darwin','bdarwin@email.com','eyJhbGciOiJIUzI1NiIsInR5cCI6IkpXVCJ9.eyJzdWIiOiIxMjM0NTY3ODkwIiwibmFtZSI6IkpvaG4gRG9lIiwiaWF0IjoxNTE2MjM5MDIyfQ.SflKxwRJSMeKKF2QT4fwpMeJf36POk6yJV_adQssw5c','2022-03-01 00:00:00','2022-03-01 00:00:00',NULL),(9,7,'José Lopes','jlopes@email.com','eyJhbGciOiJIUzI1NiIsInR5cCI6IkpXVCJ9.eyJzdWIiOiIxMjM0NTY3ODkwIiwibmFtZSI6IkpvaG4gRG9lIiwiaWF0IjoxNTE2MjM5MDIyfQ.SflKxwRJSMeKKF2QT4fwpMeJf36POk6yJV_adQssw5c','2022-03-01 00:00:00','2022-03-01 00:00:00',NULL),(10,8,'Hugo Silva','hsilva@email.com','eyJhbGciOiJIUzI1NiIsInR5cCI6IkpXVCJ9.eyJzdWIiOiIxMjM0NTY3ODkwIiwibmFtZSI6IkpvaG4gRG9lIiwiaWF0IjoxNTE2MjM5MDIyfQ.SflKxwRJSMeKKF2QT4fwpMeJf36POk6yJV_adQssw5c','2022-03-01 00:00:00','2022-03-01 00:00:00',NULL),(11,9,'Jack Harlow','jharlow@email.com','eyJhbGciOiJIUzI1NiIsInR5cCI6IkpXVCJ9.eyJzdWIiOiIxMjM0NTY3ODkwIiwibmFtZSI6IkpvaG4gRG9lIiwiaWF0IjoxNTE2MjM5MDIyfQ.SflKxwRJSMeKKF2QT4fwpMeJf36POk6yJV_adQssw5c','2022-03-01 00:00:00','2022-03-01 00:00:00',NULL),(12,9,'Marshall Mathers','mm@email.com','eyJhbGciOiJIUzI1NiIsInR5cCI6IkpXVCJ9.eyJzdWIiOiIxMjM0NTY3ODkwIiwibmFtZSI6IkpvaG4gRG9lIiwiaWF0IjoxNTE2MjM5MDIyfQ.SflKxwRJSMeKKF2QT4fwpMeJf36POk6yJV_adQssw5c','2022-03-01 00:00:00','2022-03-01 00:00:00',NULL),(13,9,'Terrence LeVarr Thornton','tlt@email.com','eyJhbGciOiJIUzI1NiIsInR5cCI6IkpXVCJ9.eyJzdWIiOiIxMjM0NTY3ODkwIiwibmFtZSI6IkpvaG4gRG9lIiwiaWF0IjoxNTE2MjM5MDIyfQ.SflKxwRJSMeKKF2QT4fwpMeJf36POk6yJV_adQssw5c','2022-03-01 00:00:00','2022-03-01 00:00:00',NULL),(14,10,'Ye','ye@email.com','eyJhbGciOiJIUzI1NiIsInR5cCI6IkpXVCJ9.eyJzdWIiOiIxMjM0NTY3ODkwIiwibmFtZSI6IkpvaG4gRG9lIiwiaWF0IjoxNTE2MjM5MDIyfQ.SflKxwRJSMeKKF2QT4fwpMeJf36POk6yJV_adQssw5c','2022-03-01 00:00:00','2022-03-01 00:00:00',NULL);
/*!40000 ALTER TABLE `staff` ENABLE KEYS */;
UNLOCK TABLES;

--
-- Table structure for table `tipos_media`
--

DROP TABLE IF EXISTS `tipos_media`;
/*!40101 SET @saved_cs_client     = @@character_set_client */;
/*!50503 SET character_set_client = utf8mb4 */;
CREATE TABLE `tipos_media` (
  `id` int NOT NULL AUTO_INCREMENT,
  `descricao` text NOT NULL,
  `created_at` timestamp NULL DEFAULT CURRENT_TIMESTAMP,
  `updated_at` timestamp NULL DEFAULT CURRENT_TIMESTAMP ON UPDATE CURRENT_TIMESTAMP,
  `deleted_at` timestamp NULL DEFAULT NULL,
  PRIMARY KEY (`id`)
) ENGINE=InnoDB AUTO_INCREMENT=4 DEFAULT CHARSET=utf8mb4 COLLATE=utf8mb4_0900_ai_ci;
/*!40101 SET character_set_client = @saved_cs_client */;

--
-- Dumping data for table `tipos_media`
--

LOCK TABLES `tipos_media` WRITE;
/*!40000 ALTER TABLE `tipos_media` DISABLE KEYS */;
INSERT INTO `tipos_media` VALUES (1,'Imagem','2020-01-01 00:00:00','2020-01-01 00:00:00',NULL),(2,'Video','2020-01-01 00:00:00','2020-01-01 00:00:00',NULL),(3,'Gif','2020-01-01 00:00:00','2020-01-01 00:00:00',NULL);
/*!40000 ALTER TABLE `tipos_media` ENABLE KEYS */;
UNLOCK TABLES;

--
-- Dumping events for database 'semanariov3'
--

--
-- Dumping routines for database 'semanariov3'
--
/*!40103 SET TIME_ZONE=@OLD_TIME_ZONE */;

/*!40101 SET SQL_MODE=@OLD_SQL_MODE */;
/*!40014 SET FOREIGN_KEY_CHECKS=@OLD_FOREIGN_KEY_CHECKS */;
/*!40014 SET UNIQUE_CHECKS=@OLD_UNIQUE_CHECKS */;
/*!40101 SET CHARACTER_SET_CLIENT=@OLD_CHARACTER_SET_CLIENT */;
/*!40101 SET CHARACTER_SET_RESULTS=@OLD_CHARACTER_SET_RESULTS */;
/*!40101 SET COLLATION_CONNECTION=@OLD_COLLATION_CONNECTION */;
/*!40111 SET SQL_NOTES=@OLD_SQL_NOTES */;

-- Dump completed on 2022-05-15 15:52:21
